trace,reps,level,rho_target,k,metric,policy,wait,gain,gain_lo,gain_hi,red_pct,red_lo,red_hi,fcfs,sjf
primary,"0,1,2,3,4",0,0.5,7.8,p99dl,FCFS,27.64457209587104,0.0,0.0,0.0,0.0,0.0,0.0,27.64457209587104,10.587548668384589
primary,"0,1,2,3,4",0,0.5,7.8,p99dl,SJF-ref,10.587548668384589,1.0,1.0,1.0,61.95517310582242,58.747167900185886,66.3615678673505,27.64457209587104,10.587548668384589
primary,"0,1,2,3,4",0,0.5,7.8,p99dl,SPJF-M4,14.727770876139449,0.7528488667222545,0.721324028075664,0.7761070372429358,46.64074299874348,43.937031525076826,49.927773837356845,27.64457209587104,10.587548668384589
primary,"0,1,2,3,4",0,0.5,7.8,p99dl,SPJF-M4refit,14.723947255760493,0.7533956899209809,0.72169304898799,0.7759815576016349,46.676120705075924,43.96211789790886,49.984215227746525,27.64457209587104,10.587548668384589
primary,"0,1,2,3,4",0,0.5,7.8,p99dl,SPJF-tweedie,14.725104676485111,0.7515004250616844,0.7229423045631915,0.7753327475054452,46.549775644246466,43.73909546430128,49.920130831566595,27.64457209587104,10.587548668384589
primary,"0,1,2,3,4",0,0.5,7.8,p99dl,SPJF-tweedie_itr,14.68564381316315,0.7536165163570672,0.7236249947302611,0.7757784535623642,46.68212937119794,43.80651119909056,49.96697692968844,27.64457209587104,10.587548668384589
primary,"0,1,2,3,4",0,0.5,7.8,p99dl,SPJF-r1s,14.873575423248212,0.7411285192756802,0.7067272382364179,0.7667774855460551,45.901619708689836,43.21982087525844,48.84242295685714,27.64457209587104,10.587548668384589
primary,"0,1,2,3,4",0,0.5,7.8,p99dl,FIX-G300,15.30783447220928,0.7203554989807491,0.6944737562385838,0.7387451186925134,44.62689332204961,41.70780398765678,48.05851999478978,27.64457209587104,10.587548668384589
primary,"0,1,2,3,4",0,0.5,7.8,p99dl,FIXSEL-G300,17.47662665337327,0.6003090132920195,0.5565064527655365,0.6313924985646968,37.21155697388526,33.984049467691825,40.52705464839293,27.64457209587104,10.587548668384589
primary,"0,1,2,3,4",0,0.5,7.8,p99dl,CAP-G300,16.00868074089292,0.680001415756095,0.64975400711983,0.7029680545404552,42.132209889774956,39.45753071946229,45.40873306819731,27.64457209587104,10.587548668384589
primary,"0,1,2,3,4",0,0.5,7.8,p99dl,SKIP-G300,26.386261256337285,0.07758675169348758,0.05131192192553255,0.10632793157015108,4.817322626845968,3.1717296000075383,6.85548558065632,27.64457209587104,10.587548668384589
primary,"0,1,2,3,4",0,0.5,7.8,p99dl,SKIPC-G300,26.624007782638177,0.06284802574038305,0.03880690977058461,0.0850757149786965,3.900392606324133,2.4090244298066166,5.483519619833658,27.64457209587104,10.587548668384589
primary,"0,1,2,3,4",0,0.5,7.8,p99dl,FIX-G600,14.958311489671527,0.7398853821459264,0.7134486855327417,0.7611555915545563,45.835032316089226,42.99333908728793,49.30011908975975,27.64457209587104,10.587548668384589
primary,"0,1,2,3,4",0,0.5,7.8,p99dl,FIXSEL-G600,15.249553237408502,0.7233492480378099,0.6980088164297867,0.7422151414850432,44.811620582379526,41.95537640204252,48.260788585642395,27.64457209587104,10.587548668384589
primary,"0,1,2,3,4",0,0.5,7.8,p99dl,CAP-G600,14.979922418743417,0.739203276752798,0.7123155372153481,0.7591412147192572,45.79519606341463,42.96114749628302,49.25009434619361,27.64457209587104,10.587548668384589
primary,"0,1,2,3,4",0,0.5,7.8,p99dl,SKIP-G600,24.642304854989113,0.18422676921983117,0.13526631162604164,0.2322357022909543,11.452094005257322,8.393695227291657,14.91687486394767,27.64457209587104,10.587548668384589
primary,"0,1,2,3,4",0,0.5,7.8,p99dl,SKIPC-G600,24.845925693512054,0.17157586648370396,0.12493494064679347,0.21728188250502997,10.664323105607739,7.807372812663674,14.014164242833024,27.64457209587104,10.587548668384589
primary,"0,1,2,3,4",0,0.5,7.8,p99dl,FIX-G1200,14.75413819596175,0.7501928123579372,0.7224282086088171,0.7738106462067503,46.46945861661264,43.645467198182956,49.870689518424584,27.64457209587104,10.587548668384589
primary,"0,1,2,3,4",0,0.5,7.8,p99dl,FIXSEL-G1200,15.249553237408502,0.7233492480378099,0.6980088164297867,0.7422151414850432,44.811620582379526,41.95537640204252,48.260788585642395,27.64457209587104,10.587548668384589
primary,"0,1,2,3,4",0,0.5,7.8,p99dl,CAP-G1200,14.75027109906082,0.7504474038011143,0.7226169904711397,0.773987093772186,46.48596520043808,43.67532216938744,49.90346484839331,27.64457209587104,10.587548668384589
primary,"0,1,2,3,4",0,0.5,7.8,p99dl,SKIP-G1200,21.62572201192389,0.3659792713196558,0.2863320613955353,0.4320059908271601,22.71973039557576,17.41793478365973,27.982687198282072,27.64457209587104,10.587548668384589
primary,"0,1,2,3,4",0,0.5,7.8,p99dl,SKIPC-G1200,21.776457013934913,0.35680757961606424,0.2787296044512126,0.42419689849767794,22.151870134269167,16.9831583024141,27.38994953824517,27.64457209587104,10.587548668384589
primary,"0,1,2,3,4",0,0.5,7.8,p99dl,SPJF-reversed,42.722979891747435,-0.8623201550532208,-1.0382032421870688,-0.6398534742244859,-53.34139522861146,-62.955166419860255,-41.102863256128344,27.64457209587104,10.587548668384589
primary,"0,1,2,3,4",0,0.5,7.8,p99dl,CAP-G600-reversed,43.39050572365532,-0.8984156139795061,-1.075481780734419,-0.6754948818762355,-55.57146746803751,-65.64482712338096,-43.019991295712984,27.64457209587104,10.587548668384589
primary,"0,1,2,3,4",0,0.5,7.8,p99dl,SPJF-random,16.821821625381844,0.638543281570505,0.5879920952092681,0.703120875390111,39.58564992728272,35.117089435883905,46.19351741524183,27.64457209587104,10.587548668384589
primary,"0,1,2,3,4",0,0.5,7.8,p99dl,CAP-G600-random,17.1230682587624,0.6221023267417557,0.5680556938093252,0.6894067090900581,38.56917919208694,33.99987111709122,45.373380005654745,27.64457209587104,10.587548668384589
primary,"0,1,2,3,4",0,0.5,7.8,p99dl,SPJF-top1short,38.256118357479764,-0.5975227815431943,-0.7684600279630401,-0.3719274434831329,-36.954090306926496,-46.17820557588914,-24.182236315105786,27.64457209587104,10.587548668384589
primary,"0,1,2,3,4",0,0.5,7.8,p99dl,CAP-G600-top1short,38.73741673603668,-0.6241704520918446,-0.8051094568635838,-0.39580553891734493,-38.60765334454701,-48.47885979924017,-25.632879093327617,27.64457209587104,10.587548668384589
primary,"0,1,2,3,4",0,0.5,7.8,mean,FCFS,0.718913425317915,0.0,0.0,0.0,0.0,0.0,0.0,0.718913425317915,0.22814776619702135
primary,"0,1,2,3,4",0,0.5,7.8,mean,SJF-ref,0.22814776619702135,1.0,1.0,1.0,68.3830448516218,62.264742252059285,71.79885425262529,0.718913425317915,0.22814776619702135
primary,"0,1,2,3,4",0,0.5,7.8,mean,SPJF-M4,0.29508347505108284,0.8652440851543007,0.7958063100896474,0.8954616260882704,59.17743648591286,50.199447997390784,64.09330615347181,0.718913425317915,0.22814776619702135
primary,"0,1,2,3,4",0,0.5,7.8,mean,SPJF-M4refit,0.295380416446663,0.8647390427028718,0.79552344585258,0.8943889102307236,59.14323530476598,50.20227976082225,64.04011665870466,0.718913425317915,0.22814776619702135
primary,"0,1,2,3,4",0,0.5,7.8,mean,SPJF-tweedie,0.2922781765343986,0.8705374234981601,0.8049814673460008,0.8987765760843394,59.53830392649836,50.754803323760434,64.3857314640529,0.718913425317915,0.22814776619702135
primary,"0,1,2,3,4",0,0.5,7.8,mean,SPJF-tweedie_itr,0.2912634040102638,0.8722058790099861,0.8073913860541718,0.9007039543793053,59.65229690076423,50.86123611290431,64.49681181729396,0.718913425317915,0.22814776619702135
primary,"0,1,2,3,4",0,0.5,7.8,mean,SPJF-r1s,0.2901307666525197,0.8741050969336313,0.8161505513660057,0.9001731813823561,59.78110091227546,51.31993104132459,64.46954262961516,0.718913425317915,0.22814776619702135
primary,"0,1,2,3,4",0,0.5,7.8,mean,FIX-G300,0.3480765900903765,0.7583260106350334,0.7256798553143019,0.7815572662850039,51.864621205074954,46.14981692309274,54.899660659702725,0.718913425317915,0.22814776619702135
primary,"0,1,2,3,4",0,0.5,7.8,mean,FIXSEL-G300,0.44670709952658544,0.5572222017251627,0.5289093735206525,0.6070784269869762,38.10774935565216,35.485005110475555,39.66180473722524,0.718913425317915,0.22814776619702135
primary,"0,1,2,3,4",0,0.5,7.8,mean,CAP-G300,0.34714464805068673,0.7613296297969951,0.726965142730941,0.7855280297077198,52.08033255724397,46.198478242696595,55.307963517104774,0.718913425317915,0.22814776619702135
primary,"0,1,2,3,4",0,0.5,7.8,mean,SKIP-G300,0.6688248174964257,0.10338875958682389,0.08554905500126431,0.13635300204242995,7.070094501483976,6.067698178588733,8.537127981056408,0.718913425317915,0.22814776619702135
primary,"0,1,2,3,4",0,0.5,7.8,mean,SKIPC-G300,0.6779291377913952,0.08461185842121319,0.06974093662203215,0.11228365276021926,5.785896252850833,4.950519875335273,7.0193565924048915,0.718913425317915,0.22814776619702135
primary,"0,1,2,3,4",0,0.5,7.8,mean,FIX-G600,0.3092691519984564,0.8377636490104725,0.7865480807442514,0.8623482284475084,57.296849994460516,49.60613080273074,61.44711907353258,0.718913425317915,0.22814776619702135
primary,"0,1,2,3,4",0,0.5,7.8,mean,FIXSEL-G600,0.3423776696201412,0.7699607915857272,0.7368340370613298,0.7930266494674478,52.66082939710304,46.72320648674509,55.95098447379332,0.718913425317915,0.22814776619702135
primary,"0,1,2,3,4",0,0.5,7.8,mean,CAP-G600,0.3114308709779553,0.8324333187165325,0.7831924170087403,0.8561286522723298,56.93164884196432,49.55402905284176,60.9835778078247,0.718913425317915,0.22814776619702135
primary,"0,1,2,3,4",0,0.5,7.8,mean,SKIP-G600,0.6237047025638589,0.19576878896777977,0.16446830836054788,0.2529451078560365,13.387779130193405,11.700237564264517,15.690033278813884,0.718913425317915,0.22814776619702135
primary,"0,1,2,3,4",0,0.5,7.8,mean,SKIPC-G600,0.6288491236110609,0.18526178058855192,0.15522775060389432,0.24044243512602484,12.669127200856082,11.041223057316017,14.879469928214908,0.718913425317915,0.22814776619702135
primary,"0,1,2,3,4",0,0.5,7.8,mean,FIX-G1200,0.2932026881830628,0.8690331794631151,0.803562855186245,0.8975583032112883,59.43581311245647,50.61346842138749,64.27090315178322,0.718913425317915,0.22814776619702135
primary,"0,1,2,3,4",0,0.5,7.8,mean,FIXSEL-G1200,0.3423776696201412,0.7699607915857272,0.7368340370613298,0.7930266494674478,52.66082939710304,46.72320648674509,55.95098447379332,0.718913425317915,0.22814776619702135
primary,"0,1,2,3,4",0,0.5,7.8,mean,CAP-G1200,0.29301743449090284,0.8693341579284404,0.8038988280545567,0.8978842236228899,59.45653901749896,50.670213490766805,64.31226064063794,0.718913425317915,0.22814776619702135
primary,"0,1,2,3,4",0,0.5,7.8,mean,SKIP-G1200,0.5707586126364182,0.3035190818136936,0.26054523064733176,0.3831525016888902,20.755314830068112,18.465903543188997,23.787229078432897,0.718913425317915,0.22814776619702135
primary,"0,1,2,3,4",0,0.5,7.8,mean,SKIPC-G1200,0.5734227007903588,0.29810513712842085,0.2555791627073363,0.3769356603078626,20.385082272271767,18.114597318943243,23.404051825993093,0.718913425317915,0.22814776619702135
primary,"0,1,2,3,4",0,0.5,7.8,mean,SPJF-reversed,1.3340368535818727,-1.2562479730324185,-1.3636354295874413,-1.1871603770053458,-85.94090568554864,-90.64429007970475,-77.90031145840415,0.718913425317915,0.22814776619702135
primary,"0,1,2,3,4",0,0.5,7.8,mean,CAP-G600-reversed,1.2729093811959469,-1.1344182567384888,-1.249023648610618,-1.0722360636781498,-77.6061217772835,-81.96825312645035,-71.48211867129395,0.718913425317915,0.22814776619702135
primary,"0,1,2,3,4",0,0.5,7.8,mean,SPJF-random,0.5172183740630972,0.4145228229380985,0.38067655054148697,0.4390528474635461,28.354574536891448,24.489916790918524,30.400700936093255,0.718913425317915,0.22814776619702135
primary,"0,1,2,3,4",0,0.5,7.8,mean,CAP-G600-random,0.5380422539229412,0.37286129408056135,0.3474989340982814,0.40483234457775813,25.50256406054747,22.720094207882124,27.171918119892297,0.718913425317915,0.22814776619702135
primary,"0,1,2,3,4",0,0.5,7.8,mean,SPJF-top1short,1.136631097516938,-0.8566565339533243,-0.9069803323242013,-0.7924596194772121,-58.62620993064545,-62.93336448215294,-51.150483342474566,0.718913425317915,0.22814776619702135
primary,"0,1,2,3,4",0,0.5,7.8,mean,CAP-G600-top1short,1.1120098688729356,-0.8072767800434641,-0.8587875337723494,-0.7561910708521731,-55.24291273435298,-58.816360929707756,-49.05215092999844,0.718913425317915,0.22814776619702135
primary,"0,1,2,3,4",1,0.8,5.0,p99dl,FCFS,119.35185892388252,0.0,0.0,0.0,0.0,0.0,0.0,119.35185892388252,33.552583387047086
primary,"0,1,2,3,4",1,0.8,5.0,p99dl,SJF-ref,33.552583387047086,1.0,1.0,1.0,71.77488851831069,66.98128540157963,75.05555531929286,119.35185892388252,33.552583387047086
primary,"0,1,2,3,4",1,0.8,5.0,p99dl,SPJF-M4,44.39447505906233,0.8728131601236118,0.8508763041860739,0.8865171235824466,62.661520199675486,57.414155643315176,66.21293247313558,119.35185892388252,33.552583387047086
primary,"0,1,2,3,4",1,0.8,5.0,p99dl,SPJF-M4refit,44.40678300067808,0.8726476427537708,0.8507545858879706,0.8864443606316673,62.65018845455883,57.38403805360452,66.18852566579166,119.35185892388252,33.552583387047086
primary,"0,1,2,3,4",1,0.8,5.0,p99dl,SPJF-tweedie,43.38931273520004,0.8846750091248878,0.861981667774171,0.8984638268455045,63.511167782216276,58.04359357062159,67.29817474433291,119.35185892388252,33.552583387047086
primary,"0,1,2,3,4",1,0.8,5.0,p99dl,SPJF-tweedie_itr,43.43895592689533,0.884221104402728,0.8612128615235101,0.8976130387794901,63.47644999645829,57.91864904396811,67.20875497254625,119.35185892388252,33.552583387047086
primary,"0,1,2,3,4",1,0.8,5.0,p99dl,SPJF-r1s,42.82420189231649,0.8913536942472206,0.870046020174409,0.903810591451507,63.98808573972067,58.503053507272895,67.73945451939503,119.35185892388252,33.552583387047086
primary,"0,1,2,3,4",1,0.8,5.0,p99dl,FIX-G300,53.97091666623959,0.7613722422467205,0.719809305787471,0.7837941178695216,54.660387563109985,50.789177864682,56.49665311173085,119.35185892388252,33.552583387047086
primary,"0,1,2,3,4",1,0.8,5.0,p99dl,FIXSEL-G300,92.280927266777,0.31482693885728724,0.20436129375785564,0.46261772376120475,22.600432090673372,15.091068431184747,31.262030895394787,119.35185892388252,33.552583387047086
primary,"0,1,2,3,4",1,0.8,5.0,p99dl,CAP-G300,56.76448271963757,0.7280924753569413,0.6872148853396491,0.7496438843348533,52.28519852836356,48.32311530163804,54.18144964594505,119.35185892388252,33.552583387047086
primary,"0,1,2,3,4",1,0.8,5.0,p99dl,SKIP-G300,119.20588558301354,0.0018889136984788387,-0.0014751221397333056,0.009357422475396074,0.13196001951163797,-0.10852466030232184,0.620663934572779,119.35185892388252,33.552583387047086
primary,"0,1,2,3,4",1,0.8,5.0,p99dl,SKIPC-G300,119.14882075857415,0.0025304331521945334,-0.0010885262651754758,0.00780169514845339,0.17823780626726443,-0.08484205048973648,0.5300511631819171,119.35185892388252,33.552583387047086
primary,"0,1,2,3,4",1,0.8,5.0,p99dl,FIX-G600,47.0459130358697,0.8418214321286814,0.8236075586418168,0.8535110868873742,60.43936571587839,55.58822095652594,63.581298230199096,119.35185892388252,33.552583387047086
primary,"0,1,2,3,4",1,0.8,5.0,p99dl,FIXSEL-G600,53.58777765855224,0.7659585515825478,0.7260647709478723,0.7879197575029937,54.9877905942536,51.07407146526227,56.909682987597996,119.35185892388252,33.552583387047086
primary,"0,1,2,3,4",1,0.8,5.0,p99dl,CAP-G600,47.43787029907114,0.8371313123365904,0.815477321869613,0.8516021071336434,60.10523046750891,55.135427154982224,63.22569419287741,119.35185892388252,33.552583387047086
primary,"0,1,2,3,4",1,0.8,5.0,p99dl,SKIP-G600,118.66466371178653,0.008205193858935199,-0.0016764062393447754,0.025990688324213963,0.5851867253502744,-0.13278789057750467,1.762467358948441,119.35185892388252,33.552583387047086
primary,"0,1,2,3,4",1,0.8,5.0,p99dl,SKIPC-G600,118.67390530005119,0.00806108085286332,-0.0018382324218739804,0.023949419196364678,0.5754258106890753,-0.14165859721534202,1.6429849862453652,119.35185892388252,33.552583387047086
primary,"0,1,2,3,4",1,0.8,5.0,p99dl,FIX-G1200,45.38594195887457,0.861297280063261,0.8419675522968838,0.872934879476611,61.834849959293045,56.72999076387419,65.20712597331779,119.35185892388252,33.552583387047086
primary,"0,1,2,3,4",1,0.8,5.0,p99dl,FIXSEL-G1200,53.58777765855224,0.7659585515825478,0.7260647709478723,0.7879197575029937,54.9877905942536,51.07407146526227,56.909682987597996,119.35185892388252,33.552583387047086
primary,"0,1,2,3,4",1,0.8,5.0,p99dl,CAP-G1200,45.36074616670619,0.8616314023263264,0.841625416182867,0.8734134752166405,61.85799879362236,56.757462433358825,65.20832797081867,119.35185892388252,33.552583387047086
primary,"0,1,2,3,4",1,0.8,5.0,p99dl,SKIP-G1200,117.45496340714422,0.02253628011908217,0.003864337111400618,0.07391616562924538,1.6101963460656137,0.25780085503621597,4.956863093728744,119.35185892388252,33.552583387047086
primary,"0,1,2,3,4",1,0.8,5.0,p99dl,SKIPC-G1200,117.52364528507034,0.021719614691505414,0.003384910748091827,0.07107453824935513,1.5516685666653234,0.23175228768894296,4.728679369805483,119.35185892388252,33.552583387047086
primary,"0,1,2,3,4",1,0.8,5.0,p99dl,SPJF-reversed,228.11701122015734,-1.2771684866921569,-1.4058654659487537,-1.1618325843017445,-91.48656671776402,-101.42704667311303,-80.57334625699005,119.35185892388252,33.552583387047086
primary,"0,1,2,3,4",1,0.8,5.0,p99dl,CAP-G600-reversed,232.40964169070162,-1.3281494078772251,-1.4320430852973112,-1.2379210200461235,-95.13995240522726,-101.07819991773702,-87.44385235157172,119.35185892388252,33.552583387047086
primary,"0,1,2,3,4",1,0.8,5.0,p99dl,SPJF-random,78.51716496482531,0.473689335041694,0.410374472694568,0.5423956752778494,34.03898899342043,29.429367407214286,38.02427238915309,119.35185892388252,33.552583387047086
primary,"0,1,2,3,4",1,0.8,5.0,p99dl,CAP-G600-random,88.3913394597177,0.35834714776853416,0.2651587392015798,0.4587394692514717,25.762066406005424,19.494295707944335,31.6111827370579,119.35185892388252,33.552583387047086
primary,"0,1,2,3,4",1,0.8,5.0,p99dl,SPJF-top1short,212.5547506447143,-1.0975114738158291,-1.1959033398934733,-0.9570773378117988,-78.5563239297236,-85.54044976172952,-66.69425081936761,119.35185892388252,33.552583387047086
primary,"0,1,2,3,4",1,0.8,5.0,p99dl,CAP-G600-top1short,222.58320296399364,-1.213586447522235,-1.3108912571381275,-1.0851637720032468,-86.91933990947032,-92.75279424500606,-75.7169555359697,119.35185892388252,33.552583387047086
primary,"0,1,2,3,4",1,0.8,5.0,mean,FCFS,4.160141228293902,0.0,0.0,0.0,0.0,0.0,0.0,4.160141228293902,0.9588075263635462
primary,"0,1,2,3,4",1,0.8,5.0,mean,SJF-ref,0.9588075263635462,1.0,1.0,1.0,76.93865922255603,72.19322834011574,79.63190297436188,4.160141228293902,0.9588075263635462
primary,"0,1,2,3,4",1,0.8,5.0,mean,SPJF-M4,1.2507146498701185,0.9086714141899822,0.875479868831781,0.9255112993966901,69.91639629300761,63.31713256065243,73.54327270146278,4.160141228293902,0.9588075263635462
primary,"0,1,2,3,4",1,0.8,5.0,mean,SPJF-M4refit,1.250915058865387,0.9086058043781644,0.8752539784336645,0.9254190773810764,69.91145084014804,63.300111495815415,73.54238510802722,4.160141228293902,0.9588075263635462
primary,"0,1,2,3,4",1,0.8,5.0,mean,SPJF-tweedie,1.2297177248600337,0.9152527093477912,0.8840954979166578,0.9309422742204254,70.42193988895862,63.951246200300396,73.976323510843,4.160141228293902,0.9588075263635462
primary,"0,1,2,3,4",1,0.8,5.0,mean,SPJF-tweedie_itr,1.2316754569705757,0.914623305573679,0.8834426585781602,0.9298399106493179,70.37402412208701,63.87609058033479,73.91007524208159,4.160141228293902,0.9588075263635462
primary,"0,1,2,3,4",1,0.8,5.0,mean,SPJF-r1s,1.2301993226415122,0.9150962431857778,0.889021618829891,0.9286030652317243,70.41027521614981,64.33861427624646,73.84157863657457,4.160141228293902,0.9588075263635462
primary,"0,1,2,3,4",1,0.8,5.0,mean,FIX-G300,2.0547423555257547,0.6577812089229425,0.6257933806154242,0.7113944155738022,50.60753052431576,48.74581738084954,52.56090470258958,4.160141228293902,0.9588075263635462
primary,"0,1,2,3,4",1,0.8,5.0,mean,FIXSEL-G300,2.8672501973937603,0.40425922473936593,0.36446311853109437,0.46480083900084196,31.093241924018873,28.765576835328577,33.92101600800445,4.160141228293902,0.9588075263635462
primary,"0,1,2,3,4",1,0.8,5.0,mean,CAP-G300,2.088955579950532,0.6470785083278934,0.6161780477626297,0.6986836790937826,49.78606882385957,47.809659440904895,51.599029690515145,4.160141228293902,0.9588075263635462
primary,"0,1,2,3,4",1,0.8,5.0,mean,SKIP-G300,4.011972969036596,0.04634555503331918,0.03847465303390969,0.05921818274589067,3.5640211641165798,3.0502084151948803,4.283379918315275,4.160141228293902,0.9588075263635462
primary,"0,1,2,3,4",1,0.8,5.0,mean,SKIPC-G300,4.0380193937730935,0.03819939063508259,0.03159691976266797,0.04898450802230699,2.9375359769833738,2.510613408832701,3.5385639541126985,4.160141228293902,0.9588075263635462
primary,"0,1,2,3,4",1,0.8,5.0,mean,FIX-G600,1.5393082931481783,0.8186898915773281,0.8029119628519178,0.8364602232806332,62.99047669983842,58.94947408294641,65.09468495639544,4.160141228293902,0.9588075263635462
primary,"0,1,2,3,4",1,0.8,5.0,mean,FIXSEL-G600,2.0302191506766727,0.6654040902088517,0.6352419613211563,0.7167744319675404,51.19497776645437,49.32446898635342,53.04691336903699,4.160141228293902,0.9588075263635462
primary,"0,1,2,3,4",1,0.8,5.0,mean,CAP-G600,1.5248476623588139,0.8231340535130267,0.8053442253414886,0.8396054072198641,63.33366990554299,58.99932186872894,65.67848260795505,4.160141228293902,0.9588075263635462
primary,"0,1,2,3,4",1,0.8,5.0,mean,SKIP-G600,3.84685469378456,0.0979900103904091,0.08259314564786259,0.12282697778353859,7.535676259326207,6.552776352221501,8.892114218411153,4.160141228293902,0.9588075263635462
primary,"0,1,2,3,4",1,0.8,5.0,mean,SKIPC-G600,3.8659110504388865,0.09203189082889571,0.07747323399934118,0.1155466619125823,7.077428117094321,6.141790138362097,8.368749068473383,4.160141228293902,0.9588075263635462
primary,"0,1,2,3,4",1,0.8,5.0,mean,FIX-G1200,1.3870010681745417,0.8661497280574924,0.8452974511091994,0.8802068745347337,66.64359973231171,61.60322299763095,69.46710061334899,4.160141228293902,0.9588075263635462
primary,"0,1,2,3,4",1,0.8,5.0,mean,FIXSEL-G1200,2.0302191506766727,0.6654040902088517,0.6352419613211563,0.7167744319675404,51.19497776645437,49.32446898635342,53.04691336903699,4.160141228293902,0.9588075263635462
primary,"0,1,2,3,4",1,0.8,5.0,mean,CAP-G1200,1.3732067018420504,0.8705080138290949,0.8493523529906273,0.8837318274984093,66.97718556298481,61.89245544094958,69.76817394906332,4.160141228293902,0.9588075263635462
primary,"0,1,2,3,4",1,0.8,5.0,mean,SKIP-G1200,3.607545561427706,0.17283417783504387,0.14755794061269392,0.21274191193705835,13.291709135524059,11.682876038012699,15.44715655654943,4.160141228293902,0.9588075263635462
primary,"0,1,2,3,4",1,0.8,5.0,mean,SKIPC-G1200,3.6197714457265335,0.16901095941250371,0.1441754242400471,0.20811430496027958,12.997689282132933,11.417832712907005,15.121708271143424,4.160141228293902,0.9588075263635462
primary,"0,1,2,3,4",1,0.8,5.0,mean,SPJF-reversed,7.739285044911578,-1.1181931383574306,-1.2352184134765924,-1.0431965157500513,-86.03565590038596,-92.05254264536588,-80.86508355911133,4.160141228293902,0.9588075263635462
primary,"0,1,2,3,4",1,0.8,5.0,mean,CAP-G600-reversed,7.055689899534199,-0.9047717615669779,-1.0090017574701033,-0.8412187216508045,-69.60781387546596,-74.25592536470471,-66.02336319232906,4.160141228293902,0.9588075263635462
primary,"0,1,2,3,4",1,0.8,5.0,mean,SPJF-random,2.8723608599599166,0.4022734501924563,0.38157429652067004,0.41355974562912523,30.94835948599093,27.965347915349913,32.58817704459524,4.160141228293902,0.9588075263635462
primary,"0,1,2,3,4",1,0.8,5.0,mean,CAP-G600-random,3.271916719703705,0.2777344956199347,0.26020947723208937,0.30720775904933084,21.359056775372046,20.242217462130707,22.522079652012387,4.160141228293902,0.9588075263635462
primary,"0,1,2,3,4",1,0.8,5.0,mean,SPJF-top1short,6.513800891215416,-0.735291145100198,-0.827622196823471,-0.6754054426499609,-56.57480504561486,-61.69399940138413,-52.372303094116475,4.160141228293902,0.9588075263635462
primary,"0,1,2,3,4",1,0.8,5.0,mean,CAP-G600-top1short,6.249042709029058,-0.6525764870808348,-0.731779604378181,-0.6051809689292578,-50.20956283461538,-54.01782345969416,-47.21555179577022,4.160141228293902,0.9588075263635462
primary,"0,1,2,3,4",2,1.0,4.0,p99dl,FCFS,273.4973870696509,0.0,0.0,0.0,0.0,0.0,0.0,273.4973870696509,43.62918621748691
primary,"0,1,2,3,4",2,1.0,4.0,p99dl,SJF-ref,43.62918621748691,1.0,1.0,1.0,84.0146890760399,79.63688870033363,86.8301502202595,273.4973870696509,43.62918621748691
primary,"0,1,2,3,4",2,1.0,4.0,p99dl,SPJF-M4,67.28707011371876,0.896742446805334,0.8720737068559842,0.9133352844014703,75.34455316132384,70.19021660134877,78.54564249195396,273.4973870696509,43.62918621748691
primary,"0,1,2,3,4",2,1.0,4.0,p99dl,SPJF-M4refit,67.35510936126124,0.896442844643698,0.8713174596682386,0.9132301912437584,75.31945408606161,70.12505884203692,78.5300077619382,273.4973870696509,43.62918621748691
primary,"0,1,2,3,4",2,1.0,4.0,p99dl,SPJF-tweedie,62.91111044079092,0.9158820766619472,0.8914889377169091,0.9289090378319036,76.95108113155956,71.57005802664963,80.19265064648253,273.4973870696509,43.62918621748691
primary,"0,1,2,3,4",2,1.0,4.0,p99dl,SPJF-tweedie_itr,63.22927640244393,0.9145229256341055,0.8908982524145495,0.9276707019452808,76.83655034924968,71.46384423213884,80.08452739001123,273.4973870696509,43.62918621748691
primary,"0,1,2,3,4",2,1.0,4.0,p99dl,SPJF-r1s,62.71025308579233,0.9168000398511712,0.8951782193216173,0.9292787904009505,77.02786679129332,71.65050446458433,80.29462838811934,273.4973870696509,43.62918621748691
primary,"0,1,2,3,4",2,1.0,4.0,p99dl,FIX-G300,170.13809084102613,0.44955170041597936,0.3630342944093435,0.6180462739350476,37.77002376355664,30.90303972056977,49.92256535482389,273.4973870696509,43.62918621748691
primary,"0,1,2,3,4",2,1.0,4.0,p99dl,FIXSEL-G300,265.19237120062206,0.03632096531613857,-0.0028555521763636406,0.09261312441926113,3.0499286243348203,-0.25709102427622677,7.565813051959878,273.4973870696509,43.62918621748691
primary,"0,1,2,3,4",2,1.0,4.0,p99dl,CAP-G300,166.01973387077592,0.46697264420383905,0.37343485926337705,0.5927786304002455,39.240216393360996,32.03198157356114,47.74384715200354,273.4973870696509,43.62918621748691
primary,"0,1,2,3,4",2,1.0,4.0,p99dl,SKIP-G300,273.145440235549,0.0014472312989813332,-0.0012958768699537235,0.0029899444405048726,0.122641407396473,-0.10911026060691213,0.24636742493479138,273.4973870696509,43.62918621748691
primary,"0,1,2,3,4",2,1.0,4.0,p99dl,SKIPC-G300,273.2246805670869,0.0011187332235299895,-0.0011118233402881645,0.002437998676206882,0.09488031580909309,-0.09355635935977845,0.20365145106445384,273.4973870696509,43.62918621748691
primary,"0,1,2,3,4",2,1.0,4.0,p99dl,FIX-G600,86.6444722193485,0.8126279170581556,0.776532539845367,0.8508566077358098,68.27633250098472,64.7080032359756,70.62565015956359,273.4973870696509,43.62918621748691
primary,"0,1,2,3,4",2,1.0,4.0,p99dl,FIXSEL-G600,170.13809084102613,0.44955170041597936,0.3630342944093435,0.6180462739350476,37.77002376355664,30.90303972056977,49.92256535482389,273.4973870696509,43.62918621748691
primary,"0,1,2,3,4",2,1.0,4.0,p99dl,CAP-G600,89.60696423277301,0.7997175004802166,0.7636131663030309,0.8403695441832958,67.19230993858861,63.46384742280373,69.84207145434637,273.4973870696509,43.62918621748691
primary,"0,1,2,3,4",2,1.0,4.0,p99dl,SKIP-G600,272.93778113186437,0.0023598614033384256,-0.003595706723503994,0.006248931766827065,0.19905459546836882,-0.2921682219896949,0.5251516710179222,273.4973870696509,43.62918621748691
primary,"0,1,2,3,4",2,1.0,4.0,p99dl,SKIPC-G600,272.9089176884307,0.002477294411641965,-0.0032944624647545445,0.005947205141921614,0.209037701358279,-0.2748200354282549,0.4920060354732313,273.4973870696509,43.62918621748691
primary,"0,1,2,3,4",2,1.0,4.0,p99dl,FIX-G1200,73.06201884463448,0.8717923927438195,0.8463304473261117,0.8927687075598316,73.24632032592245,68.80847723822828,75.85760692505983,273.4973870696509,43.62918621748691
primary,"0,1,2,3,4",2,1.0,4.0,p99dl,FIXSEL-G1200,170.13809084102613,0.44955170041597936,0.3630342944093435,0.6180462739350476,37.77002376355664,30.90303972056977,49.92256535482389,273.4973870696509,43.62918621748691
primary,"0,1,2,3,4",2,1.0,4.0,p99dl,CAP-G1200,73.08294588133722,0.8716966998551264,0.8468042415314184,0.8929367845422312,73.23850804337823,68.81503893102375,75.9074840319487,273.4973870696509,43.62918621748691
primary,"0,1,2,3,4",2,1.0,4.0,p99dl,SKIP-G1200,273.06262844104424,0.001784458739037644,-0.008741336896900017,0.013149874170818886,0.15095858847303334,-0.7305314411852191,1.088564834989665,273.4973870696509,43.62918621748691
primary,"0,1,2,3,4",2,1.0,4.0,p99dl,SKIPC-G1200,273.0474043583505,0.0018533913213180154,-0.008409040972964221,0.012738636920579279,0.15676614085789536,-0.7031579918111942,1.0553814058664068,273.4973870696509,43.62918621748691
primary,"0,1,2,3,4",2,1.0,4.0,p99dl,SPJF-reversed,557.4412513978783,-1.2348715953420173,-1.3834923472708578,-1.050980588552114,-103.74753671588985,-112.3814416623434,-88.72363983315293,273.4973870696509,43.62918621748691
primary,"0,1,2,3,4",2,1.0,4.0,p99dl,CAP-G600-reversed,546.4787003327924,-1.1870525578016466,-1.2726253471508826,-0.9614085165557934,-99.73357115095361,-103.82465056904155,-82.9205064456715,273.4973870696509,43.62918621748691
primary,"0,1,2,3,4",2,1.0,4.0,p99dl,SPJF-random,194.77525845617157,0.3409549021161411,0.26433948813578495,0.41632148724511897,28.66898447262803,21.792184323339967,35.017580897449456,273.4973870696509,43.62918621748691
primary,"0,1,2,3,4",2,1.0,4.0,p99dl,CAP-G600-random,261.9325761514929,0.048673690209913155,-0.028506463679734043,0.15162244515943465,4.1135617301211616,-2.394668715720084,12.522043946981073,273.4973870696509,43.62918621748691
primary,"0,1,2,3,4",2,1.0,4.0,p99dl,SPJF-top1short,523.5181866878677,-1.0881796156284766,-1.1967685329595832,-0.9414604636126662,-91.4141806666545,-97.8504881494551,-79.90103712798519,273.4973870696509,43.62918621748691
primary,"0,1,2,3,4",2,1.0,4.0,p99dl,CAP-G600-top1short,543.6157777413753,-1.1746141564726282,-1.2490202849400203,-0.9488894063582,-98.69025660751647,-102.74382402140135,-81.63714883355881,273.4973870696509,43.62918621748691
primary,"0,1,2,3,4",2,1.0,4.0,mean,FCFS,10.270035976595123,0.0,0.0,0.0,0.0,0.0,0.0,10.270035976595123,1.6955368990464774
primary,"0,1,2,3,4",2,1.0,4.0,mean,SJF-ref,1.6955368990464774,1.0,1.0,1.0,83.47508289861631,79.58872064465254,85.4990831566308,10.270035976595123,1.6955368990464774
primary,"0,1,2,3,4",2,1.0,4.0,mean,SPJF-M4,2.351909288475506,0.9232748172687524,0.9011937910314922,0.9348212208209656,77.07340400116985,72.02197555875706,79.85501674236424,10.270035976595123,1.6955368990464774
primary,"0,1,2,3,4",2,1.0,4.0,mean,SPJF-M4refit,2.351996571012399,0.9232754975567268,0.9009570825408684,0.934829773048789,77.0732601518908,71.98146324410715,79.86182620582102,10.270035976595123,1.6955368990464774
primary,"0,1,2,3,4",2,1.0,4.0,mean,SPJF-tweedie,2.2915314740908803,0.9303628356882605,0.9092259879484084,0.9414396681518162,77.66426515147289,72.61983190390707,80.3989520915169,10.270035976595123,1.6955368990464774
primary,"0,1,2,3,4",2,1.0,4.0,mean,SPJF-tweedie_itr,2.298314796447146,0.9295790072583621,0.9082478496014368,0.9406341680236021,77.59880216623641,72.555724047532,80.32312396555682,10.270035976595123,1.6955368990464774
primary,"0,1,2,3,4",2,1.0,4.0,mean,SPJF-r1s,2.3020315789675223,0.9291346711320468,0.9103560511583614,0.9394393612766216,77.56177485556908,72.73361129581319,80.20305760816622,10.270035976595123,1.6955368990464774
primary,"0,1,2,3,4",2,1.0,4.0,mean,FIX-G300,5.529451193507176,0.5533841575481676,0.5143476713628085,0.6098256611509066,46.18540745911094,43.689642766249364,49.19319746743455,10.270035976595123,1.6955368990464774
primary,"0,1,2,3,4",2,1.0,4.0,mean,FIXSEL-G300,7.6178899907089574,0.3097879803622944,0.2755744398704098,0.35866945918292803,25.852558604138174,23.433351112802853,28.819998158284406,10.270035976595123,1.6955368990464774
primary,"0,1,2,3,4",2,1.0,4.0,mean,CAP-G300,5.616256288902748,0.5433223117064558,0.506537105894782,0.5968683396555378,45.344273600995784,43.03992453381717,48.167805613472126,10.270035976595123,1.6955368990464774
primary,"0,1,2,3,4",2,1.0,4.0,mean,SKIP-G300,10.044839641913063,0.02631314890129314,0.0216710192897806,0.03413100911734448,2.195766346620582,1.8483272887368516,2.7280222286550924,10.270035976595123,1.6955368990464774
primary,"0,1,2,3,4",2,1.0,4.0,mean,SKIPC-G300,10.082763941278444,0.02188301703872383,0.0180094417222003,0.028498933080867674,1.8260438759777688,1.5335869222355003,2.2703813308121235,10.270035976595123,1.6955368990464774
primary,"0,1,2,3,4",2,1.0,4.0,mean,FIX-G600,3.8666299991375084,0.7470397729719047,0.7229413777818141,0.7848309880975252,62.354560644783476,60.5280095803466,63.88435234185693,10.270035976595123,1.6955368990464774
primary,"0,1,2,3,4",2,1.0,4.0,mean,FIXSEL-G600,5.529451193507176,0.5533841575481676,0.5143476713628085,0.6098256611509066,46.18540745911094,43.689642766249364,49.19319746743455,10.270035976595123,1.6955368990464774
primary,"0,1,2,3,4",2,1.0,4.0,mean,CAP-G600,3.8399183222502105,0.7500800463362653,0.727860104006795,0.786491525340554,62.61003655322211,60.782484699395305,64.04587393619347,10.270035976595123,1.6955368990464774
primary,"0,1,2,3,4",2,1.0,4.0,mean,SKIP-G600,9.778923792947472,0.057391701542975224,0.04794616865850969,0.07321594317965839,4.789069191114839,4.079403011312683,5.838720059055825,10.270035976595123,1.6955368990464774
primary,"0,1,2,3,4",2,1.0,4.0,mean,SKIPC-G600,9.809060180365265,0.05386948594521288,0.04497472011839551,0.06889371723392196,4.495147880756415,3.827879661078655,5.490436296592612,10.270035976595123,1.6955368990464774
primary,"0,1,2,3,4",2,1.0,4.0,mean,FIX-G1200,3.0545256863180343,0.8414197962077123,0.8280152628332221,0.8589597561579113,70.23863348204324,67.22644739383041,71.8030707153755,10.270035976595123,1.6955368990464774
primary,"0,1,2,3,4",2,1.0,4.0,mean,FIXSEL-G1200,5.529451193507176,0.5533841575481676,0.5143476713628085,0.6098256611509066,46.18540745911094,43.689642766249364,49.19319746743455,10.270035976595123,1.6955368990464774
primary,"0,1,2,3,4",2,1.0,4.0,mean,CAP-G1200,3.024144801839578,0.8448229229319988,0.8313468491607229,0.8636266568923664,70.52567996574703,67.61324643331456,71.99814398297633,10.270035976595123,1.6955368990464774
primary,"0,1,2,3,4",2,1.0,4.0,mean,SKIP-G1200,9.354048074478886,0.10704241300226106,0.09073774761457865,0.13404463177567252,8.932185921027804,7.700836670489311,10.677528807288734,10.270035976595123,1.6955368990464774
primary,"0,1,2,3,4",2,1.0,4.0,mean,SKIPC-G1200,9.37624325567721,0.10444880173335032,0.08850403607349658,0.13087742427875523,8.715747684717883,7.512631544098272,10.430416552223871,10.270035976595123,1.6955368990464774
primary,"0,1,2,3,4",2,1.0,4.0,mean,SPJF-reversed,18.8895240889842,-1.0052546935861766,-1.0865624345849054,-0.9338565349900069,-83.91462165390575,-89.0680415258471,-78.23998296776792,10.270035976595123,1.6955368990464774
primary,"0,1,2,3,4",2,1.0,4.0,mean,CAP-G600-reversed,16.686693580143846,-0.7486144530140717,-0.8187900505375143,-0.6926459087449177,-62.48652927607569,-66.35586928034192,-58.60780415945226,10.270035976595123,1.6955368990464774
primary,"0,1,2,3,4",2,1.0,4.0,mean,SPJF-random,6.895515337787083,0.3936764157900437,0.3848891009534194,0.40043142261537695,32.86184932771239,31.00950505011823,33.78953446773693,10.270035976595123,1.6955368990464774
primary,"0,1,2,3,4",2,1.0,4.0,mean,CAP-G600-random,8.311109360203478,0.2289563611003141,0.21298801183451513,0.2579439344407175,19.10473592980197,18.081653724983344,20.706192584628937,10.270035976595123,1.6955368990464774
primary,"0,1,2,3,4",2,1.0,4.0,mean,SPJF-top1short,15.56162633214949,-0.6172370977113775,-0.6887336874070052,-0.5621695274132307,-51.522394056732104,-56.007706033687164,-47.64961753348545,10.270035976595123,1.6955368990464774
primary,"0,1,2,3,4",2,1.0,4.0,mean,CAP-G600-top1short,14.862199559912114,-0.5358421060684712,-0.5897691895892883,-0.49266396007642277,-44.72564311184517,-47.68137030018427,-41.794004141489246,10.270035976595123,1.6955368990464774
