scope,policy,k,n_overlays,n_jobs_per_overlay,p99_deadline_s,p99_deadline_lo,p99_deadline_hi,mean_wait_s,mean_wait_lo,mean_wait_hi,p99_all_s_mean_across_overlays,max_wait_s_across_overlays,max_wait_s_across_policies,max_wait_plus_L_weeks,max_wait_across_policies_plus_L_weeks,max_excess_s,max_excess_resample_stability_lo,max_excess_resample_stability_hi,harm_s,harm_resample_stability_lo,harm_resample_stability_hi,absolute_p99_improvement_s,absolute_p99_improvement_lo,absolute_p99_improvement_hi,simultaneous_improvement_lo,simultaneous_improvement_hi,gap_closed,gap_closed_lo,gap_closed_hi,gap_valid_bootstrap_draws,gap_total_bootstrap_draws,gap_interval_all_draws_valid,reduction_pct,reduction_pct_lo,reduction_pct_hi,reduction_valid_bootstrap_draws,reduction_total_bootstrap_draws,reduction_interval_all_draws_valid,promise_cost_vs_SPJF_s,promise_cost_lo,promise_cost_hi,positive_wait_probability_mean,guard_forced_dispatches_total,guard_fired_fraction_mean,guard_fired_queue_weighted_mean,bound_checks_total,bound_violations_total,max_bound_violation_s,max_fraction_of_allowed_excess,simulated_overlay_cells,certified_identical_overlay_cells,certificate_kernel_validations,certificate_max_in_us,theorem_floor_s,fcfs_p99_deadline_s,fcfs_p99_div_floor,floor_eligible_mean_fcfs_p99_gt_floor,overlays_fcfs_p99_gt_floor,overlays_in_scope,promise_G_s,fcfs_p99_div_G,G_below_fcfs_p99,busy_hour_offered_load_mean,b0_s,eta,gamma_s,bmax_s
five_overlay_mean_or_worst,FCFS,1,5,17634760,108345.30799293006,92267.37584529744,114125.36202107726,19616.411975823918,10272.600143520274,27925.875442649853,104074.64861205601,128638.915012,412270.285375,0.21279582508597883,0.6817630379877645,0.0,0.0,0.0,0.0,0.0,0.0,0.0,0.0,0.0,,,0.0,0.0,0.0,2000,2000,True,0.0,0.0,0.0,2000,2000,True,,,,0.9321602675624732,0,0.0,0.0,0,0,0.0,0.0,5,0,0,0,60.0,108345.30799293006,1805.755133215501,True,5,5,,,False,3.9156569524744733,0.0,0.0,0.0,0.0
five_overlay_mean_or_worst,SJF,1,5,17634760,33469.77537498005,20007.207538968218,38644.83863838238,714.9756257913766,400.8783197484753,990.2898169159698,20460.148475972026,404405.244142,412270.285375,0.668758670869709,0.6817630379877645,403562.841097,376279.2151,403562.841097,12526.272807,919.13232,12526.272807,74875.53261795001,68552.25020161858,79337.21149500515,,,1.0,1.0,1.0,2000,2000,True,69.1082373616363,65.68201499079716,78.97965750439943,2000,2000,True,,,,0.9321599159841133,0,0.0,0.0,0,0,0.0,0.0,5,0,0,0,60.0,108345.30799293006,1805.755133215501,True,5,5,,,False,3.9156569524744733,0.0,0.0,0.0,0.0
five_overlay_mean_or_worst,SPJF-E,1,5,17634760,130231.11816204041,65565.87226439196,155632.22324742342,2950.371785335234,1563.114267601565,4199.870907786922,63880.90678971603,412270.285375,412270.285375,0.6817630379877645,0.6817630379877645,411330.261637,395983.70244,411330.261637,159132.31072,14744.4462,159132.31072,-21885.81016911035,-43650.645102055045,30032.79321513393,-94817.17898747546,51045.55864925476,-0.29229588630483594,-0.5978789810912136,0.3981734814619519,2000,2000,True,-20.20005349058446,-39.28171092070148,31.123637452848474,2000,2000,True,,,,0.9321600634201996,0,0.0,0.0,0,0,0.0,0.0,5,0,0,0,60.0,108345.30799293006,1805.755133215501,True,5,5,,,False,3.9156569524744733,0.0,0.0,0.0,0.0
five_overlay_mean_or_worst,Guard(300),1,5,17634760,108553.91666350001,92463.90441749904,114310.11712522386,19508.280791986563,10201.66390965674,27793.636020195147,104259.23778681402,128879.02369,412270.285375,0.21319283017526455,0.6817630379877645,298.011723,296.91698,298.011723,75.071002,71.189356,75.071002,-208.6086705699563,-228.78934671257593,-111.80027845689835,-330.91431064973057,-86.30303049018205,-0.0027860726097852996,-0.0031502599560454857,-0.0014872159566251503,2000,2000,True,-0.19254056722379598,-0.22738254933991706,-0.10277536251082198,2000,2000,True,-21677.201498540395,-43468.76217484925,30253.711512787067,0.9321602108562861,45445866,0.5154123560513441,0.9841322446054337,88173800,0,0.0,0.9933724100000002,5,0,0,0,60.0,108345.30799293006,1805.755133215501,True,5,5,300.0,361.1510266431002,True,3.9156569524744733,15.0,0.5,0.0,240.0
five_overlay_mean_or_worst,Guard(600),1,5,17634760,108839.10252855,92739.30969043379,114582.33765708169,19351.61813404176,10108.367441713903,27594.34823903021,104467.20097998601,129179.047432,412270.285375,0.21368890117724867,0.6817630379877645,598.237101,597.597613,598.237101,163.696051,162.477653,163.696051,-493.7945356199489,-522.6382700980881,-374.39008576682795,-647.3964413358357,-340.1926299040621,-0.00659487176057257,-0.007309899935568616,-0.005034189729736289,2000,2000,True,-0.4557599629992014,-0.5269511821698137,-0.34792510174206287,2000,2000,True,-21392.015633490402,-43221.58576474133,30544.12011247723,0.9321602108562861,41984751,0.47615902909934693,0.9659212252411171,88173800,0,0.0,0.9970618350000001,5,0,0,0,60.0,108345.30799293006,1805.755133215501,True,5,5,600.0,180.5755133215501,True,3.9156569524744733,30.0,0.75,0.0,540.0
five_overlay_mean_or_worst,Guard(1200),1,5,17634760,109417.03262380001,93315.7562778675,115134.17778729099,19027.664129549976,9924.956611869413,27158.582070384164,104917.666337846,129778.947014,412270.285375,0.21468079863425926,0.6817630379877645,1198.117929,1197.648764,1198.117929,55.8451,49.409177,55.8451,-1071.7246308699541,-1102.220967858878,-901.9697471275816,-1276.4296674924885,-867.0195942474197,-0.014313415790153968,-0.015540338528921704,-0.012132821011997847,2000,2000,True,-0.9891749358817533,-1.121985296960207,-0.8354933693658207,2000,2000,True,-20814.085538240397,-42714.398625064576,31119.590737653365,0.9321601881738113,44673717,0.5066552309189352,0.9323727487260329,88173800,0,0.0,0.9984316075,5,0,0,0,60.0,108345.30799293006,1805.755133215501,True,5,5,1200.0,90.28775666077505,True,3.9156569524744733,0.0,0.0,4.0,1140.0
five_overlay_mean_or_worst,FCFS,2,5,17634760,10362.622000360012,7565.139406607849,11503.452687368801,701.4950562330943,344.2576019519614,1023.8603788837071,8551.956801920001,16600.57174,53757.925163,0.027547241633597883,0.08898466462136244,0.0,0.0,0.0,0.0,0.0,0.0,0.0,0.0,0.0,,,0.0,0.0,0.0,2000,2000,True,0.0,0.0,0.0,2000,2000,True,,,,0.7460028035538903,0,0.0,0.0,0,0,0.0,0.0,5,0,0,0,120.0,10362.622000360012,86.35518333633344,True,5,5,,,False,1.9578284762372367,0.0,0.0,0.0,0.0
five_overlay_mean_or_worst,SJF,2,5,17634760,100.29491051000036,81.65894113339988,128.99880972739885,14.357117272725858,8.453278076435023,19.707668848422728,58.29181306800001,52038.03353,53757.925163,0.08614092845568783,0.08898466462136244,51883.82455,48595.051315,51883.82455,671.719686,517.690743,671.719686,10262.327089850012,7467.015736525599,11399.624150649901,,,1.0,1.0,1.0,2000,2000,True,99.03214736090426,98.6201710096374,99.18325040759906,2000,2000,True,,,,0.7459343705272995,0,0.0,0.0,0,0,0.0,0.0,5,0,0,0,120.0,10362.622000360012,86.35518333633344,True,5,5,,,False,1.9578284762372367,0.0,0.0,0.0,0.0
five_overlay_mean_or_worst,SPJF-E,2,5,17634760,1844.2114299000132,766.7019049350373,3990.368417713106,61.456609159811634,30.682257792587958,90.10862320476814,329.6201752320005,53757.925163,53757.925163,0.08898466462136244,0.08898466462136244,53584.610911,48066.996826,53584.610911,821.519524,474.705831,821.519524,8518.410570459999,6342.410202830851,9271.316336340296,5616.1605004175,11420.660640502498,0.8300661726992857,0.6399939534289205,0.9158035124589954,2000,2000,True,82.20323553405747,63.3412286174609,90.59199462017473,2000,2000,True,,,,0.7459610564589481,0,0.0,0.0,0,0,0.0,0.0,5,0,0,0,120.0,10362.622000360012,86.35518333633344,True,5,5,,,False,1.9578284762372367,0.0,0.0,0.0,0.0
five_overlay_mean_or_worst,Guard(300),2,5,17634760,10453.721594780003,7652.461495237399,11600.934777317392,645.9699327667419,311.51517674792836,955.1493345451989,8588.631592686,16781.105145,53757.925163,0.027845742633928573,0.08898466462136244,269.319922,247.697642,269.319922,116.81886,82.23539,116.81886,-91.09959441999126,-145.2657233873011,-7.804035297606537,-226.002295552417,43.80310671243447,-0.008877089340690925,-0.01745704314176868,-0.00083273816798531,2000,2000,True,-0.8791172197232161,-1.722543251373834,-0.0821988994452989,2000,2000,True,8609.51016487999,6449.089171161447,9385.412049967848,0.7459621905826902,13321270,0.1510796858023585,0.870002314328082,88173800,0,0.0,0.8977330733333334,5,0,0,0,120.0,10362.622000360012,86.35518333633344,True,5,5,300.0,34.54207333453337,True,1.9578284762372367,30.0,0.5,0.0,360.0
five_overlay_mean_or_worst,Guard(600),2,5,17634760,10618.061647800016,7820.321847491199,11755.234087560402,575.1402047900181,272.95482272480893,857.059533366378,8661.33936111,17080.936246,53757.925163,0.02834149511574074,0.08898466462136244,559.0499,543.613798,559.0499,208.786465,170.049526,208.786465,-255.43964744000368,-363.9990288151001,-82.41170239814713,-523.8755631343572,12.996268254349786,-0.024891006221449234,-0.0439712624650713,-0.008561395629151864,2000,2000,True,-2.4650097960837454,-4.339376226839553,-0.8453478988861729,2000,2000,True,8773.850217900002,6635.132107684843,9537.444026308609,0.7459611018238977,9365783,0.10621956862469348,0.7286813132051924,88173800,0,0.0,0.9317498333333335,5,0,0,0,120.0,10362.622000360012,86.35518333633344,True,5,5,600.0,17.271036667266685,True,1.9578284762372367,60.0,0.75,0.0,960.0
five_overlay_mean_or_worst,Guard(1200),2,5,17634760,10870.497638500006,8021.572602982096,12060.980549242102,473.38817620315257,224.14403100601479,707.7837788990864,8775.35424151,17689.82648,53757.925163,0.029348258068783068,0.08898466462136244,1154.875281,1149.997306,1154.875281,67.63076,56.42136,67.63076,-507.8756381399944,-729.6670011555011,-240.16105012101022,-1001.6077796912107,-14.143496588778135,-0.049489324759713654,-0.08529382520223584,-0.02363349407648375,2000,2000,True,-4.90103410239561,-8.422300078801458,-2.3374066850736983,2000,2000,True,9026.286208599993,6901.3694010371955,9773.525353979645,0.7459639257920154,18975918,0.21521039129537348,0.5327511048097759,88173800,0,0.0,0.9623960675000001,5,0,0,0,120.0,10362.622000360012,86.35518333633344,True,5,5,1200.0,8.635518333633343,True,1.9578284762372367,0.0,0.0,8.0,2160.0
five_overlay_mean_or_worst,FCFS,3,5,17634760,1056.3955352700018,688.9105593942002,1273.0050163989977,43.00377205068907,23.434832731034685,61.286266530191334,1139.8012779080004,2538.856179,17343.222515,0.004297050560515873,0.028775169502314818,0.0,0.0,0.0,0.0,0.0,0.0,0.0,0.0,0.0,,,0.0,0.0,0.0,2000,2000,True,0.0,0.0,0.0,2000,2000,True,,,,0.5477969986549291,0,0.0,0.0,0,0,0.0,0.0,5,0,0,0,140.0,1056.3955352700018,7.545682394785727,True,5,5,,,False,1.3052189841581576,0.0,0.0,0.0,0.0
five_overlay_mean_or_worst,SJF,3,5,17634760,56.951191260000066,52.08154938854995,61.11017852790001,3.2266182013858598,2.2685352743744427,4.108943049101218,44.96741314000001,16492.658094,17343.222515,0.02736881298611111,0.028775169502314818,16238.285554,12704.867689,16238.285554,12704.867689,1558.424322,12704.867689,999.4443440100017,636.22850981865,1213.3263487051477,,,1.0,1.0,1.0,2000,2000,True,94.60891405173876,92.30328612960876,95.42283369220658,2000,2000,True,,,,0.5474377989833715,0,0.0,0.0,0,0,0.0,0.0,5,0,0,0,140.0,1056.3955352700018,7.545682394785727,True,5,5,,,False,1.3052189841581576,0.0,0.0,0.0,0.0
five_overlay_mean_or_worst,SPJF-E,3,5,17634760,138.85703288000053,105.7871001716,169.0480275081495,5.371309201668501,3.5729014809599864,7.0714118187088975,63.40089938600006,17343.222515,17343.222515,0.028775169502314818,0.028775169502314818,17147.576504,11794.588043,17147.576504,1009.660454,834.933137,1009.660454,917.5385023900012,580.47860912395,1114.494462111207,410.11292713464616,1424.9640776453562,0.9180486216057061,0.8903571792802244,0.9353104084210491,2000,2000,True,86.8555831368115,82.78025906466108,88.79783092387602,2000,2000,True,,,,0.5475677695642016,0,0.0,0.0,0,0,0.0,0.0,5,0,0,0,140.0,1056.3955352700018,7.545682394785727,True,5,5,,,False,1.3052189841581576,0.0,0.0,0.0,0.0
five_overlay_mean_or_worst,Guard(300),3,5,17634760,1079.0767015100014,670.5922770768499,1348.775412965199,27.98872946764099,14.663623702510266,40.922808102360726,1028.7982948140002,2698.932824,17343.222515,0.004561727552910053,0.028775169502314818,244.944518,237.308345,244.944518,137.392527,112.589027,137.392527,-22.681166239999584,-81.55361374995665,54.79527374955361,-155.8902173596455,110.52788487964634,-0.022693776172665606,-0.07301804674716073,0.07277625895984624,2000,2000,True,-2.1470335194291175,-6.918717851034255,6.80220928318485,2000,2000,True,940.2196686300008,548.0563179567496,1193.2022526258493,0.5475716142436868,1913751,0.021704304453250285,0.5348657116785448,88173800,0,0.0,0.8164817266666665,5,0,0,0,140.0,1056.3955352700018,7.545682394785727,True,5,5,300.0,3.521318450900006,True,1.3052189841581576,45.0,0.5,0.0,480.0
five_overlay_mean_or_worst,Guard(600),3,5,17634760,934.6784057500047,452.2441046561903,1253.7327671185983,19.64281713689277,10.32104720104924,28.844098685950588,549.7538369400006,2999.010716,17343.222515,0.005057888088624338,0.028775169502314818,545.627052,524.61568,545.627052,334.552078,285.695587,334.552078,121.71712951999712,-19.964373320746066,289.8359387926088,-199.8090285948578,443.24328763485204,0.12178479997359319,-0.018211703198362707,0.4101012464289646,2000,2000,True,11.521927673509875,-1.7303922193712893,37.794279583972504,2000,2000,True,795.8213728700041,333.69166310119977,1100.9532296286027,0.5475697429395125,680026,0.00771233631759094,0.2690618127804454,88173800,0,0.0,0.9093784200000001,5,0,0,0,140.0,1056.3955352700018,7.545682394785727,True,5,5,600.0,1.760659225450003,True,1.3052189841581576,90.0,0.75,0.0,1380.0
five_overlay_mean_or_worst,Guard(1200),3,5,17634760,463.3207269600024,264.59496153540016,685.1516676078953,13.94320942009339,7.56121644529574,20.051664204298273,199.7686888260003,3599.02035,17343.222515,0.006049967509920634,0.028775169502314818,1131.148396,1119.49806,1131.148396,90.497351,68.497134,90.497351,593.0748083099994,420.1782594871992,674.7015280638493,364.72157384201853,821.4280427779803,0.5934045370955287,0.4691291406632202,0.696935017006246,2000,2000,True,56.1413588479827,44.47591755374781,64.94562169515515,2000,2000,True,324.46369408000186,149.91071077225016,529.6241706793984,0.5475837947326757,17012279,0.19294029518972758,0.09666430382445705,88173800,0,0.0,0.9426236633333334,5,0,0,0,140.0,1056.3955352700018,7.545682394785727,True,5,5,1200.0,0.8803296127250015,False,1.3052189841581576,0.0,0.0,12.0,3180.0
five_overlay_mean_or_worst,FCFS,4,5,17634760,273.49738702000093,197.09446131080026,352.10049783924455,10.27003598266096,6.264241675097484,14.110850625597566,230.8030670460003,1544.602708,6286.240482,0.002653112943121693,0.010493122490079365,0.0,0.0,0.0,0.0,0.0,0.0,0.0,0.0,0.0,,,0.0,0.0,0.0,2000,2000,True,0.0,0.0,0.0,2000,2000,True,,,,0.3813825989126022,0,0.0,0.0,0,0,0.0,0.0,5,0,0,0,150.0,273.49738702000093,1.8233159134666728,True,5,5,,,False,0.9789142381186183,0.0,0.0,0.0,0.0
five_overlay_mean_or_worst,SJF,4,5,17634760,43.62918629000005,39.673422940700014,46.137113800799995,1.6955369157986877,1.2085473555486297,2.1527831920590943,34.912048952000006,5299.53243,6286.240482,0.00886166076388889,0.010493122490079365,4755.467038,3324.441288,4755.467038,1365.900577,827.458277,1365.900577,229.86820073000086,157.3630248902997,305.9550428043497,,,1.0,1.0,1.0,2000,2000,True,84.04767710383666,79.63429658916459,87.00631582133518,2000,2000,True,,,,0.380804173121721,0,0.0,0.0,0,0,0.0,0.0,5,0,0,0,150.0,273.49738702000093,1.8233159134666728,True,5,5,,,False,0.9789142381186183,0.0,0.0,0.0,0.0
five_overlay_mean_or_worst,SPJF-E,4,5,17634760,62.91857106000034,53.69284593049998,72.12789028164985,2.291775667643065,1.6182479143544712,2.9559695646690103,41.765691778000004,6286.240482,6286.240482,0.010493122490079365,0.010493122490079365,5904.51739,3932.384008,5904.51739,708.760143,575.966861,708.760143,210.57881596000058,142.6167469072497,282.7839967196511,70.7972931991014,350.3603387208998,0.91608502303171,0.8920801852398846,0.9300870497512782,2000,2000,True,76.99481821542994,71.52365842980912,80.48102907602993,2000,2000,True,,,,0.38100758955608127,0,0.0,0.0,0,0,0.0,0.0,5,0,0,0,150.0,273.49738702000093,1.8233159134666728,True,5,5,,,False,0.9789142381186183,0.0,0.0,0.0,0.0
five_overlay_mean_or_worst,Guard(300),4,5,17634760,164.36956758000136,104.81585889189954,233.44462614345136,5.578055780780654,3.3339809838483974,7.8038551969216625,73.97654026800006,1694.489881,6286.240482,0.002900942263558201,0.010493122490079365,228.914849,216.990125,228.914849,130.216434,110.966472,130.216434,109.12781943999957,87.18438963939994,130.06025746604854,65.82737634256769,152.42826253743146,0.47474082580121285,0.3695623026341856,0.5979709107576704,2000,2000,True,39.900863634949104,31.890646320779705,47.998336856987756,2000,2000,True,101.45099652000101,50.33503806529956,164.69720713960118,0.3810119786149627,408462,0.0046324645189387325,0.28772346387274206,88173800,0,0.0,0.7630494966666667,5,0,0,0,150.0,273.49738702000093,1.8233159134666728,True,5,5,300.0,0.9116579567333364,False,0.9789142381186183,60.0,0.5,0.0,600.0
five_overlay_mean_or_worst,Guard(600),4,5,17634760,89.60696377000042,65.93517516820015,114.13654941089929,3.8399176241204946,2.4107867782015147,5.278472892684122,50.24649202200004,1994.340307,6286.240482,0.0033967266980820107,0.010493122490079365,515.842944,510.683434,515.842944,339.056501,233.589818,339.056501,183.8904232500005,129.5224636988,239.318788494548,73.06113447053438,294.7197120294666,0.79998200127731,0.762010535801021,0.8387694495039203,2000,2000,True,67.2366289322364,63.30176966361083,70.11319061009652,2000,2000,True,26.68839271000008,12.266335743600369,43.12887909640034,0.3810087803860104,80919,0.0009177215907673255,0.07135137577403664,88173800,0,0.0,0.85973824,5,0,0,0,150.0,273.49738702000093,1.8233159134666728,True,5,5,600.0,0.4558289783666682,False,0.9789142381186183,120.0,0.75,0.0,1800.0
five_overlay_mean_or_worst,Guard(1200),4,5,17634760,83.09977288000037,64.33611104624998,100.26989132454968,3.1398155997619925,2.0654360435323644,4.181309173126781,48.16482430200003,2603.758042,6286.240482,0.0044043618419312165,0.010493122490079365,1110.639852,1106.796403,1110.639852,145.767783,77.040803,145.767783,190.39761414000054,130.6962016803996,253.6517871425505,67.4636579548709,313.3315703251302,0.8282903574106721,0.7969233758859577,0.8562747408575356,2000,2000,True,69.61588050787364,64.9927241537186,72.97265359837598,2000,2000,True,20.181201820000034,10.521780214599536,28.979709213899334,0.38101465514699384,19141961,0.21709352438025808,0.061767589300253535,88173800,0,0.0,0.92553321,5,0,0,0,150.0,273.49738702000093,1.8233159134666728,True,5,5,1200.0,0.2279144891833341,False,0.9789142381186183,0.0,0.0,16.0,4200.0
five_overlay_mean_or_worst,FCFS,5,5,17634760,119.35185814000026,92.9129088162001,143.43024747249976,4.16014122818372,2.584596175052444,5.684265014581104,84.51847856600007,1023.819617,3312.770765,0.0017920297900132277,0.005576671238425927,0.0,0.0,0.0,0.0,0.0,0.0,0.0,0.0,0.0,,,0.0,0.0,0.0,2000,2000,True,0.0,0.0,0.0,2000,2000,True,,,,0.26505846407889877,0,0.0,0.0,0,0,0.0,0.0,5,0,0,0,156.0,119.35185814000026,0.7650760137179504,False,0,5,,,False,0.7831313904948947,0.0,0.0,0.0,0.0
five_overlay_mean_or_worst,SJF,5,5,17634760,33.55258319000002,29.699261991199986,35.937395982,0.958807564134404,0.6829621350754579,1.2147826353298736,25.45008412000001,3072.262211,3312.770765,0.005179004978505292,0.005576671238425927,2667.424099,1889.146002,2667.424099,1242.306748,604.681142,1242.306748,85.79927495000024,62.75592271430013,108.45523826760044,,,1.0,1.0,1.0,2000,2000,True,71.88767421564339,67.42075445216513,75.31516539341206,2000,2000,True,,,,0.26429353163865005,0,0.0,0.0,0,0,0.0,0.0,5,0,0,0,156.0,119.35185814000026,0.7650760137179504,False,0,5,,,False,0.7831313904948947,0.0,0.0,0.0,0.0
five_overlay_mean_or_worst,SPJF-E,5,5,17634760,43.391734870000136,37.94448211430001,47.536660018400006,1.2297357313845378,0.8748648122609978,1.5779008325851056,29.611217782000004,3312.770765,3312.770765,0.005576671238425927,0.005576671238425927,3044.470348,2418.902545,3044.470348,469.256162,276.850494,469.256162,75.96012327000012,54.54872620999982,97.29878010834945,35.025854286149496,116.89439225385075,0.8853236034251583,0.8612910602454142,0.8998413373706021,2000,2000,True,63.64385477844724,58.36323579670425,67.51205209856928,2000,2000,True,,,,0.26456826177390563,0,0.0,0.0,0,0,0.0,0.0,5,0,0,0,156.0,119.35185814000026,0.7650760137179504,False,0,5,,,False,0.7831313904948947,0.0,0.0,0.0,0.0
five_overlay_mean_or_worst,Guard(300),5,5,17634760,56.12507670000021,45.77131208154992,68.83537770889978,2.073494576737423,1.3137623371108633,2.8483587421406855,35.73951622000002,1167.369553,3312.770765,0.002029380874669312,0.005576671238425927,209.82356,202.553612,209.82356,113.990544,106.129617,113.990544,63.22678144000005,46.46419659850011,76.54011090905044,34.20858163681699,92.24498124318312,0.7369151018682341,0.6884476763832827,0.7577362564125852,2000,2000,True,52.97511276769127,48.87095915327235,54.930114816333194,2000,2000,True,12.733341830000072,7.873989588149927,21.19341527060004,0.26456718435635074,138829,0.0015744926497440284,0.11697740001634811,88173800,0,0.0,0.6994118666666667,5,0,0,0,156.0,119.35185814000026,0.7650760137179504,False,0,5,300.0,0.3978395271333342,False,0.7831313904948947,75.0,0.5,0.0,720.0
five_overlay_mean_or_worst,Guard(600),5,5,17634760,47.43787016000006,40.462354997899844,53.38769738149965,1.5248476634673322,1.0332617628575944,2.0147515594572534,31.79449992000001,1467.272846,3312.770765,0.0025252527215608466,0.005576671238425927,513.833099,501.34837,513.833099,313.210755,162.421147,313.210755,71.9139879800002,52.15430600920019,91.46628572400014,34.20911803103929,109.61885792896112,0.8381654509540818,0.8141424067408569,0.8523404916256248,2000,2000,True,60.25376487699485,55.511353435143796,63.63345996231708,2000,2000,True,4.046135289999924,2.4630135721499684,6.064472058699989,0.26456947528630953,16750,0.00018996572678051755,0.012206965581095852,88173800,0,0.0,0.8563884983333332,5,0,0,0,156.0,119.35185814000026,0.7650760137179504,False,0,5,600.0,0.1989197635666671,False,0.7831313904948947,150.0,0.75,0.0,2220.0
five_overlay_mean_or_worst,Guard(1200),5,5,17634760,46.68305057000021,40.00585700024981,51.924299724749986,1.4048383743661357,0.977369214526067,1.8215245717900173,30.98628316800001,2073.298861,3312.770765,0.0035272798627645507,0.005576671238425927,1101.071521,1083.841199,1101.071521,117.552268,94.360472,117.552268,72.66880757000004,52.5654939996502,92.79862854015137,34.06035428635949,111.2772608536406,0.8469629564159835,0.8242676892158697,0.8612851476409905,2000,2000,True,60.8861970835504,56.09128946552314,64.46010775958112,2000,2000,True,3.2913157000000766,2.07197815459987,4.647587311900034,0.26457540675348007,20548635,0.23304694818642271,0.09962606216927743,88173800,0,0.0,0.9175596008333334,5,0,0,0,156.0,119.35185814000026,0.7650760137179504,False,0,5,1200.0,0.09945988178333355,False,0.7831313904948947,0.0,0.0,20.0,5220.0
five_overlay_mean_or_worst,FCFS,6,5,17634760,63.770049530000186,51.07922283649999,76.31463475629982,2.0263826624029617,1.2772379962441323,2.763956334149243,43.21218935000003,720.965824,2428.194052,0.0012912794708994709,0.004114077466931217,0.0,0.0,0.0,0.0,0.0,0.0,0.0,0.0,0.0,,,0.0,0.0,0.0,2000,2000,True,0.0,0.0,0.0,2000,2000,True,,,,0.18568110935447943,0,0.0,0.0,0,0,0.0,0.0,5,0,0,0,160.0,63.770049530000186,0.3985628095625012,False,0,5,,,False,0.6526094920790788,0.0,0.0,0.0,0.0
five_overlay_mean_or_worst,SJF,6,5,17634760,24.664111650000052,20.606565232899978,26.991872663699997,0.5659531938806583,0.4024750530091991,0.7201886061994537,16.910708938000017,2126.337195,2428.194052,0.0036149755208333334,0.004114077466931217,1864.272528,1236.95923,1864.272528,811.556137,532.509638,811.556137,39.105937880000134,29.94391219744997,49.80041697454984,,,1.0,1.0,1.0,2000,2000,True,61.32336130867048,57.52591214590461,65.68052841122055,2000,2000,True,,,,0.18497796397569347,0,0.0,0.0,0,0,0.0,0.0,5,0,0,0,160.0,63.770049530000186,0.3985628095625012,False,0,5,,,False,0.6526094920790788,0.0,0.0,0.0,0.0
five_overlay_mean_or_worst,SPJF-E,6,5,17634760,31.194342350000063,26.634186199349916,34.41014185799995,0.7143207480681821,0.5091318477655803,0.9195489828350701,19.76303140600002,2428.194052,2428.194052,0.004114077466931217,0.004114077466931217,2205.744344,1467.120664,2205.744344,260.964906,205.163555,260.964906,32.57570718000012,24.048199478649373,42.10514289839984,14.778173853078084,50.37324050692216,0.8330117865977649,0.7996747542870692,0.8533012764395866,2000,2000,True,51.08308276391584,46.39917593835442,55.871981610472425,2000,2000,True,,,,0.18525759352551438,0,0.0,0.0,0,0,0.0,0.0,5,0,0,0,160.0,63.770049530000186,0.3985628095625012,False,0,5,,,False,0.6526094920790788,0.0,0.0,0.0,0.0
five_overlay_mean_or_worst,Guard(300),6,5,17634760,35.30456855000013,29.31644382969984,39.96012620869997,0.9859756495678191,0.6502872027585336,1.3266791175177906,22.02120962400001,860.944602,2428.194052,0.0015227258630952382,0.004114077466931217,193.81542,187.306663,193.81542,109.292289,97.551553,109.292289,28.46548098000006,21.310304345600063,36.6397949682,13.426496450780265,43.504465509219855,0.7279068735635184,0.6987382370895635,0.7469062004657291,2000,2000,True,44.63769620660035,40.734410855152184,48.58790975664779,2000,2000,True,4.110226200000064,2.761672167700323,5.742355114700094,0.18525828534099698,57637,0.0006536749011611159,0.0461343312136421,88173800,0,0.0,0.6460513999999999,5,0,0,0,160.0,63.770049530000186,0.3985628095625012,False,0,5,300.0,0.2125668317666673,False,0.6526094920790788,90.0,0.5,0.0,840.0
five_overlay_mean_or_worst,Guard(600),6,5,17634760,32.634324140000096,27.47835388499994,36.352189150349936,0.806441309719552,0.5596072264939731,1.0503354834261036,20.582219250000016,1168.397701,2428.194052,0.0020310808548280423,0.004114077466931217,502.839463,500.635632,502.839463,192.43983,156.571097,192.43983,31.13572539000009,23.19994786544992,40.09313705560001,14.476310468857754,47.795140311142426,0.7961891998484396,0.7691311387422615,0.813649221032294,2000,2000,True,48.82499797236711,44.5940064324928,53.16355749221081,2000,2000,True,1.439981790000033,0.8448208955499332,2.134326825949963,0.18525775230283825,6160,6.986202250555153e-05,0.005079534702927134,88173800,0,0.0,0.8380657716666667,5,0,0,0,160.0,63.770049530000186,0.3985628095625012,False,0,5,600.0,0.10628341588333365,False,0.6526094920790788,180.0,0.75,0.0,2640.0
five_overlay_mean_or_worst,Guard(1200),6,5,17634760,32.32140748000002,27.30821010764992,35.82384041129991,0.7743305036196378,0.5470364268012773,1.0008734856901031,20.220729018000007,1763.710748,2428.194052,0.0030153947552910053,0.004114077466931217,1084.725366,1047.738812,1084.725366,99.648995,91.885583,99.648995,31.448642050000167,23.323360213449977,40.68870527334997,14.303244040980136,48.5940400590202,0.8041909683000821,0.7740389470717057,0.8249027473265628,2000,2000,True,49.3156933102355,44.80333306787939,54.00284883479807,2000,2000,True,1.1270651299999557,0.7006872720498898,1.5301390361503013,0.1852650560597366,21506824,0.2439139971283987,0.14375909479827403,88173800,0,0.0,0.9039378049999999,5,0,0,0,160.0,63.770049530000186,0.3985628095625012,False,0,5,1200.0,0.053141707941666824,False,0.6526094920790788,0.0,0.0,24.0,6240.0
five_overlay_mean_or_worst,FCFS,7,5,17634760,39.30852796000011,31.230737933950024,46.19383995750007,1.0861458477649566,0.6862698266995012,1.4844371885193302,24.476701958000014,551.489155,1737.673695,0.0010110601107804233,0.002972344072420635,0.0,0.0,0.0,0.0,0.0,0.0,0.0,0.0,0.0,,,0.0,0.0,0.0,2000,2000,True,0.0,0.0,0.0,2000,2000,True,,,,0.13180217933218255,0,0.0,0.0,0,0,0.0,0.0,5,0,0,0,162.85714285714286,39.30852796000011,0.24136815414035157,False,0,5,,,False,0.5593795646392105,0.0,0.0,0.0,0.0
five_overlay_mean_or_worst,SJF,7,5,17634760,16.007647190000046,12.378376177399995,18.175573911100102,0.33257612539753534,0.23492560197392687,0.4254039375932585,9.19939496400001,1475.171452,1737.673695,0.0025383125859788362,0.002972344072420635,1279.986834,990.426025,1279.986834,827.175618,433.188357,827.175618,23.300880770000067,18.451078213549994,28.405459476699882,,,1.0,1.0,1.0,2000,2000,True,59.2769100733326,56.631113286855346,63.48446167995631,2000,2000,True,,,,0.13120394039952912,0,0.0,0.0,0,0,0.0,0.0,5,0,0,0,162.85714285714286,39.30852796000011,0.24136815414035157,False,0,5,,,False,0.5593795646392105,0.0,0.0,0.0,0.0
five_overlay_mean_or_worst,SPJF-E,7,5,17634760,21.11927886000005,16.864825166150066,24.041926082100055,0.4220223894432052,0.2994247039208846,0.5458405666982609,11.38371614200002,1737.673695,1737.673695,0.002972344072420635,0.002972344072420635,1552.585027,1167.003311,1552.585027,216.52665,164.338394,216.52665,18.189249100000062,14.184857316149964,22.450137089150207,10.138559178071096,26.239939021929025,0.7806249591826055,0.7489901312197833,0.8025667125954201,2000,2000,True,46.27303550646624,43.51590213945984,49.894717954897175,2000,2000,True,,,,0.13143483665215744,0,0.0,0.0,0,0,0.0,0.0,5,0,0,0,162.85714285714286,39.30852796000011,0.24136815414035157,False,0,5,,,False,0.5593795646392105,0.0,0.0,0.0,0.0
five_overlay_mean_or_worst,Guard(300),7,5,17634760,22.769401990000112,17.940257122149994,26.314315642049955,0.5227825948855229,0.35634397707990345,0.6967652597705162,12.170062066000021,699.819264,1737.673695,0.0012563149206349206,0.002972344072420635,195.706849,181.839699,195.706849,99.697469,76.189746,99.697469,16.53912597,13.079508319099828,20.14529523530014,9.696683265250137,23.381568674749865,0.7098069010032514,0.6814647330111075,0.731389344984145,2000,2000,True,42.07515984020062,39.52506764915359,45.20301013883479,2000,2000,True,1.6501231300000612,1.0399064842499561,2.387516215950102,0.1314356305387768,27819,0.00031550188377953544,0.022098759715172802,88173800,0,0.0,0.6523561633333333,5,0,0,0,162.85714285714286,39.30852796000011,0.24136815414035157,False,0,5,300.0,0.13102842653333371,False,0.5593795646392105,105.0,0.5,0.0,960.0
five_overlay_mean_or_worst,Guard(600),7,5,17634760,21.677705740000068,17.174182894050002,24.75580027225006,0.4586456279875457,0.3212377589430785,0.6010922558363576,11.66231997800001,1006.019191,1737.673695,0.001762597868716931,0.002972344072420635,498.205439,487.307372,498.205439,152.651002,146.123468,152.651002,17.630822220000045,13.854466343450023,21.682751222999766,10.003403026665996,25.258241413334094,0.7566590462408513,0.7291939715976137,0.7767582323739519,2000,2000,True,44.85241024019256,42.137761990023584,48.3741422912685,2000,2000,True,0.5584268800000167,0.295251200199965,0.8299809412000494,0.13143674198004396,2739,3.1063649292647016e-05,0.002634804858434509,88173800,0,0.0,0.8303423983333333,5,0,0,0,162.85714285714286,39.30852796000011,0.24136815414035157,False,0,5,600.0,0.06551421326666686,False,0.5593795646392105,210.0,0.75,0.0,3060.0
five_overlay_mean_or_worst,Guard(1200),7,5,17634760,21.434258190000044,17.05326419699973,24.448776853249974,0.442646965975894,0.31189049284941434,0.5745638018339712,11.408283750000013,1446.740708,1737.673695,0.0024913040806878307,0.002972344072420635,989.204856,708.361289,989.204856,106.235894,80.587747,106.235894,17.87426977000007,13.972033998350032,22.03926784485016,10.096127148167561,25.652412391832577,0.7671070439969475,0.7376297235239485,0.7875129633264789,2000,2000,True,45.47173526362705,42.78457463341499,48.964242485713896,2000,2000,True,0.3149793299999928,0.14530237734996784,0.49290298245005104,0.13144088153170216,22127288,0.25095082666279556,0.18861503660648132,88173800,0,0.0,0.82433738,5,0,0,0,162.85714285714286,39.30852796000011,0.24136815414035157,False,0,5,1200.0,0.03275710663333343,False,0.5593795646392105,0.0,0.0,28.0,7260.0
five_overlay_mean_or_worst,FCFS,8,5,17634760,24.4280391000001,18.46440588285018,29.577083561499936,0.6286160605596829,0.39795471079920947,0.8624184457589918,12.987922426000008,435.022874,1369.483303,0.0008184902017195768,0.002363563662367725,0.0,0.0,0.0,0.0,0.0,0.0,0.0,0.0,0.0,,,0.0,0.0,0.0,2000,2000,True,0.0,0.0,0.0,2000,2000,True,,,,0.09419462470711255,0,0.0,0.0,0,0,0.0,0.0,5,0,0,0,165.0,24.4280391000001,0.1480487218181824,False,0,5,,,False,0.48945711905930916,0.0,0.0,0.0,0.0
five_overlay_mean_or_worst,SJF,8,5,17634760,9.348092750000028,6.394373321449964,11.45303385229998,0.2030108917361511,0.1416681897862574,0.26363834080277376,4.126269164000009,1185.898583,1369.483303,0.0020600174983465606,0.002363563662367725,1034.036691,701.343417,1034.036691,595.937164,242.552925,595.937164,15.079946350000071,11.79410731110004,18.375154983499826,,,1.0,1.0,1.0,2000,2000,True,61.732119750864534,58.490405422227575,67.23544111539502,2000,2000,True,,,,0.09367585382505914,0,0.0,0.0,0,0,0.0,0.0,5,0,0,0,165.0,24.4280391000001,0.1480487218181824,False,0,5,,,False,0.48945711905930916,0.0,0.0,0.0,0.0
five_overlay_mean_or_worst,SPJF-E,8,5,17634760,13.208421520000048,9.575726887849951,15.799671776899938,0.259243520325631,0.18195658134065285,0.33850214822636454,5.479601524000015,1369.483303,1369.483303,0.002363563662367725,0.002363563662367725,1242.478221,854.460591,1242.478221,238.061042,122.675425,238.061042,11.219617580000051,8.68334881695006,13.82716687534994,6.251233177151225,16.188001982848878,0.7440091177777962,0.7152514381129738,0.7690488613940328,2000,2000,True,45.929259954393984,43.409278191926475,50.00536139798024,2000,2000,True,,,,0.09388263860693312,0,0.0,0.0,0,0,0.0,0.0,5,0,0,0,165.0,24.4280391000001,0.1480487218181824,False,0,5,,,False,0.48945711905930916,0.0,0.0,0.0,0.0
five_overlay_mean_or_worst,Guard(300),8,5,17634760,13.87537102000012,10.012958104300004,16.82074686879996,0.30244417951874736,0.206507640018743,0.404046461370749,5.74939603800001,585.120458,1369.483303,0.0010666674239417989,0.002363563662367725,192.989625,183.928365,192.989625,132.110136,89.327959,132.110136,10.552668079999979,8.281160193850026,12.815685033899944,6.1971193636628765,14.908216796337081,0.6997815400052753,0.6743022126017658,0.720414534863269,2000,2000,True,43.19899782705004,40.6771453229609,47.28734841103716,2000,2000,True,0.6669495000000722,0.3784103855498103,1.0593492007499736,0.09388258190074603,15599,0.00017691196251040558,0.011649957547611499,88173800,0,0.0,0.6432987499999999,5,0,0,0,165.0,24.4280391000001,0.1480487218181824,False,0,5,300.0,0.08142679700000033,False,0.48945711905930916,120.0,0.5,0.0,1080.0
five_overlay_mean_or_worst,Guard(600),8,5,17634760,13.362703340000042,9.66535045864996,16.0505269748501,0.2732882578082964,0.18980324077441807,0.36062701648942813,5.5344217600000025,861.983044,1369.483303,0.0015244428637566137,0.002363563662367725,492.424687,487.393575,492.424687,238.061042,122.675425,238.061042,11.065335760000057,8.60934681944998,13.591046343950074,6.270657423225996,15.860014096774117,0.7337781914588843,0.7079784962994683,0.7548440385081823,2000,2000,True,45.29768318571265,42.771057933616866,49.4539696576161,2000,2000,True,0.15428181999999424,0.047546963199982265,0.2916421558999625,0.09388283140796927,1236,1.4017769450789239e-05,0.0012478467012407243,88173800,0,0.0,0.8207078116666667,5,0,0,0,165.0,24.4280391000001,0.1480487218181824,False,0,5,600.0,0.040713398500000164,False,0.48945711905930916,240.0,0.75,0.0,3480.0
five_overlay_mean_or_worst,Guard(1200),8,5,17634760,13.294030270000041,9.616822911500016,15.955103427250084,0.26898995331539693,0.18743583454020207,0.35215161059203925,5.435272420000009,1180.059981,1369.483303,0.002050363725198413,0.002363563662367725,871.460825,511.6762,871.460825,71.314338,59.621934,71.314338,11.134008830000058,8.648916604149983,13.65751587484997,6.298282659762623,15.969735000237492,0.7383321247691312,0.7109385921099154,0.761809328362208,2000,2000,True,45.57880714215826,43.06743990892413,49.705219343670755,2000,2000,True,0.08560874999999335,0.004013029599980645,0.19088958085011817,0.09388505429050353,22568152,0.2559507699566084,0.22760348105759384,88173800,0,0.0,0.7262173541666667,5,0,0,0,165.0,24.4280391000001,0.1480487218181824,False,0,5,1200.0,0.020356699250000082,False,0.48945711905930916,0.0,0.0,32.0,8280.0
five_overlay_mean_or_worst,FCFS,9,5,17634760,14.576080970000069,10.065377169249995,18.506425424150006,0.3827802510606788,0.2429348173227114,0.5257213855776314,5.866131874000009,357.328793,1171.061097,0.0006900277662037037,0.0020354846180555557,0.0,0.0,0.0,0.0,0.0,0.0,0.0,0.0,0.0,,,0.0,0.0,0.0,2000,2000,True,0.0,0.0,0.0,2000,2000,True,,,,0.06822144446536274,0,0.0,0.0,0,0,0.0,0.0,5,0,0,0,166.66666666666666,14.576080970000069,0.08745648582000042,False,0,5,,,False,0.435072994719386,0.0,0.0,0.0,0.0
five_overlay_mean_or_worst,SJF,9,5,17634760,4.794258160000051,2.9818360788999874,6.259681838349973,0.12545101592484395,0.08799402684685113,0.16265429753729657,1.521926130000002,997.699079,1171.061097,0.0017488410697751322,0.0020354846180555557,879.740894,565.189574,879.740894,386.498732,173.47845,386.498732,9.781822810000019,7.095808667849992,12.455277449800008,,,1.0,1.0,1.0,2000,2000,True,67.1087299126054,63.68948422519092,72.14542486147643,2000,2000,True,,,,0.06779678317141827,0,0.0,0.0,0,0,0.0,0.0,5,0,0,0,166.66666666666666,14.576080970000069,0.08745648582000042,False,0,5,,,False,0.435072994719386,0.0,0.0,0.0,0.0
five_overlay_mean_or_worst,SPJF-E,9,5,17634760,7.337261430000022,4.8419328054999475,9.509443156150022,0.16172783842615432,0.11375125125262626,0.21185997413754173,2.080210566000011,1171.061097,1171.061097,0.0020354846180555557,0.0020354846180555557,1029.033278,704.822273,1029.033278,236.480223,78.82653,236.480223,7.238819540000047,5.245609175000019,9.084358756300034,3.7197555436558334,10.75788353634426,0.7400276697508522,0.7123080214118399,0.7566609057145216,2000,2000,True,49.66231701716468,46.6641688142382,53.73265770476929,2000,2000,True,,,,0.06796796780903172,0,0.0,0.0,0,0,0.0,0.0,5,0,0,0,166.66666666666666,14.576080970000069,0.08745648582000042,False,0,5,,,False,0.435072994719386,0.0,0.0,0.0,0.0
five_overlay_mean_or_worst,Guard(300),9,5,17634760,7.618254100000032,5.007571421150016,9.919646029450055,0.1827452767111555,0.1252675395193624,0.24468930538030137,2.1256121300000017,490.573948,1171.061097,0.0009103405224867724,0.0020354846180555557,190.323398,175.747725,190.323398,101.634787,66.119952,101.634787,6.957826870000037,5.102156712450212,8.682604350199966,3.6784351366354393,10.237218603364635,0.7113016668924944,0.6800320658744765,0.7351372219893157,2000,2000,True,47.73455144987442,44.60755189335888,51.96827753731059,2000,2000,True,0.2809926700000096,0.1376493073999663,0.4266184768499584,0.06796877303688852,8990,0.00010195772440339422,0.006550772504988048,88173800,0,0.0,0.6344113266666667,5,0,0,0,166.66666666666666,14.576080970000069,0.08745648582000042,False,0,5,300.0,0.0485869365666669,False,0.435072994719386,135.0,0.5,0.0,1200.0
five_overlay_mean_or_worst,Guard(600),9,5,17634760,7.383469760000042,4.857063642449999,9.56776450410005,0.16508988104466474,0.11615981701145422,0.21717855225654045,2.085415920000005,770.614018,1171.061097,0.0013733697387566138,0.0020354846180555557,479.772221,469.639801,479.772221,236.480223,78.82653,236.480223,7.192611210000027,5.213642321550022,9.026276988949961,3.7135479370550684,10.671674482944985,0.7353037720788578,0.708359371688831,0.7538992637617961,2000,2000,True,49.345302244160024,46.247068479352784,53.59874090965871,2000,2000,True,0.046208330000020226,0.006551936749953402,0.08599846990005909,0.06796702648632588,537,6.090244494396295e-06,0.0004189482467806078,88173800,0,0.0,0.7996203683333334,5,0,0,0,166.66666666666666,14.576080970000069,0.08745648582000042,False,0,5,600.0,0.02429346828333345,False,0.435072994719386,270.0,0.75,0.0,3900.0
five_overlay_mean_or_worst,Guard(1200),9,5,17634760,7.365095990000071,4.847819804949938,9.558084997300073,0.16797214108187514,0.11710425452777073,0.22127434370000398,2.0689180740000075,915.059124,1171.061097,0.0016122009325396825,0.0020354846180555557,606.286259,403.841134,606.286259,73.498372,59.227222,73.498372,7.210984979999997,5.222748871650028,9.024385378400028,3.72807814578088,10.693891814219114,0.737182130576743,0.7094614983486112,0.7558448992217819,2000,2000,True,49.471356497273646,46.42220013966163,53.67153180030501,2000,2000,True,0.027834560000049358,-0.018618413049981485,0.085497732899957,0.06797502205870679,22846588,0.25910857873880905,0.2583843034761094,88173800,0,0.0,0.5052385491666667,5,0,0,0,166.66666666666666,14.576080970000069,0.08745648582000042,False,0,5,1200.0,0.012146734141666725,False,0.435072994719386,0.0,0.0,36.0,9300.0
five_overlay_mean_or_worst,FCFS,10,5,17634760,8.618315120000075,5.520514628050023,11.644777128499973,0.24705551667865025,0.16011471099293045,0.3366097607480235,2.355563010000003,293.894418,907.995857,0.0005851428869047618,0.0016005222503306879,0.0,0.0,0.0,0.0,0.0,0.0,0.0,0.0,0.0,,,0.0,0.0,0.0,2000,2000,True,0.0,0.0,0.0,2000,2000,True,,,,0.049426178751511216,0,0.0,0.0,0,0,0.0,0.0,5,0,0,0,168.0,8.618315120000075,0.05129949476190521,False,0,5,,,False,0.39156569524744733,0.0,0.0,0.0,0.0
five_overlay_mean_or_worst,SJF,10,5,17634760,2.5597560900000267,1.5829745045499894,3.5083779045999854,0.0846893689533056,0.05962982068178097,0.10965364538147074,0.7371036800000011,713.71625,907.995857,0.0012792927414021164,0.0016005222503306879,634.19923,427.499136,634.19923,276.920343,121.520893,276.920343,6.058559030000048,3.9493561529500223,8.129526937699833,,,1.0,1.0,1.0,2000,2000,True,70.2986482350856,67.53818857174218,73.66899198047997,2000,2000,True,,,,0.04909155554144202,0,0.0,0.0,0,0,0.0,0.0,5,0,0,0,168.0,8.618315120000075,0.05129949476190521,False,0,5,,,False,0.39156569524744733,0.0,0.0,0.0,0.0
five_overlay_mean_or_worst,SPJF-E,10,5,17634760,4.131791430000012,2.541734830399958,5.657425071549998,0.10889316194485185,0.07730852075546477,0.1433410484004645,0.9311799260000013,907.995857,907.995857,0.0016005222503306879,0.0016005222503306879,794.034939,529.047857,794.034939,262.676553,70.10675,262.676553,4.4865236900000625,2.9939230106000188,5.969552797149787,1.705685466146606,7.267361913853518,0.7405265291275089,0.7164388794999167,0.7626249712867561,2000,2000,True,52.05801397988362,49.47553929818173,55.2076883646784,2000,2000,True,,,,0.049225971887340694,0,0.0,0.0,0,0,0.0,0.0,5,0,0,0,168.0,8.618315120000075,0.05129949476190521,False,0,5,,,False,0.39156569524744733,0.0,0.0,0.0,0.0
five_overlay_mean_or_worst,Guard(300),10,5,17634760,4.242257240000052,2.594196149350001,5.8284498639498015,0.11892938446421723,0.08285818459812538,0.1575470818608834,0.9419223040000022,431.473331,907.995857,0.0008126212483465608,0.0016005222503306879,184.674283,174.562417,184.674283,89.445059,70.10675,89.445059,4.3760578800000225,2.9342888208000164,5.778590901399814,1.7164198999704028,7.035695860029643,0.7222935120927572,0.691874847272086,0.7485762439741617,2000,2000,True,50.776257529093286,47.96092887894648,53.92594296530228,2000,2000,True,0.11046581000003997,0.05236483879999695,0.20559184625003243,0.049228852561645296,5526,6.26716779814412e-05,0.004117262584724569,88173800,0,0.0,0.6155809433333334,5,0,0,0,168.0,8.618315120000075,0.05129949476190521,False,0,5,300.0,0.028727717066666915,False,0.39156569524744733,150.0,0.5,0.0,1320.0
five_overlay_mean_or_worst,Guard(600),10,5,17634760,4.141139220000043,2.5445644689499876,5.663640483400004,0.10958360649297164,0.07765839110890542,0.1446327113367284,0.9313818340000012,681.664714,907.995857,0.001226297476851852,0.0016005222503306879,484.528156,467.13183,484.528156,249.944543,70.10675,249.944543,4.477175900000032,2.9869708358999865,5.96025207314995,1.7027603908362305,7.251591409163833,0.7389836226453333,0.7149623000853288,0.761736436742371,2000,2000,True,51.94954973983352,49.31243118174733,55.14590735159954,2000,2000,True,0.00934779000003072,-0.00036946389999596973,0.021997403500010723,0.049225597626505836,256,2.9033567794514923e-06,8.319123566207212e-05,88173800,0,0.0,0.8075469266666667,5,0,0,0,168.0,8.618315120000075,0.05129949476190521,False,0,5,600.0,0.014363858533333457,False,0.39156569524744733,300.0,0.75,0.0,4320.0
five_overlay_mean_or_worst,Guard(1200),10,5,17634760,4.135379130000031,2.5449073159500015,5.651041241399942,0.1120164104468219,0.07885271338810103,0.14797443535801327,0.9272539360000014,681.796705,907.995857,0.0012265157159391533,0.0016005222503306879,503.830523,289.987552,503.830523,59.547176,53.438638,59.547176,4.482935990000044,2.9943755765500177,5.985612140899928,1.7064457285852672,7.259426251414821,0.7399343586159643,0.7132418700506786,0.7620391770790278,2000,2000,True,52.016385193397355,49.26355565056435,55.192449751868004,2000,2000,True,0.003587700000018401,-0.02088219584996882,0.0313871552999186,0.049230440334884065,23047006,0.26138156685999697,0.2820842674540486,88173800,0,0.0,0.4198587691666667,5,0,0,0,168.0,8.618315120000075,0.05129949476190521,False,0,5,1200.0,0.007181929266666729,False,0.39156569524744733,0.0,0.0,40.0,10320.0
five_overlay_mean_or_worst,FCFS,11,5,17634760,4.803847250000056,2.9304598987,6.9410040638000075,0.16493417299870292,0.10784484138046123,0.22361386130682026,0.9258337060000039,235.043192,814.982441,0.0004878359656084656,0.001446730226521164,0.0,0.0,0.0,0.0,0.0,0.0,0.0,0.0,0.0,,,0.0,0.0,0.0,2000,2000,True,0.0,0.0,0.0,2000,2000,True,,,,0.03626630586410022,0,0.0,0.0,0,0,0.0,0.0,5,0,0,0,169.0909090909091,4.803847250000056,0.028409849327957322,False,0,5,,,False,0.3559688138613157,0.0,0.0,0.0,0.0
five_overlay_mean_or_worst,SJF,11,5,17634760,1.4017141200000123,0.9004075479499931,1.9316078774499996,0.058406845050388935,0.0414127512682756,0.07566189475888786,0.42675256400000006,568.243562,814.982441,0.0010387625033068783,0.001446730226521164,512.759414,356.126479,512.759414,213.921001,125.430092,213.921001,3.402133130000044,2.019405506299983,4.956257710900002,,,1.0,1.0,1.0,2000,2000,True,70.82100976462155,67.8930422249379,73.66051906179818,2000,2000,True,,,,0.03599577198668992,0,0.0,0.0,0,0,0.0,0.0,5,0,0,0,169.0909090909091,4.803847250000056,0.028409849327957322,False,0,5,,,False,0.3559688138613157,0.0,0.0,0.0,0.0
five_overlay_mean_or_worst,SPJF-E,11,5,17634760,2.162679530000019,1.335562544299995,3.1512968309000193,0.07469757003553186,0.053221921192270615,0.0983152758196707,0.4831806500000007,814.982441,814.982441,0.001446730226521164,0.001446730226521164,708.101929,467.411186,708.101929,107.122451,58.357372,107.122451,2.6411677200000376,1.595239199550022,3.758856665400011,0.6068386231572447,4.675496816842831,0.7763269746001984,0.747500740564156,0.7989981116570021,2000,2000,True,54.980260248699764,52.574556549741494,57.053608814465456,2000,2000,True,,,,0.03610394470919932,0,0.0,0.0,0,0,0.0,0.0,5,0,0,0,169.0909090909091,4.803847250000056,0.028409849327957322,False,0,5,,,False,0.3559688138613157,0.0,0.0,0.0,0.0
five_overlay_mean_or_worst,Guard(300),11,5,17634760,2.2096662600000134,1.3565354383499928,3.24128994425,0.08067478288836363,0.05672871708619188,0.10658608891621732,0.48542861000000015,398.144901,814.982441,0.0007575147172619047,0.001446730226521164,194.312012,159.200541,194.312012,69.128861,58.357372,69.128861,2.594180990000043,1.5772858834000048,3.668435048350008,0.6295761716437054,4.55878580835638,0.7625160130050552,0.7270594926917119,0.7890526048444331,2000,2000,True,54.00215400271132,51.46008618611186,55.81340077124784,2000,2000,True,0.04698672999999465,0.016972248400010326,0.10722013179998768,0.03610547577625099,3213,3.643939582960018e-05,0.002413587002224621,88173800,0,0.0,0.6477067066666667,5,0,0,0,169.0909090909091,4.803847250000056,0.028409849327957322,False,0,5,300.0,0.016012824166666856,False,0.3559688138613157,165.0,0.5,0.0,1440.0
five_overlay_mean_or_worst,Guard(600),11,5,17634760,2.1608583000000223,1.335058656649977,3.144965221999992,0.07467037374687241,0.05317166611570694,0.09817367001147881,0.48288498400000035,618.520745,814.982441,0.0011218927662037038,0.001446730226521164,467.218167,465.647622,467.218167,107.122451,58.357372,107.122451,2.642988950000034,1.5966556516999812,3.7661482386500453,0.6037018118512498,4.682276088148818,0.7768622946274886,0.7482651044210294,0.7995708073988635,2000,2000,True,55.018172153579684,52.65698088726964,57.09095299420296,2000,2000,True,-0.0018212299999964543,-0.007978624900002718,-0.0001570787000015911,0.03610301472773091,102,1.1568062168127042e-06,1.741553709456378e-05,88173800,0,0.0,0.778696945,5,0,0,0,169.0909090909091,4.803847250000056,0.028409849327957322,False,0,5,600.0,0.008006412083333428,False,0.3559688138613157,330.0,0.75,0.0,4740.0
five_overlay_mean_or_worst,Guard(1200),11,5,17634760,2.161743750000004,1.3373556073999946,3.1468630149500223,0.07632781877865058,0.05416735314898122,0.10058620139346482,0.4827975120000005,569.724395,814.982441,0.001041210970568783,0.001446730226521164,398.188569,250.031976,398.188569,56.474999,49.8869,56.474999,2.6421035000000526,1.59752080750001,3.764859035150062,0.6069294607359987,4.677277539264106,0.7766020314437307,0.7463973304213077,0.7996846951923334,2000,2000,True,54.9997400521014,52.59538874044497,57.049356223964885,2000,2000,True,-0.0009357800000149297,-0.009658206350005149,0.00765916935001386,0.03610829974436851,23171691,0.26279564904767627,0.2990980024311124,88173800,0,0.0,0.33182380749999996,5,0,0,0,169.0909090909091,4.803847250000056,0.028409849327957322,False,0,5,1200.0,0.004003206041666714,False,0.3559688138613157,0.0,0.0,44.0,11340.0
five_overlay_mean_or_worst,FCFS,12,5,17634760,2.7339662100000437,1.594155952649987,4.156197549449966,0.11692199404919597,0.07786679015127462,0.15717425984512406,0.44025620000000004,182.120677,626.73737,0.0004003318072089947,0.0011354784556878309,0.0,0.0,0.0,0.0,0.0,0.0,0.0,0.0,0.0,,,0.0,0.0,0.0,2000,2000,True,0.0,0.0,0.0,2000,2000,True,,,,0.026794478631974577,0,0.0,0.0,0,0,0.0,0.0,5,0,0,0,170.0,2.7339662100000437,0.016082154176470846,False,0,5,,,False,0.3263047460395394,0.0,0.0,0.0,0.0
five_overlay_mean_or_worst,SJF,12,5,17634760,0.8884053700000072,0.5799821040000119,1.2512809289499969,0.04420161872164966,0.03178760875844817,0.056914536970885256,0.28081370200000033,456.022841,626.73737,0.0008532123693783068,0.0011354784556878309,417.669049,287.653647,417.669049,183.613567,89.275465,183.613567,1.8455608400000365,1.0074895293999895,2.899325626200001,,,1.0,1.0,1.0,2000,2000,True,67.50488843825202,62.944173219876966,71.25031405136332,2000,2000,True,,,,0.026593319103860785,0,0.0,0.0,0,0,0.0,0.0,5,0,0,0,170.0,2.7339662100000437,0.016082154176470846,False,0,5,,,False,0.3263047460395394,0.0,0.0,0.0,0.0
five_overlay_mean_or_worst,SPJF-E,12,5,17634760,1.2828942500000076,0.7764681370000002,1.936694491750083,0.05620608082958879,0.040424143171933026,0.07340327110483177,0.31180656400000006,626.73737,626.73737,0.0011354784556878309,0.0011354784556878309,521.377218,373.375478,521.377218,51.040287,43.709585,51.040287,1.4510719600000361,0.8160030593499858,2.2157485706999975,0.10932760519733353,2.7928163148027387,0.7862498642959976,0.754453058073943,0.8109470496563892,2000,2000,True,53.07570937389211,50.401708530168,55.51043152222722,2000,2000,True,,,,0.026678435090695875,0,0.0,0.0,0,0,0.0,0.0,5,0,0,0,170.0,2.7339662100000437,0.016082154176470846,False,0,5,,,False,0.3263047460395394,0.0,0.0,0.0,0.0
five_overlay_mean_or_worst,Guard(300),12,5,17634760,1.30147324000002,0.7825050586499995,1.995591483499993,0.058694080113752545,0.041881799640950554,0.07698549722418363,0.31231396400000005,337.134787,626.73737,0.0006566382060185185,0.0011354784556878309,178.678866,162.911138,178.678866,43.709585,40.457806,43.709585,1.4324929700000237,0.8072948978499999,2.1751624739500066,0.12976869997155394,2.7352172400284935,0.7761830111219716,0.7374020228907345,0.8046409820873541,2000,2000,True,52.39614757345523,49.94188734410559,54.486312254053104,2000,2000,True,0.018578990000012396,0.004703188650007234,0.056227401899999516,0.026681372471187587,1977,2.2421626378810942e-05,0.0014441044494206,88173800,0,0.0,0.59559622,5,0,0,0,170.0,2.7339662100000437,0.016082154176470846,False,0,5,300.0,0.009113220700000146,False,0.3263047460395394,180.0,0.5,0.0,1560.0
five_overlay_mean_or_worst,Guard(600),12,5,17634760,1.2824743100000133,0.7760843699999949,1.9360788664500066,0.056185948443210974,0.0404161947310422,0.0733593960047833,0.3117498640000016,537.809554,626.73737,0.0009884417228835979,0.0011354784556878309,432.744581,372.900506,432.744581,51.040287,43.709585,51.040287,1.4514919000000304,0.8161539533499862,2.2193947617000007,0.1090432890908879,2.793940510909173,0.7864774048846862,0.7546953571000199,0.8113355463497423,2000,2000,True,53.0910694759467,50.42767604277691,55.533244227729675,2000,2000,True,-0.00041993999999423437,-0.002174094250000036,0.0006520455500189136,0.026678185583472642,58,6.577917703444786e-07,1.1015559510385396e-05,88173800,0,0.0,0.7212409683333333,5,0,0,0,170.0,2.7339662100000437,0.016082154176470846,False,0,5,600.0,0.004556610350000073,False,0.3263047460395394,360.0,0.75,0.0,5160.0
five_overlay_mean_or_worst,Guard(1200),12,5,17634760,1.2802347900000168,0.776937163699999,1.93501338705,0.05666756384817253,0.04068887489674835,0.07399366461772885,0.31180220800000136,435.814329,626.73737,0.0008197988244047619,0.0011354784556878309,322.751734,205.685349,322.751734,51.154409,41.946562,51.154409,1.4537314200000269,0.8153513649500054,2.226315446350002,0.1073596613973753,2.8001031786026784,0.7876908679965262,0.7554602536758056,0.8123301203536505,2000,2000,True,53.1729841679354,50.54055725374555,55.55348824639545,2000,2000,True,-0.002659459999990732,-0.009987997850012687,0.002996399649998425,0.026682177699044386,23276220,0.26398113725392347,0.31157654728850465,88173800,0,0.0,0.26895977833333334,5,0,0,0,170.0,2.7339662100000437,0.016082154176470846,False,0,5,1200.0,0.0022783051750000366,False,0.3263047460395394,0.0,0.0,48.0,12360.0
five_overlay_mean_or_worst,FCFS,13,5,17634760,1.5064875600000047,0.8325579152499998,2.4131050117499937,0.08103306136845642,0.05388586989413001,0.10860381179504594,0.2500500760000005,146.433389,539.513237,0.00034132504794973545,0.0009912586590608465,0.0,0.0,0.0,0.0,0.0,0.0,0.0,0.0,0.0,,,0.0,0.0,0.0,2000,2000,True,0.0,0.0,0.0,2000,2000,True,,,,0.020198086052773047,0,0.0,0.0,0,0,0.0,0.0,5,0,0,0,170.76923076923077,1.5064875600000047,0.008821774000000027,False,0,5,,,False,0.3012043809595749,0.0,0.0,0.0,0.0
five_overlay_mean_or_worst,SJF,13,5,17634760,0.5603487900000026,0.3858024115999985,0.799322130849993,0.030435535098169757,0.02182105097829025,0.03919308959012759,0.19273405600000024,317.086544,539.513237,0.0006234896560846561,0.0009912586590608465,289.80863,213.401968,289.80863,185.804985,93.592497,185.804985,0.9461387700000021,0.4433794354499985,1.6251872539500176,,,1.0,1.0,1.0,2000,2000,True,62.80428694678363,53.07985112524244,68.04316178540567,2000,2000,True,,,,0.020033377261726274,0,0.0,0.0,0,0,0.0,0.0,5,0,0,0,170.76923076923077,1.5064875600000047,0.008821774000000027,False,0,5,,,False,0.3012043809595749,0.0,0.0,0.0,0.0
five_overlay_mean_or_worst,SPJF-E,13,5,17634760,0.7347205700000087,0.4636341382499992,1.1291386910000132,0.038197614573524094,0.02761050806885243,0.050192584012781594,0.2009377940000005,539.513237,539.513237,0.0009912586590608465,0.0009912586590608465,434.376652,256.553315,434.376652,242.659083,47.566124,242.659083,0.771766989999996,0.3627391745499988,1.2958288805999931,-0.12420018405345024,1.6677341640534422,0.8157016861279179,0.7871087135754641,0.8351925262359761,2000,2000,True,51.229562758552994,44.018848728726795,54.943154632164976,2000,2000,True,,,,0.020100902989323356,0,0.0,0.0,0,0,0.0,0.0,5,0,0,0,170.76923076923077,1.5064875600000047,0.008821774000000027,False,0,5,,,False,0.3012043809595749,0.0,0.0,0.0,0.0
five_overlay_mean_or_worst,Guard(300),13,5,17634760,0.745588540000001,0.46726205749999516,1.159484596149997,0.03973333820827723,0.0282984991889363,0.05246434239737989,0.2012693280000001,290.888331,539.513237,0.0005801725049603175,0.0009912586590608465,167.621475,146.786845,167.621475,120.019169,42.22053,120.019169,0.7608990200000038,0.361033101299999,1.2640012130999843,-0.10978375981580435,1.631581799815812,0.8042150307401545,0.7708298238238107,0.8267959192353321,2000,2000,True,50.50815155752109,43.69012151431469,53.809849013219115,2000,2000,True,0.010867969999992289,0.002464421649997335,0.03432861529999083,0.02010501985850672,1218,1.3813627177234051e-05,0.0008442536924701651,88173800,0,0.0,0.55873825,5,0,0,0,170.76923076923077,1.5064875600000047,0.008821774000000027,False,0,5,300.0,0.005021625200000016,False,0.3012043809595749,195.0,0.5,0.0,1680.0
five_overlay_mean_or_worst,Guard(600),13,5,17634760,0.7346673400000084,0.46380738935000193,1.1289797417500076,0.03821323614695067,0.027614643166974626,0.0502048062045559,0.20094456400000005,539.513237,539.513237,0.0009912586590608465,0.0009912586590608465,434.376652,223.558283,434.376652,242.659083,47.566124,242.659083,0.7718202199999963,0.3626653820999976,1.2959596249499923,-0.12431043302612166,1.6679508730261143,0.8157579463739707,0.7871973182040851,0.8348633600085483,2000,2000,True,51.23309614318978,44.022527699806155,54.95995220392053,2000,2000,True,-5.3230000000237254e-05,-0.0002239381999982304,0.0004761127500063299,0.020101039084172396,22,2.4950722323411265e-07,2.7248335709478364e-06,88173800,0,0.0,0.7239610866666666,5,0,0,0,170.76923076923077,1.5064875600000047,0.008821774000000027,False,0,5,600.0,0.002510812600000008,False,0.3012043809595749,390.0,0.75,0.0,5580.0
five_overlay_mean_or_worst,Guard(1200),13,5,17634760,0.7351119600000076,0.46404859714999214,1.1304649470000117,0.03860503064185732,0.027795986794459444,0.05087920973943915,0.20114040000000002,354.222181,539.513237,0.0006848911722883598,0.0009912586590608465,298.44548,186.316018,298.44548,64.38181,47.566124,64.38181,0.7713755999999972,0.36297132970000523,1.2930119073500086,-0.12313836582413995,1.6658895658241342,0.8152880153087855,0.7856628850337878,0.8346551869164326,2000,2000,True,51.20358245772668,44.01011849672595,54.90009636133093,2000,2000,True,0.00039138999999888124,-0.0008831715000033741,0.0026496456499701397,0.020104679621384132,23337391,0.26467489208812595,0.3222248168685235,88173800,0,0.0,0.24870456666666665,5,0,0,0,170.76923076923077,1.5064875600000047,0.008821774000000027,False,0,5,1200.0,0.001255406300000004,False,0.3012043809595749,0.0,0.0,52.0,13380.0
five_overlay_mean_or_worst,FCFS,14,5,17634760,0.835969950000014,0.45355644014999863,1.495076129499987,0.060061868933844256,0.04006283217211511,0.08047809992974918,0.15843308200000003,117.642807,266.461226,0.0002937215724206349,0.0005397837731481482,0.0,0.0,0.0,0.0,0.0,0.0,0.0,0.0,0.0,,,0.0,0.0,0.0,2000,2000,True,0.0,0.0,0.0,2000,2000,True,,,,0.015369656292458758,0,0.0,0.0,0,0,0.0,0.0,5,0,0,0,171.42857142857144,0.835969950000014,0.004876491375000081,False,0,5,,,False,0.27968978231960523,0.0,0.0,0.0,0.0
five_overlay_mean_or_worst,SJF,14,5,17634760,0.3914077600000053,0.2591936298499977,0.5469696573499991,0.023606981331313844,0.016943414610075196,0.030317105012246267,0.1226979740000002,235.188444,266.461226,0.000488076130952381,0.0005397837731481482,221.775631,185.654522,221.775631,144.926274,111.961047,144.926274,0.44456219000000863,0.19203131945000035,0.9537794746500036,,,1.0,1.0,1.0,2000,2000,True,53.17920697986827,42.2286684502976,63.670947118351705,2000,2000,True,,,,0.01522844654534567,0,0.0,0.0,0,0,0.0,0.0,5,0,0,0,171.42857142857144,0.835969950000014,0.004876491375000081,False,0,5,,,False,0.27968978231960523,0.0,0.0,0.0,0.0
five_overlay_mean_or_worst,SPJF-E,14,5,17634760,0.46871945000000687,0.2978175221000006,0.7282514292500009,0.02952898259459158,0.021379496781617543,0.0386449492101751,0.1287248,266.461226,266.461226,0.0005397837731481482,0.0005397837731481482,253.722955,217.707747,253.722955,50.550272,38.921597,50.550272,0.3672505000000071,0.1527454958500022,0.7638333615000045,-0.23005902070565182,0.9645600207056659,0.8260947697778795,0.7840863650344564,0.8341555556585601,2000,2000,True,43.93106474700448,33.30737697182767,51.5385267420559,2000,2000,True,,,,0.015282419494226176,0,0.0,0.0,0,0,0.0,0.0,5,0,0,0,171.42857142857144,0.835969950000014,0.004876491375000081,False,0,5,,,False,0.27968978231960523,0.0,0.0,0.0,0.0
five_overlay_mean_or_worst,Guard(300),14,5,17634760,0.4701134100000086,0.29809328680000075,0.7369439632500042,0.030421060812361483,0.02191236977241988,0.039934725611673313,0.12885695800000058,248.503983,266.461226,0.0005100925644841269,0.0005397837731481482,146.490851,138.289087,146.490851,40.588271,38.734535,40.588271,0.36585654000000534,0.1522238434000016,0.7530369893000066,-0.22517919614267112,0.9568922761426818,0.8229591904790604,0.7799570933220464,0.831817003352979,2000,2000,True,43.76431712647078,33.13129061148727,51.0742532854056,2000,2000,True,0.0013939600000017482,-0.0003783158499989142,0.008633413099999983,0.015284767130372062,655,7.428510509924716e-06,0.0003832517488837497,88173800,0,0.0,0.48830283666666663,5,0,0,0,171.42857142857144,0.835969950000014,0.004876491375000081,False,0,5,300.0,0.0027865665000000464,False,0.27968978231960523,210.0,0.5,0.0,1800.0
five_overlay_mean_or_worst,Guard(600),14,5,17634760,0.46871945000000687,0.2978175221000006,0.7282514292500009,0.029528998261558415,0.021379496781617543,0.038644994425640615,0.1287248,265.527224,266.461226,0.0005382394576719577,0.0005397837731481482,253.722955,217.707747,253.722955,50.550272,38.921597,50.550272,0.3672505000000071,0.1527454958500022,0.7638333615000045,-0.23005902070565182,0.9645600207056659,0.8260947697778795,0.7840863650344564,0.8341555556585601,2000,2000,True,43.93106474700448,33.30737697182767,51.5385267420559,2000,2000,True,0.0,0.0,0.0,0.015282419494226176,1,1.1341237419732392e-08,1.1341200077500638e-07,88173800,0,0.0,0.4228715916666667,5,0,0,0,171.42857142857144,0.835969950000014,0.004876491375000081,False,0,5,600.0,0.0013932832500000232,False,0.27968978231960523,420.0,0.75,0.0,6000.0
five_overlay_mean_or_worst,Guard(1200),14,5,17634760,0.46798726000000423,0.29787008005000076,0.7287351803000087,0.02979020397864216,0.021517554919114036,0.0389615721006014,0.12895289200000018,259.814024,266.461226,0.0005287930291005291,0.0005397837731481482,203.727619,162.136486,203.727619,50.550272,39.275649,50.550272,0.3679826900000097,0.15274832500000124,0.7651171423500069,-0.22903428982223695,0.9649996698222564,0.8277417609446331,0.7846658736168595,0.8345240559660853,2000,2000,True,44.01865043115528,33.36270171053191,51.50847624700766,2000,2000,True,-0.0007321900000026305,-0.0019278203499994873,0.0014257948000000482,0.015285515652041762,23385603,0.26522167582660605,0.3289677401338845,88173800,0,0.0,0.16977301583333335,5,0,0,0,171.42857142857144,0.835969950000014,0.004876491375000081,False,0,5,1200.0,0.0006966416250000116,False,0.27968978231960523,0.0,0.0,56.0,14400.0
five_overlay_mean_or_worst,FCFS,15,5,17634760,0.4866734000000029,0.270482785,0.9317806315000052,0.04557284594333006,0.03033747593424016,0.061061698950970786,0.06534922000000029,111.004282,246.388704,0.00028274517526455026,0.0005065950793650793,0.0,0.0,0.0,0.0,0.0,0.0,0.0,0.0,0.0,,,0.0,0.0,0.0,2000,2000,True,0.0,0.0,0.0,2000,2000,True,,,,0.011887102517981533,0,0.0,0.0,0,0,0.0,0.0,5,0,0,0,172.0,0.4866734000000029,0.002829496511627924,False,0,5,,,False,0.2610437968316316,0.0,0.0,0.0,0.0
five_overlay_mean_or_worst,SJF,15,5,17634760,0.2684830200000014,0.17785295734999987,0.39266992195000094,0.018702815565417398,0.013408378955881177,0.02394955834659784,0.04716097800000087,199.790524,246.388704,0.0004295478240740741,0.0005065950793650793,189.423473,169.972469,189.423473,131.551364,74.825757,131.551364,0.21819038000000152,0.09066711699999741,0.5510509724999992,,,1.0,1.0,1.0,2000,2000,True,44.83301943356678,33.250012254882584,58.544249752652114,2000,2000,True,,,,0.011770922881853793,0,0.0,0.0,0,0,0.0,0.0,5,0,0,0,172.0,0.4866734000000029,0.002829496511627924,False,0,5,,,False,0.2610437968316316,0.0,0.0,0.0,0.0
five_overlay_mean_or_worst,SPJF-E,15,5,17634760,0.3128160400000043,0.1956324349999999,0.48280357410000757,0.02290973294979915,0.016592874806389744,0.029877739126743446,0.05090261000000015,237.917074,246.388704,0.0004925877546296297,0.0005065950793650793,234.127738,167.137232,234.127738,46.9529,38.734912,46.9529,0.17385735999999863,0.07373512029999577,0.45158731339999814,-0.1858240361451552,0.5335387561451524,0.7968149649860705,0.7812770482402619,0.83652980840037,2000,2000,True,35.72362081017734,27.180098615810156,48.19625080301917,2000,2000,True,,,,0.011815062977891392,0,0.0,0.0,0,0,0.0,0.0,5,0,0,0,172.0,0.4866734000000029,0.002829496511627924,False,0,5,,,False,0.2610437968316316,0.0,0.0,0.0,0.0
five_overlay_mean_or_worst,Guard(300),15,5,17634760,0.3126637100000059,0.1958845050999991,0.48329260459999634,0.023170407216270592,0.016665938232902588,0.030198816278657482,0.05095197400000021,236.187535,246.388704,0.0004897280671296297,0.0005065950793650793,158.39368,134.050751,158.39368,40.21,38.056512,40.21,0.174009689999997,0.07356058769999495,0.4512746592999992,-0.18573855406307477,0.5337579340630687,0.7975131167560907,0.7812189890771204,0.8364375676731752,2000,2000,True,35.75492106205023,27.1570024995131,48.19810967359571,2000,2000,True,-0.0001523299999983685,-0.00039023665000219586,0.0005461691999980797,0.011816208442870785,339,3.84467948528928e-06,0.00012736409573415014,88173800,0,0.0,0.5279789333333333,5,0,0,0,172.0,0.4866734000000029,0.002829496511627924,False,0,5,300.0,0.0016222446666666764,False,0.2610437968316316,225.0,0.5,0.0,1920.0
five_overlay_mean_or_worst,Guard(600),15,5,17634760,0.3128160400000043,0.1956324349999999,0.48280357410000757,0.02290973294979915,0.016592874806389744,0.029877739126743446,0.05090261000000015,237.917074,246.388704,0.0004925877546296297,0.0005065950793650793,234.127738,167.137232,234.127738,46.9529,38.734912,46.9529,0.17385735999999863,0.07373512029999577,0.45158731339999814,-0.1858240361451552,0.5335387561451524,0.7968149649860705,0.7812770482402619,0.83652980840037,2000,2000,True,35.72362081017734,27.180098615810156,48.19625080301917,2000,2000,True,0.0,0.0,0.0,0.011815062977891392,0,0.0,0.0,88173800,0,0.0,0.39021289666666664,5,0,0,0,172.0,0.4866734000000029,0.002829496511627924,False,0,5,600.0,0.0008111223333333382,False,0.2610437968316316,450.0,0.75,0.0,6420.0
five_overlay_mean_or_worst,Guard(1200),15,5,17634760,0.31325857000000645,0.1964925865499999,0.4818528348000047,0.02300337311420174,0.01662196340985227,0.030010513187330556,0.051082692000000186,246.388704,246.388704,0.0005065950793650793,0.0005065950793650793,172.874547,139.487855,172.874547,46.9529,38.734912,46.9529,0.17341482999999647,0.07328472669999953,0.45355819625000093,-0.1876073832692952,0.5344370432692882,0.7947867820753384,0.7783949055034078,0.8368838084635782,2000,2000,True,35.632691246325656,27.05464184029706,48.31491709629011,2000,2000,True,0.00044253000000216147,-0.0013454468499976113,0.000996023300001312,0.01181770548621019,23423031,0.2656461556607518,0.3343745441359595,88173800,0,0.0,0.1440621225,5,0,0,0,172.0,0.4866734000000029,0.002829496511627924,False,0,5,1200.0,0.0004055611666666691,False,0.2610437968316316,0.0,0.0,60.0,15420.0
five_overlay_mean_or_worst,FCFS,16,5,17634760,0.2921195800000008,0.15466346029999964,0.5623732141999995,0.0345740987511937,0.02275040539416605,0.04655950757498689,0.0005819999999999999,109.389997,230.766512,0.00028007605324074073,0.0004807647354497355,0.0,0.0,0.0,0.0,0.0,0.0,0.0,0.0,0.0,,,0.0,0.0,0.0,2000,2000,True,0.0,0.0,0.0,2000,2000,True,,,,0.009324039567309109,0,0.0,0.0,0,0,0.0,0.0,5,0,0,0,172.5,0.2921195800000008,0.001693446840579715,False,0,5,,,False,0.24472855952965458,0.0,0.0,0.0,0.0
five_overlay_mean_or_worst,SJF,16,5,17634760,0.181986890000003,0.10806513259999999,0.2737849847999999,0.014271216233983353,0.010198470354251825,0.018280791377949884,0.0,185.121428,230.766512,0.0004052933664021164,0.0004807647354497355,172.010913,141.877669,172.010913,89.051682,53.846876,89.051682,0.11013268999999781,0.04658927630000076,0.28723257279999936,,,1.0,1.0,1.0,2000,2000,True,37.70123522702501,28.808669876750507,51.43888200620803,2000,2000,True,,,,0.009223465473870924,0,0.0,0.0,0,0,0.0,0.0,5,0,0,0,172.5,0.2921195800000008,0.001693446840579715,False,0,5,,,False,0.24472855952965458,0.0,0.0,0.0,0.0
five_overlay_mean_or_worst,SPJF-E,16,5,17634760,0.20338145000000538,0.11855111090000121,0.3249817570000012,0.017685482364840795,0.012741559274013943,0.0231042404852666,0.000137,225.847274,230.766512,0.0004726310747354497,0.0004807647354497355,212.736759,151.6149,212.736759,40.62382,37.695826,40.62382,0.08873812999999545,0.03645471730000003,0.23702542949997799,-0.10516438641691395,0.28264064641690484,0.8057383325513724,0.7607212762983612,0.8291498576756785,2000,2000,True,30.377330406950193,22.145193591532426,42.39559120484552,2000,2000,True,,,,0.009266074502856856,0,0.0,0.0,0,0,0.0,0.0,5,0,0,0,172.5,0.2921195800000008,0.001693446840579715,False,0,5,,,False,0.24472855952965458,0.0,0.0,0.0,0.0
five_overlay_mean_or_worst,Guard(300),16,5,17634760,0.20345916000000014,0.11857159509999322,0.32513067160000236,0.017806045849107097,0.01275107128897229,0.023250318962699825,0.0001424,205.315965,230.766512,0.0004386838045634921,0.0004807647354497355,142.252612,130.886644,142.252612,40.62382,37.695826,40.62382,0.08866042000000068,0.03641273809999953,0.23697402689997796,-0.1050222177751293,0.2823430577751307,0.8050327291560975,0.7599143964703529,0.827852036212765,2000,2000,True,30.350728287367946,22.137930872335524,42.36003511112963,2000,2000,True,7.77099999947628e-05,-9.768200000748183e-06,0.00039860355000148444,0.009267991171980794,190,2.1548351097491544e-06,7.036112150946811e-05,88173800,0,0.0,0.47417537333333326,5,0,0,0,172.5,0.2921195800000008,0.001693446840579715,False,0,5,300.0,0.0009737319333333361,False,0.24472855952965458,240.0,0.5,0.0,2040.0
five_overlay_mean_or_worst,Guard(600),16,5,17634760,0.20338145000000538,0.11855111090000121,0.3249817570000012,0.017685482364840795,0.012741559274013943,0.0231042404852666,0.000137,225.847274,230.766512,0.0004726310747354497,0.0004807647354497355,212.736759,151.6149,212.736759,40.62382,37.695826,40.62382,0.08873812999999545,0.03645471730000003,0.23702542949997799,-0.10516438641691395,0.28264064641690484,0.8057383325513724,0.7607212762983612,0.8291498576756785,2000,2000,True,30.377330406950193,22.145193591532426,42.39559120484552,2000,2000,True,0.0,0.0,0.0,0.009266074502856856,0,0.0,0.0,88173800,0,0.0,0.35456126499999996,5,0,0,0,172.5,0.2921195800000008,0.001693446840579715,False,0,5,600.0,0.00048686596666666805,False,0.24472855952965458,480.0,0.75,0.0,6840.0
five_overlay_mean_or_worst,Guard(1200),16,5,17634760,0.20357906000000123,0.11829247139999993,0.32552991049999985,0.01756336106911576,0.012697146712073072,0.023046999943075686,0.000137,230.766512,230.766512,0.0004807647354497355,0.0004807647354497355,161.314185,127.936288,161.314185,41.104006,36.917662,41.104006,0.0885405199999996,0.036436254,0.23653027229999948,-0.10488598569560836,0.28196702569560755,0.8039440424092189,0.7612890517180854,0.8274597316796858,2000,2000,True,30.30968345223533,22.145700261598844,42.287373283473734,2000,2000,True,0.00019760999999585138,-0.0003696715499999087,0.0007633278499999709,0.009266891071951078,23451543,0.26596951702206323,0.3388874362659562,88173800,0,0.0,0.1344284875,5,0,0,0,172.5,0.2921195800000008,0.001693446840579715,False,0,5,1200.0,0.00024343298333333403,False,0.24472855952965458,0.0,0.0,64.0,16440.0
five_overlay_mean_or_worst,FCFS,17,5,17634760,0.1683001300000066,0.06624355019999924,0.33926810564999366,0.02696500510599531,0.01755527023574322,0.03648474449425907,0.0,95.406377,203.432635,0.00025695498842592595,0.0004355698330026455,0.0,0.0,0.0,0.0,0.0,0.0,0.0,0.0,0.0,,,0.0,0.0,0.0,2000,2000,True,0.0,0.0,0.0,2000,2000,True,,,,0.007447926708387299,0,0.0,0.0,0,0,0.0,0.0,5,0,0,0,172.94117647058823,0.1683001300000066,0.0009731640170068409,False,0,5,,,False,0.23033276191026317,0.0,0.0,0.0,0.0
five_overlay_mean_or_worst,SJF,17,5,17634760,0.11305598000000008,0.04413276044999901,0.18631506094997363,0.011339649341119477,0.008120794353574724,0.01455830286784721,0.0,171.43946,203.432635,0.0003826710648148148,0.0004355698330026455,158.328945,114.382637,158.328945,105.586873,54.146756,105.586873,0.055244150000006514,0.022983589050000593,0.1523090136999948,,,1.0,1.0,1.0,2000,2000,True,32.82478153760449,31.043733824008434,45.85687057157653,2000,2000,True,,,,0.007362867427739306,0,0.0,0.0,0,0,0.0,0.0,5,0,0,0,172.94117647058823,0.1683001300000066,0.0009731640170068409,False,0,5,,,False,0.23033276191026317,0.0,0.0,0.0,0.0
five_overlay_mean_or_worst,SPJF-E,17,5,17634760,0.12592737000000048,0.04940498079999781,0.21655456769999945,0.013775511694857214,0.009923616898393252,0.017949414161822896,0.0,203.432635,203.432635,0.0004355698330026455,0.0004355698330026455,190.32212,125.092076,190.32212,39.807547,32.469512,39.807547,0.042372760000006116,0.01739269750000116,0.12252924694999899,-0.059905570632636365,0.14465109063264858,0.7670089955226231,0.7353128691697877,0.8160478063920352,2000,2000,True,25.17690271540756,23.81209955655944,36.213139763921184,2000,2000,True,,,,0.007402300910247715,0,0.0,0.0,0,0,0.0,0.0,5,0,0,0,172.94117647058823,0.1683001300000066,0.0009731640170068409,False,0,5,,,False,0.23033276191026317,0.0,0.0,0.0,0.0
five_overlay_mean_or_worst,Guard(300),17,5,17634760,0.1259493100000007,0.049424528549999236,0.2165552059499996,0.013865384253871344,0.00994455940829394,0.018121823274269366,0.0,178.151679,203.432635,0.00039376931051587303,0.0004355698330026455,132.042232,123.235394,132.042232,39.807547,32.469512,39.807547,0.042350820000005895,0.017377148749999495,0.12250027094999891,-0.05991680246372351,0.14461844246373529,0.766611849399455,0.734843198483941,0.8157606328381303,2000,2000,True,25.163866480676063,23.78689505388275,36.199010394067564,2000,2000,True,2.1940000000220117e-05,-3.3144599999589475e-05,0.00012097629999923311,0.007402845289643863,120,1.360948490367887e-06,3.465227078290496e-05,88173800,0,0.0,0.4401407733333334,5,0,0,0,172.94117647058823,0.1683001300000066,0.0009731640170068409,False,0,5,300.0,0.0005610004333333553,False,0.23033276191026317,255.0,0.5,0.0,2160.0
five_overlay_mean_or_worst,Guard(600),17,5,17634760,0.12592737000000048,0.04940498079999781,0.21655456769999945,0.013775511694857214,0.009923616898393252,0.017949414161822896,0.0,203.432635,203.432635,0.0004355698330026455,0.0004355698330026455,190.32212,125.092076,190.32212,39.807547,32.469512,39.807547,0.042372760000006116,0.01739269750000116,0.12252924694999899,-0.059905570632636365,0.14465109063264858,0.7670089955226231,0.7353128691697877,0.8160478063920352,2000,2000,True,25.17690271540756,23.81209955655944,36.213139763921184,2000,2000,True,0.0,0.0,0.0,0.007402300910247715,0,0.0,0.0,88173800,0,0.0,0.3172035333333333,5,0,0,0,172.94117647058823,0.1683001300000066,0.0009731640170068409,False,0,5,600.0,0.00028050021666667764,False,0.23033276191026317,510.0,0.75,0.0,7260.0
five_overlay_mean_or_worst,Guard(1200),17,5,17634760,0.12608854000000172,0.049523546800000005,0.21666111704999966,0.013816456173784061,0.00998452116480666,0.017987745695144067,0.0,201.534049,203.432635,0.00043243063657407403,0.0004355698330026455,152.72857,115.165273,152.72857,39.807547,32.518802,39.807547,0.04221159000000488,0.017319424549999546,0.12236876124999849,-0.060003195477168564,0.14442637547717832,0.7640915825476525,0.7302291707793788,0.8131994101890714,2000,2000,True,25.081139271849178,23.63912037513917,36.136154589433076,2000,2000,True,0.00016117000000123727,-1.332299999768343e-05,0.0004957671000050474,0.007404172214421971,23468426,0.26616099113342057,0.3418759222488978,88173800,0,0.0,0.12727380833333332,5,0,0,0,172.94117647058823,0.1683001300000066,0.0009731640170068409,False,0,5,1200.0,0.00014025010833333882,False,0.23033276191026317,0.0,0.0,68.0,17460.0
five_overlay_mean_or_worst,FCFS,18,5,17634760,0.07183914000000395,0.011394761150001329,0.19725747894998488,0.022086426722734,0.0142296742993052,0.029982387875138204,0.0,83.067047,175.464631,0.00023655265707671957,0.0003893264401455026,0.0,0.0,0.0,0.0,0.0,0.0,0.0,0.0,0.0,,,0.0,,,1990,2000,False,0.0,,,1990,2000,False,,,,0.006007623579793544,0,0.0,0.0,0,0,0.0,0.0,5,0,0,0,173.33333333333334,0.07183914000000395,0.0004144565769230997,False,0,5,,,False,0.217536497359693,0.0,0.0,0.0,0.0
five_overlay_mean_or_worst,SJF,18,5,17634760,0.04396286000000127,0.006912590000000001,0.11415585795000537,0.009726428917921191,0.006994657001929444,0.012439485829084924,0.0,143.737401,175.464631,0.00033686739583333337,0.0003893264401455026,130.626886,106.219291,130.626886,104.197475,75.706497,104.197475,0.02787628000000268,0.004894133199999993,0.08500545100000807,,,1.0,,,1990,2000,False,38.80374959945393,,,1990,2000,False,,,,0.005937908993374449,0,0.0,0.0,0,0,0.0,0.0,5,0,0,0,173.33333333333334,0.07183914000000395,0.0004144565769230997,False,0,5,,,False,0.217536497359693,0.0,0.0,0.0,0.0
five_overlay_mean_or_worst,SPJF-E,18,5,17634760,0.0505846,0.008098395,0.13094093619999994,0.011646988070141025,0.008416542890551946,0.015038466243492365,0.0,175.464631,175.464631,0.0003893264401455026,0.0003893264401455026,159.784915,122.210432,159.784915,39.520331,32.342042,39.520331,0.02125454000000395,0.003650394499998021,0.06773083549999934,-0.041125030987923146,0.08363411098793105,0.7624596969180215,,,1990,2000,False,29.586295158882443,,,1990,2000,False,,,,0.005968167414810295,0,0.0,0.0,0,0,0.0,0.0,5,0,0,0,173.33333333333334,0.07183914000000395,0.0004144565769230997,False,0,5,,,False,0.217536497359693,0.0,0.0,0.0,0.0
five_overlay_mean_or_worst,Guard(300),18,5,17634760,0.05061439999999999,0.008098395,0.13102166619999991,0.01163956012308646,0.008416418519432211,0.01503115380450867,0.0,169.470441,175.464631,0.0003794154117063492,0.0003893264401455026,127.489538,120.184809,127.489538,39.520331,32.342042,39.520331,0.02122474000000396,0.003650394499998021,0.06767700290000109,-0.0411023719363343,0.08355185193634222,0.7613906877101937,,,1990,2000,False,29.544813593262383,,,1990,2000,False,2.9799999999989557e-05,-3.164150000237176e-06,0.00014487574999987455,0.0059684736282206285,114,1.2929010658494928e-06,2.9430548998684378e-05,88173800,0,0.0,0.4249651266666666,5,0,0,0,173.33333333333334,0.07183914000000395,0.0004144565769230997,False,0,5,300.0,0.00023946380000001318,False,0.217536497359693,270.0,0.5,0.0,2280.0
five_overlay_mean_or_worst,Guard(600),18,5,17634760,0.0505846,0.008098395,0.13094093619999994,0.011646988070141025,0.008416542890551946,0.015038466243492365,0.0,175.464631,175.464631,0.0003893264401455026,0.0003893264401455026,159.784915,122.210432,159.784915,39.520331,32.342042,39.520331,0.02125454000000395,0.003650394499998021,0.06773083549999934,-0.041125030987923146,0.08363411098793105,0.7624596969180215,,,1990,2000,False,29.586295158882443,,,1990,2000,False,0.0,0.0,0.0,0.005968167414810295,0,0.0,0.0,88173800,0,0.0,0.26630819166666664,5,0,0,0,173.33333333333334,0.07183914000000395,0.0004144565769230997,False,0,5,600.0,0.00011973190000000659,False,0.217536497359693,540.0,0.75,0.0,7680.0
five_overlay_mean_or_worst,Guard(1200),18,5,17634760,0.05070806000000052,0.0081871440000024,0.13125504239999905,0.011643240283712407,0.008418153093502275,0.015013571671570055,0.0,169.530302,175.464631,0.00037951438822751325,0.0003893264401455026,129.70004,110.534795,129.70004,39.520331,32.342042,39.520331,0.02113108000000343,0.003568075499999951,0.06717350649999998,-0.04108237603552383,0.08334453603553069,0.7580308419918798,,,1990,2000,False,29.41443898131613,,,1990,2000,False,0.00012346000000051927,-8.710169999918797e-05,0.00048358979999794645,0.005968598381832245,23486149,0.2663619918842105,0.3443648294202375,88173800,0,0.0,0.10808336666666667,5,0,0,0,173.33333333333334,0.07183914000000395,0.0004144565769230997,False,0,5,1200.0,5.9865950000003296e-05,False,0.217536497359693,0.0,0.0,72.0,18480.0
five_overlay_mean_or_worst,FCFS,19,5,17634760,0.01095675000000056,0.0,0.09648201999999989,0.01704116388773084,0.010879827328360374,0.02330274021693707,0.0,74.027797,164.273706,0.00022160680720899475,0.0003708229265873016,0.0,0.0,0.0,0.0,0.0,0.0,0.0,0.0,0.0,,,0.0,,,1743,2000,False,0.0,,,1743,2000,False,,,,0.004924387970122644,0,0.0,0.0,0,0,0.0,0.0,5,0,0,0,173.6842105263158,0.01095675000000056,6.308431818182139e-05,False,0,5,,,False,0.20608720802497227,0.0,0.0,0.0,0.0
five_overlay_mean_or_worst,SJF,19,5,17634760,0.005374200000000001,0.0,0.05391142690000038,0.0074541434074407486,0.005306460447188248,0.009598525482777828,0.0,139.031021,164.273706,0.0003290856828703704,0.0003708229265873016,109.142772,96.917143,109.142772,54.627916,37.403724,54.627916,0.005582550000000559,0.0,0.04244320659999835,,,1.0,,,1743,2000,False,50.950783763436,,,1743,2000,False,,,,0.004862464813810906,0,0.0,0.0,0,0,0.0,0.0,5,0,0,0,173.6842105263158,0.01095675000000056,6.308431818182139e-05,False,0,5,,,False,0.20608720802497227,0.0,0.0,0.0,0.0
five_overlay_mean_or_worst,SPJF-E,19,5,17634760,0.007220399999999999,0.0,0.0634523769500006,0.00889453191112326,0.0063390631557193305,0.011559759918614453,0.0,164.126966,164.273706,0.00037058030092592596,0.0003708229265873016,126.743258,98.565647,126.743258,39.319562,19.625051,39.319562,0.0037363500000005606,0.0,0.03288522590000012,-0.031619950050440784,0.03909265005044191,0.6692909154419013,,,1743,2000,False,34.10089670751245,,,1743,2000,False,,,,0.004891952031102209,0,0.0,0.0,0,0,0.0,0.0,5,0,0,0,173.6842105263158,0.01095675000000056,6.308431818182139e-05,False,0,5,,,False,0.20608720802497227,0.0,0.0,0.0,0.0
five_overlay_mean_or_worst,Guard(300),19,5,17634760,0.007220399999999999,0.0,0.0634523769500006,0.00889477925841917,0.0063390631557193305,0.011559782264098513,0.0,164.126966,164.273706,0.00037058030092592596,0.0003708229265873016,126.743258,98.565647,126.743258,39.319562,19.625051,39.319562,0.0037363500000005606,0.0,0.032884765900000126,-0.03161713602079093,0.03908983602079205,0.6692909154419013,,,1743,2000,False,34.10089670751245,,,1743,2000,False,0.0,0.0,0.0,0.004891929348627371,37,4.196257845300985e-07,1.129238205993111e-05,88173800,0,0.0,0.4224775266666666,5,0,0,0,173.6842105263158,0.01095675000000056,6.308431818182139e-05,False,0,5,300.0,3.6522500000001865e-05,False,0.20608720802497227,285.0,0.5,0.0,2400.0
five_overlay_mean_or_worst,Guard(600),19,5,17634760,0.007220399999999999,0.0,0.0634523769500006,0.00889453191112326,0.0063390631557193305,0.011559759918614453,0.0,164.126966,164.273706,0.00037058030092592596,0.0003708229265873016,126.743258,98.565647,126.743258,39.319562,19.625051,39.319562,0.0037363500000005606,0.0,0.03288522590000012,-0.031619950050440784,0.03909265005044191,0.6692909154419013,,,1743,2000,False,34.10089670751245,,,1743,2000,False,0.0,0.0,0.0,0.004891952031102209,0,0.0,0.0,88173800,0,0.0,0.21123876333333333,5,0,0,0,173.6842105263158,0.01095675000000056,6.308431818182139e-05,False,0,5,600.0,1.8261250000000932e-05,False,0.20608720802497227,570.0,0.75,0.0,8100.0
five_overlay_mean_or_worst,Guard(1200),19,5,17634760,0.0072515999999999995,0.0,0.06357508999999993,0.00884984705245776,0.006309252379192499,0.011522216337574852,0.0,164.273706,164.273706,0.0003708229265873016,0.0003708229265873016,126.864612,87.366334,126.864612,39.319562,19.625051,39.319562,0.0037051500000005603,0.0,0.03289564450000126,-0.03156030187754725,0.03897060187754837,0.6637020716339647,,,1743,2000,False,33.81614073516664,,,1743,2000,False,3.1200000000000325e-05,-8.321259999999634e-05,0.00016293245000089003,0.0048935284631035515,23495820,0.2664716729912967,0.3466703808858124,88173800,0,0.0,0.10572050999999999,5,0,0,0,173.6842105263158,0.01095675000000056,6.308431818182139e-05,False,0,5,1200.0,9.130625000000466e-06,False,0.20608720802497227,0.0,0.0,76.0,19500.0
five_overlay_mean_or_worst,FCFS,20,5,17634760,0.0,0.0,0.03919218999999999,0.013973546686929688,0.008835390026242897,0.019137606174507858,0.0,73.808581,161.76521,0.0002212443468915344,0.0003666752810846561,0.0,0.0,0.0,0.0,0.0,0.0,0.0,0.0,0.0,,,,,,771,2000,False,,,,771,2000,False,,,,0.004059663981817728,0,0.0,0.0,0,0,0.0,0.0,5,0,0,0,174.0,0.0,0.0,False,0,5,,,False,0.19578284762372367,0.0,0.0,0.0,0.0
five_overlay_mean_or_worst,SJF,20,5,17634760,0.0,0.0,0.020873092200000717,0.00638265022151704,0.004510097273301159,0.008251698747965535,0.0,130.841752,161.76521,0.0003155452248677249,0.0003666752810846561,92.054759,88.377332,92.054759,92.008849,38.423706,92.008849,0.0,0.0,0.01817788080000026,,,,,,771,2000,False,,,,771,2000,False,,,,0.004003910458662324,0,0.0,0.0,0,0,0.0,0.0,5,0,0,0,174.0,0.0,0.0,False,0,5,,,False,0.19578284762372367,0.0,0.0,0.0,0.0
five_overlay_mean_or_worst,SPJF-E,20,5,17634760,0.0,0.0,0.02535898499999999,0.0073428977827767385,0.0051849825487147415,0.009567954479495988,0.0,161.76521,161.76521,0.0003666752810846561,0.0003666752810846561,124.383256,91.129845,124.383256,37.372568,17.786523,37.372568,0.0,0.0,0.013257529999999995,-0.016210399463374325,0.016210399463374325,,,,771,2000,False,,,,771,2000,False,,,,0.004028781792323797,0,0.0,0.0,0,0,0.0,0.0,5,0,0,0,174.0,0.0,0.0,False,0,5,,,False,0.19578284762372367,0.0,0.0,0.0,0.0
five_overlay_mean_or_worst,Guard(300),20,5,17634760,0.0,0.0,0.02535898499999999,0.0073429689423955835,0.0051849825487147415,0.009568191301250526,0.0,161.76521,161.76521,0.0003666752810846561,0.0003666752810846561,124.383256,91.129845,124.383256,37.372568,17.786523,37.372568,0.0,0.0,0.013257529999999995,-0.016210399463374325,0.016210399463374325,,,,771,2000,False,,,,771,2000,False,0.0,0.0,0.0,0.004028725086136698,8,9.072989935785913e-08,8.174121397263294e-07,88173800,0,0.0,0.41461085333333325,5,0,0,0,174.0,0.0,0.0,False,0,5,300.0,0.0,False,0.19578284762372367,300.0,0.5,0.0,2520.0
five_overlay_mean_or_worst,Guard(600),20,5,17634760,0.0,0.0,0.02535898499999999,0.0073428977827767385,0.0051849825487147415,0.009567954479495988,0.0,161.76521,161.76521,0.0003666752810846561,0.0003666752810846561,124.383256,91.129845,124.383256,37.372568,17.786523,37.372568,0.0,0.0,0.013257529999999995,-0.016210399463374325,0.016210399463374325,,,,771,2000,False,,,,771,2000,False,0.0,0.0,0.0,0.004028781792323797,0,0.0,0.0,88173800,0,0.0,0.20730542666666668,5,0,0,0,174.0,0.0,0.0,False,0,5,600.0,0.0,False,0.19578284762372367,600.0,0.75,0.0,8520.0
five_overlay_mean_or_worst,Guard(1200),20,5,17634760,0.0,0.0,0.025255056400002023,0.007391164575803695,0.005227143233560917,0.009640870697328436,0.0,161.76521,161.76521,0.0003666752810846561,0.0003666752810846561,124.383256,92.300344,124.383256,37.372568,17.786523,37.372568,0.0,0.0,0.013248709999999995,-0.016199671271077014,0.016199671271077014,,,,771,2000,False,,,,771,2000,False,0.0,-0.0001281945000007584,7.573979999993456e-05,0.004029643726367696,23508032,0.26661017218266647,0.3484082992344497,88173800,0,0.0,0.10365271333333334,5,0,0,0,174.0,0.0,0.0,False,0,5,1200.0,0.0,False,0.19578284762372367,0.0,0.0,80.0,20520.0
