level,k,late_submissions,mode,policy,n_overlays,n_jobs,n_dropped,bound_violations,p99_dl_s,p99_dl_realised_window_s,mean_s,gap_closed,reduction_pct,fired_pct,fired_fraction_queue_weighted,drift_mean_s,drift_p50_s,drift_p99_s,share_arriving_past_deadline,dl_arrivals_per_hour_mean,dl_arrivals_per_hour_p99,rho_busy_hour,span_days,offered_work_s,max_s,max_excess_s,harm_s,max_heavy_s,worst_ratio_to_bound,drift_max_s
0,8,dropped,closed,FCFS,3,17556782,77978,,9.00560772666667,9.002165716666715,0.24205454591306,0.0,0.0,100.0,1.0,38.71938235658295,2.564895,393.11798543999686,0.0,1133.455695854045,7911.966666666667,0.44993582673611093,208.32048956768517,7022865.129304334,232.453219,0.0,0.0,230.709251,nan,1049.33353
0,8,dropped,closed,Guard(600),3,17565263,69497,0,5.594767719999971,5.594186883333322,0.1301613349901401,0.831184930888301,37.83111063883224,9.678163018302987e-05,2.985080483504745e-05,18.10893468675825,1.0451833333333334,157.9320211066644,0.0,1135.7432857347103,7894.476666666663,0.4596206876851836,208.32048956768517,7028322.997918666,614.577521,478.458888,224.135388,614.577521,0.827961118549374,1161.253427
0,8,dropped,closed,SJF,3,17566406,68353,,4.913882023333334,4.912552830000018,0.12890845317516622,1.0,45.58392736628233,0.0,0.0,16.373275451748096,0.929252,142.365577813334,0.0,1136.0516554515086,7883.529999999996,0.481560888634255,208.32048956768517,7029631.644027666,1093.892743,961.96612,410.801654,1093.892743,nan,1222.042266
0,8,dropped,closed,SPJF-E,3,17565298,69462,,5.5643792833333166,5.563567106666658,0.128586457388869,0.8385919362806439,38.19337181074209,0.0,0.0,18.00889033749911,1.0411936666666666,156.78226266666667,0.0,1135.7528298279246,7888.853333333328,0.4576081057754602,208.32048956768517,7028445.546283,748.620061,623.276356,214.601221,748.620061,nan,1086.78391
0,8,kept,closed,FCFS,3,17634760,0,,8.991312033333367,8.979049623333344,0.2428416704522961,0.0,0.0,100.0,1.0,39.17549866216141,2.597693666666667,399.03919433333334,0.0044448199654167865,1137.9860521461994,7919.533333333334,0.45042001386574065,208.32048956768517,7048760.541504,231.514396,0.0,0.0,229.808411,nan,1160.423947
0,8,kept,closed,Guard(600),3,17634760,0,0,5.608626700000031,5.606895819999984,0.1290852015333542,0.8253204825148394,37.7814077251427,8.316907441137087e-05,2.5257229205749e-05,18.053894720698363,1.0283136666666666,156.95035799333343,0.0039387550496859615,1138.1935473008377,7900.999999999997,0.47485455831018114,208.32048956768517,7048760.541504,622.384253,459.145357,244.11744,622.384253,0.801043563391725,1124.169652
0,8,kept,closed,SJF,3,17634760,0,,4.89698445000002,4.898014740000008,0.12871464617216224,1.0,45.81905866389266,0.0,0.0,16.379000192375774,0.9187543333333333,140.20055100000002,0.0038725789293418225,1138.0897715465555,7902.586666666667,0.48268711320601426,208.32048956768517,7048760.541504,1062.196826,930.828424,466.166493,1062.196826,nan,1213.184808
0,8,kept,closed,SPJF-E,3,17634760,0,,5.5877909333333475,5.586715520000006,0.12847671907637717,0.8306006519337287,37.9321941634506,0.0,0.0,18.03876203043043,1.0247973333333331,158.05887266666667,0.003939341013619314,1138.1935473008377,7910.183333333332,0.46236982276620325,208.32048956768517,7048760.541504,878.375134,734.292591,296.952066,878.375134,nan,1089.95322
0,8,kept,open,FCFS,3,17634760,0,,23.405255083333387,23.405255083333387,0.6144472563395438,0.0,0.0,100.0,1.0,0.0,0.0,0.0,0.003425734175004366,1138.297379454986,7902.556666666666,0.5045773617129586,208.32048956768517,7048760.541504,435.022874,0.0,0.0,435.022874,nan,0.0
0,8,kept,open,Guard(600),3,17634760,0,0,12.669174083333365,12.669174083333365,0.2600975728543513,0.7343052609932216,45.967680006122265,0.0013420464280016664,0.0011262038956586144,0.0,0.0,0.0,0.003425734175004366,1138.297379454986,7902.556666666666,0.5045773617129586,208.32048956768517,7048760.541504,867.204574,489.802752,237.038507,867.204574,0.8706020632437099,0.0
0,8,kept,open,SJF,3,17634760,0,,8.787519733333363,8.787519733333363,0.19540510265615563,1.0,62.59003827871255,0.0,0.0,0.0,0.0,0.0,0.003425734175004366,1138.297379454986,7902.556666666666,0.5045773617129586,208.32048956768517,7048760.541504,1185.898583,1034.036691,595.937164,1185.898583,nan,0.0
0,8,kept,open,SPJF-E,3,17634760,0,,12.541528116666699,12.541528116666699,0.24795752527400428,0.7430093777100444,46.5114649101538,0.0,0.0,0.0,0.0,0.0,0.003425734175004366,1138.297379454986,7902.556666666666,0.5045773617129586,208.32048956768517,7048760.541504,1374.79477,1241.418616,237.038507,1374.79477,nan,0.0
1,5,dropped,closed,FCFS,3,17491306,143453,,42.22129,42.194080876666625,1.2730311171172393,0.0,0.0,100.0,1.0,204.78808212050953,55.926892333333335,1609.5482993333335,0.0,1115.4902859362228,7773.753333333334,0.733315289962961,208.32048956768517,6976564.873485333,432.048504,0.0,0.0,430.537499,nan,3933.794395
1,5,dropped,closed,Guard(600),3,17531181,103579,0,26.285246553333305,26.27561206999999,0.630802165291566,0.8435009755194817,37.72475997329938,0.003118251122598368,0.0014619753875991922,92.91661562940016,29.624237333333337,719.3393389600014,0.0,1126.446893722712,7865.71,0.757782448981486,208.32048956768517,7004031.199837667,959.138706,509.276596,247.03499,959.138706,0.9038441995318038,2950.884055
1,5,dropped,closed,SJF,3,17540311,94448,,23.34177880666667,23.333044549999954,0.5546842086181021,1.0,44.69787248206279,0.0,0.0,76.84268348626077,27.212593666666667,534.6655466666666,0.0,1129.011994622878,7869.12333333333,0.7161911095370325,208.32048956768517,7010705.732454333,2541.440933,2020.362785,792.194814,2541.440933,nan,3065.152532
1,5,dropped,closed,SPJF-E,3,17533146,101614,,26.32564937999995,26.31405312666666,0.6067504063171977,0.8415908377081623,37.64196456034338,0.0,0.0,89.25881704756023,29.56403333333333,662.4786433333334,0.0,1127.1812083224393,7894.0300000000025,0.7473000485000029,208.32048956768517,7004709.054214667,3130.265189,2824.757891,536.742593,3130.265189,nan,3234.841574
1,5,kept,closed,FCFS,3,17634760,0,,42.14858505000016,42.43269521666665,1.2873611191349925,0.0,0.0,100.0,1.0,210.25472483919245,56.817868,1643.6433381200004,0.008245193016519646,1134.2120796391016,7876.613333333337,0.744952055999997,208.32048956768517,7048760.541504,425.631479,0.0,0.0,420.068141,nan,4269.08738
1,5,kept,closed,Guard(600),3,17634760,0,0,26.81015105000004,26.804113703333314,0.632768514086365,0.8090440517047232,36.40042116424676,0.0031887779211814244,0.0013399024016803186,93.2856721079021,29.710201666666666,725.2046569166677,0.005865763601735058,1136.7557387554104,7903.453333333331,0.7668699556481502,208.32048956768517,7048760.541504,937.139639,505.539223,270.828671,916.585711,0.8751211427457495,3078.643805
1,5,kept,closed,SJF,3,17634760,0,,23.18655261666676,23.189081826666698,0.55540314145451,1.0,44.99545334738505,0.0,0.0,77.5965741377907,27.374017,541.5131611000008,0.005379130006116707,1137.2670118483688,7917.633333333331,0.7234248791851806,208.32048956768517,7048760.541504,2517.954339,1958.594692,1082.354953,2517.954339,nan,3003.017826
1,5,kept,closed,SPJF-E,3,17634760,0,,26.473891450000064,26.43905838666662,0.6086703846609575,0.8267614113648497,37.20151491261223,0.0,0.0,90.49339840479455,30.2227195,671.0286176666667,0.0057745989549427765,1136.654345387042,7918.759999999985,0.7447865315000034,208.32048956768517,7048760.541504,2691.597028,2479.829296,820.643524,2691.597028,nan,3067.353161
1,5,kept,open,FCFS,3,17634760,0,,113.77007508333362,113.77007508333362,4.180118282130671,0.0,0.0,100.0,1.0,0.0,0.0,0.0,0.003425734175004366,1138.297379454986,7902.556666666666,0.8073237787407339,208.32048956768517,7048760.541504,1023.819617,0.0,0.0,1022.881156,nan,0.0
1,5,kept,open,Guard(600),3,17634760,0,0,47.15269788333344,47.15269788333344,1.5242468208374822,0.8272711371203149,58.51360838316086,0.01964113300473988,0.013142632947511716,0.0,0.0,0.0,0.003425734175004366,1138.297379454986,7902.556666666666,0.8073237787407339,208.32048956768517,7048760.541504,1467.37457,498.884717,206.886674,1466.888672,0.9265059996729185,0.0
1,5,kept,open,SJF,3,17634760,0,,33.25093763333334,33.25093763333334,0.9440783653194411,1.0,70.72542633074103,0.0,0.0,0.0,0.0,0.0,0.003425734175004366,1138.297379454986,7902.556666666666,0.8073237787407339,208.32048956768517,7048760.541504,3072.262211,2667.424099,774.847243,3072.262211,nan,0.0
1,5,kept,open,SPJF-E,3,17634760,0,,43.0067134166668,43.0067134166668,1.2124617388153471,0.8788650011631903,62.16103692746278,0.0,0.0,0.0,0.0,0.0,0.003425734175004366,1138.297379454986,7902.556666666666,0.8073237787407339,208.32048956768517,7048760.541504,3312.792676,3044.499222,469.226797,3312.792676,nan,0.0
2,4,dropped,closed,FCFS,3,17402859,231900,,71.6744316133333,71.5722464133333,2.6239507499993153,0.0,0.0,100.0,1.0,420.6858273983905,122.01863966666667,3063.320884666666,0.0,1092.1389294895894,7612.5166666666655,0.9302265709027737,208.32049121895832,6913010.5208560005,551.043342,0.0,0.0,549.22974,nan,6937.991867
2,4,dropped,closed,Guard(600),3,17494474,140285,0,39.78720809666664,39.76875397666668,1.235554279069131,0.8138783823743202,44.48830044102913,0.008612282725252428,0.002455353293569218,179.27163994912357,59.12429433333333,1423.3440833399945,0.0,1116.750061051666,7776.23333333333,0.9092316791435161,208.32049121895832,6975586.586862333,1042.511844,507.799236,246.220953,1042.511844,0.8986224034951493,5004.460859
2,4,dropped,closed,SJF,3,17514864,119895,,32.49646231,32.482102993333335,0.998079244183105,1.0,54.65913936737747,0.0,0.0,139.64895303460256,53.97873066666667,980.412280199998,0.0,1122.0471341973496,7810.683333333332,0.8678265553935237,208.32049121895832,6991785.347228001,4139.337561,3390.28258,1578.340834,4139.337561,nan,4967.55878
2,4,dropped,closed,SPJF-E,3,17500164,134595,,38.56279096333341,38.54396298666668,1.145469006595443,0.8452365010192985,46.19668553358662,0.0,0.0,167.9565904056836,60.14095533333333,1225.000485419998,0.0,1117.6813267398513,7767.523333333332,0.9344802773842616,208.32049121895832,6979975.703603334,4998.9851,4646.916102,3612.958092,4998.9851,nan,6030.48348
2,4,kept,closed,FCFS,3,17634760,0,,71.4004909000002,71.82475339999988,2.6810263643624865,0.0,0.0,100.0,1.0,439.9896114954345,127.73634599999998,3234.6816919999997,0.013483294735321982,1131.581727471178,7801.673333333332,0.9419871680092599,208.32049121895832,7048760.541504,536.385273,0.0,0.0,530.86987,nan,7140.325753
2,4,kept,closed,Guard(600),3,17634760,0,0,40.20010186666676,40.05261943333332,1.2620098853533779,0.8098334506470675,43.65050522717502,0.009477494070423037,0.002721577684933241,185.62996973852069,60.01451133333333,1481.31136,0.008101518440474003,1134.313147114968,7870.566666666672,0.9165420195833357,208.32049121895832,7048760.541504,1074.302935,510.849448,261.830415,1074.302935,0.9011985210052068,5204.794984
2,4,kept,closed,SJF,3,17634760,0,,32.88426565000009,32.904242113333346,1.0029456192270645,1.0,53.8981431645851,0.0,0.0,142.3093494307487,55.19346883333333,992.0205809533333,0.006848651942716166,1134.7190156981449,7887.696666666662,0.8730196586111094,208.32049121895832,7048760.541504,4234.335264,3436.498156,1708.884058,4234.335264,nan,5142.866048
2,4,kept,closed,SPJF-E,3,17634760,0,,38.775490050000116,38.70771770666652,1.1533790001762239,0.8465529441686255,45.639613651913784,0.0,0.0,171.47744586747987,60.40710366666667,1284.1271904633343,0.0077230235436528015,1134.8201373802196,7879.939999999994,0.9505234725000001,208.32049121895832,7048760.541504,5783.219581,5400.385192,954.871018,5783.219581,nan,6306.612604
2,4,kept,open,FCFS,3,17634760,0,,268.5423131500011,268.5423131500011,10.42389234178471,0.0,0.0,100.0,1.0,0.0,0.0,0.0,0.003425734175004366,1138.297379454986,7902.556666666666,1.0091547234259173,208.32048956768517,7048760.541504,1544.602708,0.0,0.0,1542.754531,nan,0.0
2,4,kept,open,Guard(600),3,17634760,0,0,88.48598336666684,88.48598336666684,3.88400853120481,0.8000863003870732,67.01900259476497,0.095171884013921,0.07520509525173542,0.0,0.0,0.0,0.003425734175004366,1138.297379454986,7902.556666666666,1.0091547234259173,208.32048956768517,7048760.541504,1994.472647,520.237781,339.882,1992.893608,0.9506292304387737,0.0
2,4,kept,open,SJF,3,17634760,0,,43.5902264166667,43.5902264166667,1.6933765271427565,1.0,83.75736377640736,0.0,0.0,0.0,0.0,0.0,0.003425734175004366,1138.297379454986,7902.556666666666,1.0091547234259173,208.32048956768517,7048760.541504,5299.53243,4755.467038,1101.479383,5299.53243,nan,0.0
2,4,kept,open,SPJF-E,3,17634760,0,,62.47481495000051,62.47481495000051,2.2882967056510934,0.915845980350034,76.71243653938696,0.0,0.0,0.0,0.0,0.0,0.003425734175004366,1138.297379454986,7902.556666666666,1.0091547234259173,208.32048956768517,7048760.541504,6286.248131,5904.525039,708.755315,6286.248131,nan,0.0
