overlay,level,k,policy,mode,late_submissions,n_jobs,n_dropped,offered_work_s,p99_dl_s,p99_dl_realised_window_s,n_dl_recorded,n_dl_realised,mean_s,p99_all_s,max_s,max_heavy_s,max_excess_s,harm_s,fired_fraction_queue_weighted,fired_pct,max_fcfs_own_s,seconds,drift_mean_s,drift_p50_s,drift_p99_s,drift_max_s,share_arriving_past_deadline,dl_arrivals_per_hour_mean,dl_arrivals_per_hour_p99,dl_arrivals_per_hour_max,busy_hour_work_s,rho_busy_hour,span_days,bound_violations,worst_ratio_to_bound,bmax_s,gap_closed,reduction_pct
0,0,8,FCFS,closed,dropped,17557279,77481,7024068.999414,8.829146100000008,8.824928450000138,4202487,4203556,0.23568767751409544,4.811750619999796,232.453219,230.709251,0.0,0.0,1.0,100.0,232.453219,2.0,37.19923122051971,2.855032,375.2651613199908,1049.33353,0.0,1141.6699266503667,7953.799999999994,12180.0,13204.748717000159,0.4584982193402833,208.32048956768517,,nan,,0.0,0.0
1,0,8,FCFS,closed,dropped,17557890,76870,7023522.393984,8.010491079999994,8.00841950000001,4203098,4204291,0.22489577209032519,4.225312489999965,192.041417,191.849237,0.0,0.0,1.0,100.0,192.041417,1.8,36.06381197389942,2.053646,367.003049,952.055122,0.0,1129.561408223596,7793.000000000008,12763.0,12666.641544999875,0.4398139425347179,208.32048956768517,,nan,,0.0,0.0
2,0,8,FCFS,closed,dropped,17555177,79583,7021003.994515,10.177186000000004,10.173149199999996,4200385,4201675,0.2655801881347593,5.699229799999804,188.739208,183.629239,0.0,0.0,1.0,100.0,188.739208,1.7,42.89510387532971,2.786007,437.085746,1023.165738,0.0,1129.135752688172,7989.099999999999,12068.0,13003.065167999948,0.45149531833333156,208.32048956768517,,nan,,0.0,0.0
0,0,8,Guard(600),closed,dropped,17565646,69114,7028480.14086,5.3779730199999305,5.37750619999997,4210854,4211346,0.1260978026734115,1.9276961000000163,614.577521,614.577521,459.316729,224.135388,3.34501487200345e-05,0.00010816567748205787,237.966623,7.0,17.30678097376117,1.081044,150.045541,1161.253427,0.0,1143.9429502852486,7925.999999999986,12209.0,13199.065311000146,0.45830087885417176,208.32048956768517,0,0.8055274224768827,3480.0,0.8228144205322104,39.08841286475115
1,0,8,Guard(600),closed,dropped,17565871,68889,7029285.750856,5.086157479999991,5.085743599999993,4211079,4211615,0.12170023159028096,1.7369609000000394,590.106057,590.106057,474.999203,200.043331,2.1243894461565633e-05,9.677857704864166e-05,176.064768,6.8,16.74807859285452,0.924402,150.854029,794.632178,0.0,1131.706261757592,7786.000000000002,12750.0,13390.429999999822,0.4649454861111049,208.32048956768517,0,0.8251998337020553,3480.0,0.789472408263105,36.50629619076994
2,0,8,Guard(600),closed,dropped,17564272,70488,7027203.10204,6.320172659999991,6.319310850000004,4209480,4210066,0.14268597070672784,2.3184547599999608,584.933558,584.933558,478.458888,147.223302,3.4858371323542224e-05,8.540063601839006e-05,180.08762,6.5,20.27194449365906,1.130104,172.8964933199932,820.083372,0.0,1131.5806451612902,7971.43,12077.0,13121.732104999894,0.4556156980902741,208.32048956768517,0,0.827961118549374,3480.0,0.8812679638695874,37.898622860975635
0,0,8,SJF,closed,dropped,17566750,68010,7030160.587415,4.634794380000011,4.63353125,4211958,4212426,0.1240080256567094,1.5726067000001147,1093.892743,1093.892743,961.96612,230.918093,0.0,0.0,341.710637,1.9,15.86727980097172,0.949937,133.33827444000204,1222.042266,0.0,1144.2428687856561,7905.599999999991,12254.0,14557.861648999895,0.5054813072569408,208.32048956768517,,nan,,1.0,47.505745997339346
1,0,8,SJF,closed,dropped,17566953,67807,7030329.443866,4.306329199999978,4.3055148000000045,4212161,4212649,0.12005843245718252,1.4242917600000053,828.679311,828.679311,759.130035,247.033442,0.0,0.0,253.255717,1.8,15.165734623051133,0.813053,137.629825,863.165524,0.0,1131.9970438054286,7785.6,12744.0,13583.937533999824,0.47166449770832725,208.32048956768517,,nan,,1.0,46.24138324363528
2,0,8,SJF,closed,dropped,17565516,69244,7028404.900802,5.800522490000014,5.798612440000048,4210724,4211237,0.1426589014116067,1.9599268000000716,753.05697,753.05697,639.483344,410.801654,0.0,0.0,255.090547,1.7,18.086811931221433,1.024766,156.128634,822.77682,0.0,1131.915053763441,7959.389999999999,12081.0,13465.06159499991,0.46753686093749686,208.32048956768517,,nan,,1.0,43.00465285787239
0,0,8,SPJF-E,closed,dropped,17565791,68969,7029149.472086,5.260056039999999,5.259240199999988,4210999,4211517,0.12374647407110788,1.8866349000000133,748.620061,748.620061,572.389156,214.601221,0.0,0.0,176.976636,1.9,17.094085944098843,1.052347,146.472601,1086.78391,0.0,1143.9823417549578,7891.199999999985,12208.0,13111.356767999938,0.4552554433333312,208.32048956768517,,nan,,0.85092769950156,40.42395515462142
1,0,8,SPJF-E,closed,dropped,17565961,68799,7029217.141839,5.080852039999958,5.080249599999994,4211169,4211692,0.11948146021023273,1.7359063999999687,738.215123,738.215123,623.276356,205.822274,0.0,0.0,146.071609,1.8,16.65211362294104,0.925803,150.153594,995.356197,0.0,1131.730448804085,7783.200000000002,12755.0,13054.770554999923,0.45329064427083066,208.32048956768517,,nan,,0.7909046998777557,36.57252733623964
2,0,8,SPJF-E,closed,dropped,17564142,70618,7026970.024924,6.352229769999994,6.3512115199999934,4209350,4209963,0.14253143788526645,2.3674457199999988,517.990068,517.990068,421.400476,125.224547,0.0,0.0,182.188669,1.8,20.280471445457454,1.145431,173.720593,768.309944,0.0,1131.5456989247311,7992.159999999998,12067.0,13371.213015999901,0.4642782297222188,208.32048956768517,,nan,,0.8739434094626157,37.58363294136522
0,0,8,FCFS,closed,kept,17634760,0,7048760.541504,8.993471950000016,8.975932559999999,4219556,4203163,0.23908893390003608,4.93934729000001,231.514396,229.808411,0.0,0.0,1.0,100.0,231.514396,2.1,37.8495987284119,2.906095,383.479799,1160.423947,0.0044168449131147805,1145.68449633451,7941.499999999996,12253.0,13198.831191000156,0.4582927496875054,208.32048956768517,,nan,,0.0,0.0
1,0,8,FCFS,closed,kept,17634760,0,7048760.541504,8.012579350000067,7.9931615599999875,4219556,4204007,0.2257519028750604,4.246285300000005,181.110669,177.519107,0.0,0.0,1.0,100.0,181.110669,1.7,36.540605933768305,2.082728,366.358933,947.99008,0.004374088448042389,1133.9844127922602,7811.0000000000055,12843.0,12700.747584999886,0.4409981800347183,208.32048956768517,,nan,,0.0,0.0
2,0,8,FCFS,closed,kept,17634760,0,7048760.541504,9.96788480000002,9.968054750000041,4219556,4201160,0.26368417458179183,5.752002640000001,188.569118,184.37507,0.0,0.0,1.0,100.0,188.569118,1.7,43.13629132430405,2.804258,447.278851,1023.855484,0.004543526535093191,1134.289247311828,8006.099999999999,12173.0,13016.710421999955,0.45196911187499844,208.32048956768517,,nan,,0.0,0.0
0,0,8,Guard(600),closed,kept,17634760,0,7048760.541504,5.350807850000013,5.3496057199999845,4219556,4211319,0.1264901993894445,1.9361562500000038,622.384253,622.384253,457.146425,198.431793,2.8736019690505154e-05,0.00010774175548745772,237.375103,6.9,17.598079786898545,1.079714,153.05205,1124.169652,0.003923387672982224,1146.3069817984244,7905.599999999991,12268.0,13890.903582999921,0.4823230410763861,208.32048956768517,0,0.801043563391725,3480.0,0.8481957308652007,40.50342426430758
1,0,8,Guard(600),closed,kept,17634760,0,7048760.541504,4.917481700000019,4.917344119999955,4219556,4211902,0.1181449323229803,1.6999598200000003,566.824353,566.824353,459.145357,244.11744,2.91345552526634e-05,0.00010774175548745772,158.511768,6.6,16.487278257084586,0.890828,148.53932698000023,831.471944,0.0038897041978456187,1133.9844127922602,7803.400000000002,12808.0,13585.572622999818,0.4717212716319381,208.32048956768517,0,0.800962521431115,3480.0,0.7923083468497222,38.627981262987696
2,0,8,Guard(600),closed,kept,17634760,0,7048760.541504,6.5575905500000635,6.553737620000014,4219556,4209964,0.14262047288763782,2.436764620000027,515.95716,515.95716,373.316749,117.944488,1.790111267407845e-05,3.4023712259197175e-05,191.527889,7.4,20.076326118111954,1.114399,169.259697,815.745869,0.004003173278230041,1134.289247311828,7994.0,12156.0,13550.95763199991,0.47051936222221913,208.32048956768517,0,0.6947604148086146,3480.0,0.8354573698295954,34.21281764813283
0,0,8,SJF,closed,kept,17634760,0,7048760.541504,4.698868750000048,4.7045847800000065,4219556,4212547,0.12553104456624303,1.5859531200000048,1062.196826,1062.196826,930.828424,135.947612,0.0,0.0,349.516934,2.2,16.170831681685375,0.957753,138.159015,1213.184808,0.0038532988257282776,1145.9956545355785,7918.710000000001,12275.0,14243.590530999905,0.49456911565971895,208.32048956768517,,nan,,1.0,47.75245004238836
1,0,8,SJF,closed,kept,17634760,0,7048760.541504,4.10614865000001,4.10612204,4219556,4212797,0.11846249950438793,1.3726818200000004,867.898555,867.898555,782.422869,404.49579,0.0,0.0,268.4464,1.8,15.154176838517621,0.809397,134.032613,965.05973,0.003837421093340652,1133.9844127922602,7802.000000000004,12788.0,13590.059172999816,0.4718770546180492,208.32048956768517,,nan,,1.0,48.753722482636306
2,0,8,SJF,closed,kept,17634760,0,7048760.541504,5.885935950000002,5.883337400000016,4219556,4211245,0.1421503944458558,1.9797967900000029,725.545358,725.545358,600.933468,466.166493,0.0,0.0,258.388513,1.8,17.811992056924332,0.989113,148.410025,824.04974,0.003927016868956538,1134.289247311828,7987.049999999999,12142.0,13870.516876999913,0.48161516934027476,208.32048956768517,,nan,,1.0,40.95100346665332
0,0,8,SPJF-E,closed,kept,17634760,0,7048760.541504,5.427962650000025,5.424636200000014,4219556,4211397,0.12657196576080423,1.980905280000001,878.375134,878.375134,734.292591,296.952066,0.0,0.0,176.849563,2.0,17.62182765954439,1.068423,150.894208,1089.95322,0.00391930482751112,1146.3069817984244,7924.399999999993,12263.0,13205.193686000135,0.45851366965278245,208.32048956768517,,nan,,0.8302302061340655,39.645526442098756
1,0,8,SPJF-E,closed,kept,17634760,0,7048760.541504,4.954596800000001,4.9567973999999895,4219556,4211886,0.11852773788319207,1.6767711500000022,835.356605,835.356605,712.387339,196.119968,0.0,0.0,155.636156,1.8,16.638886790720658,0.89427,154.5531,1028.923847,0.003891178558710184,1133.9844127922602,7802.000000000003,12802.0,13185.338787999914,0.4578242634722192,208.32048956768517,,nan,,0.782807320759593,38.164770873689264
2,0,8,SPJF-E,closed,kept,17634760,0,7048760.541504,6.3808133500000155,6.378712960000012,4219556,4209883,0.14033045358513527,2.3720723300000017,505.015655,505.015655,358.930416,117.944488,0.0,0.0,191.527889,2.0,19.855571641026245,1.111699,168.72931,834.241672,0.004007539654636638,1134.289247311828,8004.15,12153.0,13558.220212999915,0.47077153517360815,208.32048956768517,,nan,,0.8787644289075275,35.98628517456379
0,0,8,FCFS,open,kept,17634760,0,7048760.541504,22.170393000000068,22.170393000000068,4219556,4219556,0.6024076854422742,11.831768400000007,435.022874,435.022874,0.0,0.0,1.0,100.0,435.022874,2.1,0.0,0.0,0.0,0.0,0.003425734175004366,1146.6184782608696,7919.84,12247.0,15247.543182999892,0.5294285827430518,208.32048956768517,,nan,,0.0,0.0
1,0,8,FCFS,open,kept,17634760,0,7048760.541504,21.203488500000063,21.203488500000063,4219556,4219556,0.5805786801733055,11.205244,352.739664,349.039973,0.0,0.0,1.0,100.0,352.739664,1.9,0.0,0.0,0.0,0.0,0.003425734175004366,1133.9844127922602,7787.600000000001,12842.0,14232.98276799982,0.4942007905555493,208.32048956768517,,nan,,0.0,0.0
2,0,8,FCFS,open,kept,17634760,0,7048760.541504,26.84188375000003,26.84188375000003,4219556,4219556,0.6603554034030517,14.493544,379.761467,370.770881,0.0,0.0,1.0,100.0,379.761467,1.9,0.0,0.0,0.0,0.0,0.003425734175004366,1134.289247311828,8000.229999999996,12156.0,14114.958100999918,0.49010271184027493,208.32048956768517,,nan,,0.0,0.0
0,0,8,Guard(600),open,kept,17634760,0,7048760.541504,12.269782950000051,12.269782950000051,4219556,4219556,0.25875807940159096,5.1275968800000395,867.204574,867.204574,489.802752,237.038507,0.0014518515698881114,0.0011965005477817673,435.022874,8.4,0.0,0.0,0.0,0.0,0.003425734175004366,1146.6184782608696,7919.84,12247.0,15247.543182999892,0.5294285827430518,208.32048956768517,0,0.8706020632437099,3480.0,0.7143107971088529,44.656899180812836
1,0,8,Guard(600),open,kept,17634760,0,7048760.541504,10.969563450000015,10.969563450000015,4219556,4219556,0.23154270499882051,4.381289340000011,781.390139,781.390139,472.634416,90.583671,0.0005379181075961786,0.001185159310362035,352.739664,7.8,0.0,0.0,0.0,0.0,0.003425734175004366,1133.9844127922602,7787.600000000001,12842.0,14232.98276799982,0.4942007905555493,208.32048956768517,0,0.8584463748386179,3480.0,0.7502449456989939,48.2652892235163
2,0,8,Guard(600),open,kept,17634760,0,7048760.541504,14.768175850000029,14.768175850000029,4219556,4219556,0.2899919341626424,6.380266820000015,738.939095,697.879715,483.573825,148.380033,0.0013888420094915535,0.001644479425861197,379.761467,8.2,0.0,0.0,0.0,0.0,0.003425734175004366,1134.289247311828,8000.229999999996,12156.0,14114.958100999918,0.49010271184027493,208.32048956768517,0,0.8329758088146424,3480.0,0.7383600401718178,44.980851614037654
0,0,8,SJF,open,kept,17634760,0,7048760.541504,8.310025650000071,8.310025650000071,4219556,4219556,0.18841518561545492,3.744413,1185.898583,1185.898583,1034.036691,595.937164,0.0,0.0,435.022874,2.2,0.0,0.0,0.0,0.0,0.003425734175004366,1146.6184782608696,7919.84,12247.0,15247.543182999892,0.5294285827430518,208.32048956768517,,nan,,1.0,62.517463492866156
1,0,8,SJF,open,kept,17634760,0,7048760.541504,7.562710100000011,7.562710100000011,4219556,4219556,0.17670329006785462,3.248983010000009,960.306242,960.306242,854.06609,442.064858,0.0,0.0,352.739664,2.1,0.0,0.0,0.0,0.0,0.003425734175004366,1133.9844127922602,7787.600000000001,12842.0,14232.98276799982,0.4942007905555493,208.32048956768517,,nan,,1.0,64.33270827109422
2,0,8,SJF,open,kept,17634760,0,7048760.541504,10.489823450000008,10.489823450000008,4219556,4219556,0.22109683228515725,4.816056790000018,806.239382,806.239382,695.638154,476.843204,0.0,0.0,379.761467,2.0,0.0,0.0,0.0,0.0,0.003425734175004366,1134.289247311828,8000.229999999996,12156.0,14114.958100999918,0.49010271184027493,208.32048956768517,,nan,,1.0,60.91994307217727
0,0,8,SPJF-E,open,kept,17634760,0,7048760.541504,12.135950700000043,12.135950700000043,4219556,4219556,0.2394689603630557,5.08609070000001,1374.79477,1374.79477,1241.418616,237.038507,0.0,0.0,435.022874,2.1,0.0,0.0,0.0,0.0,0.003425734175004366,1146.6184782608696,7919.84,12247.0,15247.543182999892,0.5294285827430518,208.32048956768517,,nan,,0.7239665476831699,45.26055221483893
1,0,8,SPJF-E,open,kept,17634760,0,7048760.541504,10.868973,10.868973,4219556,4219556,0.22229585157132845,4.35201,1182.026317,1182.026317,1075.150804,90.583671,0.0,0.0,352.739664,1.9,0.0,0.0,0.0,0.0,0.003425734175004366,1133.9844127922602,7787.600000000001,12842.0,14232.98276799982,0.4942007905555493,208.32048956768517,,nan,,0.7576191912919004,48.73969441396415
2,0,8,SPJF-E,open,kept,17634760,0,7048760.541504,14.619660650000059,14.619660650000059,4219556,4219556,0.28210776388762876,6.345662560000003,963.406231,963.406231,871.642883,181.269423,0.0,0.0,379.761467,2.1,0.0,0.0,0.0,0.0,0.003425734175004366,1134.289247311828,8000.229999999996,12156.0,14114.958100999918,0.49010271184027493,208.32048956768517,,nan,,0.7474423941550629,45.53414810165832
0,1,5,FCFS,closed,dropped,17490807,143953,6975649.814766,42.75273809999996,42.723215869999855,4136015,4141988,1.2830045461200275,35.76643812000007,343.658514,343.33738,0.0,0.0,1.0,100.0,343.658514,1.8,202.9359280419909,56.575819,1542.405155,3933.794395,0.0,1123.0016291067066,7774.859999999995,12054.0,13710.347370999873,0.7616859650555484,208.32048956768517,,nan,,0.0,0.0
1,1,5,FCFS,closed,dropped,17490736,144024,6975694.133973,42.73944337999999,42.713915070000006,4135944,4142222,1.2758994432065638,36.14296874999974,365.301666,359.439719,0.0,0.0,1.0,100.0,365.301666,1.8,209.39549255292863,59.956443,1639.130563,3698.320648,0.0,1111.5141091104542,7623.200000000003,12653.0,13385.149223999984,0.7436194013333325,208.32048956768517,,nan,,0.0,0.0
2,1,5,FCFS,closed,dropped,17492377,142383,6978350.671717,41.17168852000007,41.14511169000002,4137585,4143674,1.2601893620251268,34.48656827999996,432.048504,430.537499,0.0,0.0,1.0,100.0,432.048504,1.6,202.03282576660905,51.248415,1647.10918,3535.931517,0.0,1111.9551195915076,7923.200000000006,11865.0,12503.529063000036,0.6946405035000021,208.32048956768517,,nan,,0.0,0.0
0,1,5,Guard(600),closed,dropped,17531225,103535,7004049.896324,27.13248880000009,27.122722209999967,4176433,4179540,0.6427304929229989,19.84101968000007,959.138706,959.138706,497.094869,247.03499,0.001352818270804049,0.003274157966713678,516.664634,8.0,93.9927691921628,30.734328,731.0555818800042,2950.884055,0.0,1134.2838131450299,7824.230000000001,12130.0,14030.303502999996,0.7794613057222219,208.32048956768517,0,0.8707934529884926,2220.0,0.8221404803176954,36.53625473873423
1,1,5,Guard(600),closed,dropped,17531432,103328,7004065.746514,25.436203359999976,25.4271515,4176640,4179676,0.6167157968839054,18.906197950000074,852.780821,852.780821,509.276596,181.648528,0.001433641478416428,0.003251303145116725,390.756035,7.9,91.88168932223357,32.107365,691.532534,2730.642423,0.0,1122.4509540446118,7789.800000000001,12560.0,13670.12916300016,0.7594516201666756,208.32048956768517,0,0.9038441995318038,2220.0,0.8726935888441953,40.48541265770696
2,1,5,Guard(600),closed,dropped,17530886,103874,7003977.956675,26.28704749999984,26.276962499999996,4176094,4179234,0.6329602060677938,19.27917714999985,797.881689,761.115455,491.459452,235.11767,0.0015994664135770996,0.0028292922559647014,359.3985,6.6,92.8753883738041,26.031019,735.429901,2135.696479,0.0,1122.6059139784945,7983.099999999999,12013.0,13219.81957900009,0.7344344210555606,208.32048956768517,0,0.8583730127081952,2220.0,0.8356688573965544,36.15261252345694
0,1,5,SJF,closed,dropped,17539754,95006,7010473.803301,23.753248750000044,23.740811729999987,4184962,4187588,0.563350065421385,17.505208379999814,2541.440933,2541.440933,2020.362785,493.105557,0.0,0.0,754.356612,1.9,79.17275826758278,28.473139,552.867698,3065.152532,0.0,1136.908992121706,7858.3999999999905,12188.0,13314.32716099996,0.7396848422777755,208.32048956768517,,nan,,1.0,44.44040357265429
1,1,5,SJF,closed,dropped,17539394,95366,7009473.821048,22.91204892999995,22.90654976000002,4184602,4187197,0.5496820931606303,17.258272700000006,2333.362336,2333.362336,1874.642565,792.194814,0.0,0.0,594.412271,1.9,77.73310393440042,29.4871,528.499457,2619.586979,0.0,1124.5907014243483,7774.200000000003,12603.0,12588.75938399989,0.6993755213333273,208.32048956768517,,nan,,1.0,46.391325861951465
2,1,5,SJF,closed,dropped,17541787,92973,7012169.573014,23.36003874000002,23.351772159999857,4186995,4189469,0.5510204672722909,16.837004500000017,1887.183844,1887.183844,1473.111121,326.913231,0.0,0.0,572.221462,1.8,73.62218825679909,23.677542,522.629485,2197.953186,0.0,1125.5362903225807,7974.769999999999,12056.0,12771.233369999905,0.7095129649999947,208.32048956768517,,nan,,1.0,43.26188801158262
0,1,5,SPJF-E,closed,dropped,17531895,102865,7004073.74224,27.967071539999996,27.958648329999992,4177103,4180240,0.6364339360567697,20.336363059999996,3130.265189,3130.265189,2824.757891,502.429517,0.0,0.0,343.809829,1.8,93.45014835630484,31.128058,698.569053,3234.841574,0.0,1135.0823369565217,7847.150000000001,12129.0,14167.473423999958,0.7870818568888865,208.32048956768517,,nan,,0.7782138923644297,34.584139442521405
1,1,5,SPJF-E,closed,dropped,17533507,101253,7005147.056348,25.11123903999998,25.098168199999993,4178715,4181661,0.5899045161122644,18.866360460000212,1894.675948,1894.675948,1751.3439,270.551643,0.0,0.0,352.780095,1.8,88.85922383347776,31.892088,651.551987,2665.022357,0.0,1123.008599838753,7831.400000000008,12648.0,13375.239611000085,0.7430688672777824,208.32048956768517,,nan,,0.8890832521869749,41.24575087060953
2,1,5,SPJF-E,closed,dropped,17534036,100724,7004906.364056,25.898637559999866,25.885342849999994,4179244,4182130,0.5939127667825593,18.76588764999988,1948.91657,1948.91657,1878.679121,536.742593,0.0,0.0,388.735978,1.7,85.46707895289805,25.671954,637.31489,2506.31053,0.0,1123.452688172043,8003.539999999998,12013.0,12811.489584000114,0.7117494213333396,208.32048956768517,,nan,,0.8574753685730824,37.096003367899215
0,1,5,FCFS,closed,kept,17634760,0,7048760.541504,42.690491800000196,43.00715283000004,4219556,4141168,1.2900516271141202,35.551103690000026,356.587525,355.530406,0.0,0.0,1.0,100.0,356.587525,1.8,207.52843590570606,56.918294,1584.381192360001,3904.172332,0.00821281378368631,1141.654761904762,7846.350000000012,12256.0,13547.48796799994,0.7526382204444411,208.32048956768517,,nan,,0.0,0.0
1,1,5,FCFS,closed,kept,17634760,0,7048760.541504,41.69958470000008,41.98766665999991,4219556,4141675,1.2735548839216977,35.40295572000003,358.814183,358.577452,0.0,0.0,1.0,100.0,358.814183,1.8,211.01327633929407,61.040282,1636.251189,3722.783143,0.008201132309143986,1130.036422067488,7783.990000000007,12861.0,13788.490676999918,0.7660272598333288,208.32048956768517,,nan,,0.0,0.0
2,1,5,FCFS,closed,kept,17634760,0,7048760.541504,42.0556786500002,42.30326616000001,4219556,4139547,1.2984768463691596,35.62907207000001,425.631479,420.068141,0.0,0.0,1.0,100.0,425.631479,1.7,212.22246227257722,52.495028,1710.297633,4269.08738,0.008321632956728643,1130.9450549450548,7999.499999999992,12069.0,12891.432378999982,0.7161906877222212,208.32048956768517,,nan,,0.0,0.0
0,1,5,Guard(600),closed,kept,17634760,0,7048760.541504,27.691320950000033,27.72134992999993,4219556,4178538,0.6508295704537516,20.047536330000018,937.139639,916.585711,491.158149,270.828671,0.0014769707532757135,0.003668890305283429,489.40618,7.0,96.01582106087936,31.060194,743.355898,3078.643805,0.005927611149797332,1143.8210897262131,7860.039999999995,12252.0,14493.73252199991,0.8052073623333283,208.32048956768517,0,0.8751211427457495,2220.0,0.7916274400183916,35.13468741533705
1,1,5,Guard(600),closed,kept,17634760,0,7048760.541504,26.116711850000033,26.080680700000013,4219556,4179972,0.6206312015531824,19.22235656,840.958969,840.958969,488.723543,265.906198,0.0012041688665178866,0.003016769153648816,378.581067,7.3,92.61666671655617,31.526052,717.0105737500027,2831.109069,0.005848619431168896,1133.0708915145005,7851.519999999999,12792.0,13619.430913000151,0.7566350507222306,208.32048956768517,0,0.8723210912899602,2220.0,0.8060909714682069,37.369371810554306
2,1,5,Guard(600),closed,kept,17634760,0,7048760.541504,26.622420350000052,26.61031048,4219556,4180359,0.6268447702521611,19.15833041,838.498433,838.498433,505.539223,213.708889,0.0013385675852473557,0.0028806743046120276,400.499087,6.8,91.22452854627078,26.544359,715.247499,2375.242651,0.005821060224238946,1133.375235025517,7998.799999999997,12139.0,13297.81417000005,0.7387674538888916,208.32048956768517,0,0.8734426459635616,2220.0,0.8294137436275708,36.697204266848935
0,1,5,SJF,closed,kept,17634760,0,7048760.541504,23.74323190000015,23.75848462999999,4219556,4186602,0.5665999718599516,17.716477250000004,2517.954339,2517.954339,1958.594692,961.050765,0.0,0.0,752.208003,2.0,80.09789372499525,29.159562,554.4777277500019,3003.017826,0.005446515858452284,1144.4415513967995,7883.0999999999985,12304.0,13612.40873099994,0.7562449294999967,208.32048956768517,,nan,,1.0,44.38285693396476
1,1,5,SJF,closed,kept,17634760,0,7048760.541504,22.36817745000007,22.361144850000105,4219556,4188306,0.5375023261501148,16.66048416000001,2205.042505,2205.042505,1821.87272,1082.354953,0.0,0.0,551.24732,1.8,76.5520220777021,28.809859,530.4076945500007,2601.206643,0.005341949649442351,1133.6797420741536,7851.779999999997,12845.0,12599.627262999908,0.6999792923888838,208.32048956768517,,nan,,1.0,46.358752464985514
2,1,5,SJF,closed,kept,17634760,0,7048760.541504,23.44824850000006,23.447616,4219556,4188201,0.5621071263534633,17.280632960000023,1833.284358,1833.284358,1477.42149,968.710792,0.0,0.0,598.108502,1.8,76.13980661067471,24.15263,539.654061,2211.53255,0.005348924510455487,1133.6797420741536,8018.019999999999,12169.0,12852.9074819999,0.7140504156666612,208.32048956768517,,nan,,1.0,44.24475064320489
0,1,5,SPJF-E,closed,kept,17634760,0,7048760.541504,27.555922300000066,27.57634970999996,4219556,4179504,0.6343292400970584,20.22865525000002,2306.464393,2306.464393,2049.183894,429.57625,0.0,0.0,320.128662,2.0,94.50066282995662,32.153258,689.100814,3067.353161,0.005870167782266388,1143.8210897262131,7832.719999999994,12285.0,14228.124428999976,0.7904513571666654,208.32048956768517,,nan,,0.7987735208086787,35.451850896690914
1,1,5,SPJF-E,closed,kept,17634760,0,7048760.541504,25.654058400000046,25.598482949999898,4219556,4181686,0.5923703842090281,18.953492940000007,2691.597028,2691.597028,2479.829296,820.643524,0.0,0.0,367.86883,1.7,89.7706804481537,32.157031,652.595196,2885.793021,0.005745981232520318,1132.766711409396,7859.959999999977,12822.0,13208.546881000095,0.7338081600555608,208.32048956768517,,nan,,0.8300237066290156,38.47886355568429
2,1,5,SPJF-E,closed,kept,17634760,0,7048760.541504,26.211693650000065,26.142342499999998,4219556,4182226,0.599311529676786,18.93815719000001,1936.376463,1936.376463,1898.415319,572.091723,0.0,0.0,340.989758,1.7,87.2088519362733,26.3578695,671.389843,2427.631876,0.005707647850041623,1133.375235025517,8063.599999999982,12134.0,12781.801391000112,0.710100077277784,208.32048956768517,,nan,,0.8514870066568551,37.67383028546149
0,1,5,FCFS,open,kept,17634760,0,7048760.541504,109.70798725000037,109.70798725000037,4219556,4219556,4.10596978561727,79.82585223000018,1023.819617,1022.881156,0.0,0.0,1.0,100.0,1023.819617,2.5,0.0,0.0,0.0,0.0,0.003425734175004366,1146.6184782608696,7919.84,12247.0,15247.543182999892,0.847085732388883,208.32048956768517,,nan,,0.0,0.0
1,1,5,FCFS,open,kept,17634760,0,7048760.541504,111.46362210000021,111.46362210000021,4219556,4219556,4.27325496620986,86.75408623,850.54647,848.284294,0.0,0.0,1.0,100.0,850.54647,1.8,0.0,0.0,0.0,0.0,0.003425734175004366,1133.9844127922602,7787.600000000001,12842.0,14232.98276799982,0.7907212648888788,208.32048956768517,,nan,,0.0,0.0
2,1,5,FCFS,open,kept,17634760,0,7048760.541504,120.13861590000032,120.13861590000032,4219556,4219556,4.161130094564882,87.43805870000016,806.673183,803.938738,0.0,0.0,1.0,100.0,806.673183,1.7,0.0,0.0,0.0,0.0,0.003425734175004366,1134.289247311828,8000.229999999996,12156.0,14114.958100999918,0.7841643389444399,208.32048956768517,,nan,,0.0,0.0
0,1,5,Guard(600),open,kept,17634760,0,7048760.541504,47.70680730000011,47.70680730000011,4219556,4219556,1.549456862855009,32.62698435,1467.37457,1466.888672,494.002374,189.04181,0.013559241620732177,0.018627982461910456,1023.819617,9.0,0.0,0.0,0.0,0.0,0.003425734175004366,1146.6184782608696,7919.84,12247.0,15247.543182999892,0.847085732388883,208.32048956768517,0,0.9265059996729185,2220.0,0.8209715961230186,56.51473653300485
1,1,5,Guard(600),open,kept,17634760,0,7048760.541504,45.35191445000004,45.35191445000004,4219556,4219556,1.4696631577597314,30.82948590000003,1292.441051,1292.441051,495.076165,206.886674,0.01295493373453004,0.020323497456160446,850.54647,7.3,0.0,0.0,0.0,0.0,0.003425734175004366,1133.9844127922602,7787.600000000001,12842.0,14232.98276799982,0.7907212648888788,208.32048956768517,0,0.9121789669083945,2220.0,0.8342121196417649,59.31236254882125
2,1,5,Guard(600),open,kept,17634760,0,7048760.541504,48.399371900000155,48.399371900000155,4219556,4219556,1.5536204418977066,31.725222390000027,1266.498314,1265.502269,498.884717,162.109173,0.012913723487272932,0.019971919096148743,806.673183,7.3,0.0,0.0,0.0,0.0,0.003425734175004366,1134.289247311828,8000.229999999996,12156.0,14114.958100999918,0.7841643389444399,208.32048956768517,0,0.9166762267474174,2220.0,0.8266296955961612,59.71372606765646
0,1,5,SJF,open,kept,17634760,0,7048760.541504,34.18627585000001,34.18627585000001,4219556,4219556,0.9654988137664476,26.17686168000001,3072.262211,3072.262211,2667.424099,774.847243,0.0,0.0,1023.819617,2.5,0.0,0.0,0.0,0.0,0.003425734175004366,1146.6184782608696,7919.84,12247.0,15247.543182999892,0.847085732388883,208.32048956768517,,nan,,1.0,68.83884509511873
1,1,5,SJF,open,kept,17634760,0,7048760.541504,32.21314600000004,32.21314600000004,4219556,4219556,0.9176716039240115,24.700483830000024,2755.850901,2755.850901,2410.508413,255.43716,0.0,0.0,850.54647,2.1,0.0,0.0,0.0,0.0,0.003425734175004366,1133.9844127922602,7787.600000000001,12842.0,14232.98276799982,0.7907212648888788,208.32048956768517,,nan,,1.0,71.09985716137967
2,1,5,SJF,open,kept,17634760,0,7048760.541504,33.353391050000006,33.353391050000006,4219556,4219556,0.9490646782678641,25.06005294000002,2130.349612,2130.349612,1837.973884,578.090433,0.0,0.0,806.673183,2.0,0.0,0.0,0.0,0.0,0.003425734175004366,1134.289247311828,8000.229999999996,12156.0,14114.958100999918,0.7841643389444399,208.32048956768517,,nan,,1.0,72.23757673572472
0,1,5,SPJF-E,open,kept,17634760,0,7048760.541504,43.768337600000216,43.768337600000216,4219556,4219556,1.2312854949841108,30.454804010000007,3312.792676,3312.792676,3044.499222,249.16023,0.0,0.0,1023.819617,2.5,0.0,0.0,0.0,0.0,0.003425734175004366,1146.6184782608696,7919.84,12247.0,15247.543182999892,0.847085732388883,208.32048956768517,,nan,,0.8731217609827607,60.10469365346954
1,1,5,SPJF-E,open,kept,17634760,0,7048760.541504,41.066799900000056,41.066799900000056,4219556,4219556,1.1728263706652657,28.491054300000034,3048.719459,3048.719459,2846.397182,264.517102,0.0,0.0,850.54647,1.9,0.0,0.0,0.0,0.0,0.003425734175004366,1133.9844127922602,7787.600000000001,12842.0,14232.98276799982,0.7907212648888788,208.32048956768517,,nan,,0.8882826408660527,63.15676888450946
2,1,5,SPJF-E,open,kept,17634760,0,7048760.541504,44.18500275000011,44.18500275000011,4219556,4219556,1.2332733507966653,29.330962630000005,2666.079782,2666.079782,2393.795644,469.226797,0.0,0.0,806.673183,1.9,0.0,0.0,0.0,0.0,0.003425734175004366,1134.289247311828,8000.229999999996,12156.0,14114.958100999918,0.7841643389444399,208.32048956768517,,nan,,0.8751906016407578,63.22164824440932
0,2,4,FCFS,closed,dropped,17408618,226142,6917406.524484,71.13461375,71.0079468399999,4053826,4066617,2.5654121248733817,59.21975767999911,456.957083,422.485777,0.0,0.0,1.0,100.0,456.957083,1.8,405.18690392585853,116.318158,2977.105624,6648.798054,0.0,1101.583152173913,7626.47,12109.0,12910.19464999975,0.8965412951388716,208.32048956768517,,nan,,0.0,0.0
1,2,4,FCFS,closed,dropped,17400684,234076,6913313.98578,71.5403983299998,71.4386375,4045892,4059851,2.6505883298097936,61.07924395999983,518.494716,493.932498,0.0,0.0,1.0,100.0,518.494716,1.8,428.7580463713579,128.919147,3098.601636,6892.825304,0.0,1086.7289820037604,7537.519999999991,12472.0,13437.058080999992,0.9331290334027772,208.32048956768517,,nan,,0.0,0.0
2,2,4,FCFS,closed,dropped,17399277,235483,6908311.052304,72.34828276000006,72.2701549,4044485,4058132,2.6558517953147707,61.88225223999992,551.043342,549.22974,0.0,0.0,1.0,100.0,551.043342,1.7,428.11253189795485,120.818614,3114.255394,6937.991867,0.0,1088.104654291095,7673.560000000005,12020.0,13838.535132000083,0.9610093841666724,208.32049452150466,,nan,,0.0,0.0
0,2,4,Guard(600),closed,dropped,17496642,138118,6977031.404817,40.04529776999993,40.025347350000025,4141850,4147312,1.2184880170261243,30.715671879999995,1042.511844,1042.511844,504.856394,187.082213,0.002220701150215008,0.007972958468259224,602.204089,7.0,173.6916971045324,55.551957,1410.1971064599998,4455.761355,0.0,1125.1969573485467,7749.999999999999,12225.0,13454.732983999842,0.9343564572222113,208.32048956768517,0,0.8986224034951493,1800.0,0.810704357270296,43.704905869401834
1,2,4,Guard(600),closed,dropped,17493339,141421,6975771.88192,39.00073402,38.9862175,4138547,4144176,1.2295892238050723,30.62428194000004,1018.903204,987.088378,507.799236,245.301217,0.0024233375126731798,0.009003426961542334,545.646797,6.7,180.14989709146877,62.452747,1401.559355,4136.140472,0.0,1112.5126344086023,7692.379999999995,12562.0,13241.925435999905,0.9195781552777712,208.32048956768517,0,0.897208971390159,1800.0,0.8227008359639172,45.48432084470879
2,2,4,Guard(600),closed,dropped,17493443,141317,6973956.47385,40.3155925,40.29469708000001,4138651,4144349,1.2585855963761965,31.05955505999981,1029.350039,1021.715981,501.387362,246.220953,0.0027220212178194667,0.008860462745955727,597.030522,6.8,183.9733256513695,59.368179,1458.2757885599842,5004.460859,0.0,1112.5405913978495,7886.319999999996,12082.0,12582.150119000149,0.8737604249305659,208.32049452150466,0,0.8923496167186807,1800.0,0.8082299538887475,44.275674608976765
0,2,4,SJF,closed,dropped,17515681,119079,6992487.026943,32.786089160000024,32.77136583999999,4160889,4165107,0.9895608950560358,26.203123199999936,4139.337561,4139.337561,3390.28258,544.687543,0.0,0.0,1152.017162,1.8,137.22851801132336,50.722431,979.7822755999943,4967.55878,0.0,1130.062194459533,7779.3200000000015,12102.0,12771.041776000104,0.8868779011111183,208.32048956768517,,nan,,1.0,53.90979520149566
1,2,4,SJF,closed,dropped,17514503,120257,6992114.683773,31.988154199999972,31.975569280000038,4159711,4164137,0.988457584270647,26.018351400000036,3680.912966,3680.912966,3047.350529,1578.340834,0.0,0.0,868.523471,1.9,140.5462298300653,56.737397,962.524022,4264.983242,0.0,1117.300832661832,7695.599999999995,12581.0,12641.290025000028,0.8778673628472241,208.32048956768517,,nan,,1.0,55.28658639494039
2,2,4,SJF,closed,dropped,17514410,120350,6990754.330968,32.71514357,32.69937385999997,4159618,4164034,1.0162192532226322,26.351715190000032,3361.698961,3361.698961,2739.756432,1494.719862,0.0,0.0,877.858201,1.8,141.17211126241904,54.476364,998.930543,3858.207798,0.0,1118.7783754706832,7957.129999999999,11967.0,12077.775392000096,0.8387344022222288,208.32049452150466,,nan,,1.0,54.781036505696356
0,2,4,SPJF-E,closed,dropped,17501404,133356,6982204.628248,38.436392810000164,38.4156091,4146612,4151730,1.1279378942540836,29.588593589999707,4998.9851,4998.9851,4646.916102,3162.690399,0.0,0.0,484.962768,1.8,164.11466537655355,56.845263,1243.5074827399956,6030.48348,0.0,1125.878903068151,7734.619999999999,12185.0,13682.792417999945,0.9501939179166629,208.32048956768517,,nan,,0.8526591645856031,45.96668093948825
1,2,4,SPJF-E,closed,dropped,17499523,135237,6979283.113691,38.35784370000009,38.339146960000065,4144731,4149908,1.1464854986787354,29.953248280000032,3719.136628,3719.136628,3612.958092,3612.958092,0.0,0.0,494.866992,2.0,168.36494351689805,63.518893,1184.557954,5000.315709,0.0,1112.9782491944145,7696.899999999999,12521.0,13459.316005000153,0.934674722569455,208.32048956768517,,nan,,0.8389550418665424,46.382960403625425
2,2,4,SPJF-E,closed,dropped,17499567,135193,6978439.368871,38.894136379999985,38.87713289999997,4144775,4150075,1.16198362685351,30.39667003999994,3522.554212,3522.554212,3236.160262,2594.452553,0.0,0.0,457.502365,1.9,171.39016232359918,60.05871,1246.9360195199988,4546.790415,0.0,1114.1868279569892,7871.049999999999,12143.0,13227.439560000004,0.9185721916666669,208.32049452150466,,nan,,0.84409529660575,46.24041525764619
0,2,4,FCFS,closed,kept,17634760,0,7048760.541504,74.19149645000023,75.06338183999983,4219556,4057534,2.668614083585997,62.380834240000006,438.285055,426.471721,0.0,0.0,1.0,100.0,438.285055,1.7,431.10066860318494,125.335159,3125.845365,6789.454544,0.013374834701464607,1139.8044300378174,7851.909999999998,12287.0,12869.163420999965,0.8936919042361087,208.32048956768517,,nan,,0.0,0.0
1,2,4,FCFS,closed,kept,17634760,0,7048760.541504,68.66621815000009,68.7273149199999,4219556,4057398,2.674413427134024,60.27022017,503.936945,491.321901,0.0,0.0,1.0,100.0,503.936945,1.7,445.22165832407705,133.048937,3277.034679,7140.325753,0.013423261785246865,1126.7172229639518,7665.959999999999,12791.0,14127.52513400002,0.9810781343055569,208.32048956768517,,nan,,0.0,0.0
2,2,4,FCFS,closed,kept,17634760,0,7048760.541504,71.34375810000026,71.68356343999992,4219556,4052992,2.700051582367438,62.07956546000005,536.385273,530.86987,0.0,0.0,1.0,100.0,536.385273,1.7,443.64650755904154,124.824942,3301.165032,6359.020428,0.013651787719254472,1128.2235294117647,7887.1500000000015,12189.0,13697.157103000038,0.9511914654861138,208.32049452150466,,nan,,0.0,0.0
0,2,4,Guard(600),closed,kept,17634760,0,7048760.541504,40.42149370000005,40.34823558000011,4219556,4144739,1.2521239747614372,31.222883740000015,1074.302935,1074.302935,510.849448,252.304844,0.002666207025355153,0.009356520871279224,631.34312,7.1,182.1763893157121,57.693582,1479.644789,5204.794984,0.007981169009388276,1141.654761904762,7840.750000000003,12394.0,13449.771222999872,0.9340118904861022,208.32048956768517,0,0.8991348319132842,1800.0,0.8105124864994608,45.51734951559948
1,2,4,Guard(600),closed,kept,17634760,0,7048760.541504,39.92350680000003,39.75384679999985,4219556,4141221,1.2734713418600536,31.20622406000001,1019.063791,1019.063791,496.074674,246.544349,0.002938968082382851,0.010235466771308484,568.682283,7.9,189.01540148146404,63.486584,1485.87526,4980.10476,0.008197446406982573,1130.036422067488,7799.420000000009,12940.0,13370.451084000148,0.9285035475000103,208.32048956768517,0,0.8901941246144949,1800.0,0.7951840414789748,41.8585909117816
2,2,4,Guard(600),closed,kept,17634760,0,7048760.541504,40.25530510000021,40.05577592,4219556,4142305,1.2604343394386428,31.161914570000025,1023.025639,1023.025639,505.481904,261.830415,0.002559557947061718,0.0088404945686814,550.213977,6.6,185.69811841838592,58.863368,1478.414031,5102.624814,0.008125939905051161,1131.248257372654,7971.530000000002,12182.0,12774.392939000087,0.8871106207638949,208.32049452150466,0,0.9011985210052068,1800.0,0.823803823962767,43.57557525414398
0,2,4,SJF,closed,kept,17634760,0,7048760.541504,32.52649645000005,32.56370092999995,4219556,4164690,0.9745041250868172,25.815244540000013,4234.335264,4234.335264,3436.498156,1648.255938,0.0,0.0,1129.492392,1.8,137.431168148784,51.187362,966.06183,5142.866048,0.0067777503067804725,1141.9637347767252,7863.319999999999,12222.0,12779.126077000128,0.8874393109027867,208.32048956768517,,nan,,1.0,56.15872706932041
1,2,4,SJF,closed,kept,17634760,0,7048760.541504,32.52023200000007,32.53779068999998,4219556,4163630,0.997943519966929,26.283619550000022,3477.522675,3477.522675,2872.542439,1523.162696,0.0,0.0,823.708688,1.7,144.0670938196294,58.382007,984.3984358600003,4322.594354,0.006844266664247202,1131.248257372654,7771.270000000001,12801.0,12679.420356999985,0.8805153025694433,208.32048956768517,,nan,,1.0,52.640129489933145
2,2,4,SJF,closed,kept,17634760,0,7048760.541504,33.60606850000013,33.611234720000105,4219556,4162385,1.0363892126274472,26.99421723,3152.186359,3152.186359,2706.219092,1708.884058,0.0,0.0,895.911454,1.8,145.42978632383264,56.0110375,1025.601477,4075.461642,0.006923938857120822,1130.9450549450548,8028.4999999999845,12218.0,12255.902817999817,0.8511043623610984,208.32049452150466,,nan,,1.0,52.89557293450174
0,2,4,SPJF-E,closed,kept,17634760,0,7048760.541504,38.49561780000022,38.45505485999998,4219556,4150707,1.139775532320315,29.722158590000014,5783.219581,5783.219581,5400.385192,590.335556,0.0,0.0,515.559308,1.8,168.47829015892006,57.594592,1295.595725390003,6306.612604,0.00762800287613781,1141.9637347767252,7866.599999999999,12358.0,14237.355832999903,0.9887052661805489,208.32048956768517,,nan,,0.8567353570142772,48.11316708520159
1,2,4,SPJF-E,closed,kept,17634760,0,7048760.541504,38.45144940000012,38.40338895999998,4219556,4149204,1.1476487272136962,29.908932950000015,3703.609075,3703.609075,3488.306578,789.733851,0.0,0.0,492.916548,1.8,171.93669237755807,62.404302,1271.801921,4895.39075,0.007716010878514933,1130.9450549450548,7867.299999999984,12836.0,13701.475264000124,0.9514913377777864,208.32048956768517,,nan,,0.8359093766210596,44.00237782718187
2,2,4,SPJF-E,closed,kept,17634760,0,7048760.541504,39.37940295000001,39.26470929999959,4219556,4147323,1.1727127409946607,30.326995160000042,3003.615236,3003.615236,2927.460837,954.871018,0.0,0.0,453.341023,1.8,174.01735506596142,61.222417,1284.983925,4667.220538,0.00782505687630566,1131.551622418879,7905.919999999998,12326.0,13123.782914999982,0.9113738135416654,208.32049452150466,,nan,,0.8470140988705398,44.8032960433579
0,2,4,FCFS,open,kept,17634760,0,7048760.541504,263.1202411500015,263.1202411500015,4219556,4219556,10.098658702753482,210.5271226000006,1544.602708,1542.754531,0.0,0.0,1.0,100.0,1544.602708,1.8,0.0,0.0,0.0,0.0,0.003425734175004366,1146.6184782608696,7919.84,12247.0,15247.543182999892,1.0588571654861036,208.32048956768517,,nan,,0.0,0.0
1,2,4,FCFS,open,kept,17634760,0,7048760.541504,277.8373296000014,277.8373296000014,4219556,4219556,10.865231783045077,260.37685858000003,1285.288804,1268.687522,0.0,0.0,1.0,100.0,1285.288804,1.8,0.0,0.0,0.0,0.0,0.003425734175004366,1133.9844127922602,7787.600000000001,12842.0,14232.98276799982,0.9884015811110985,208.32048956768517,,nan,,0.0,0.0
2,2,4,FCFS,open,kept,17634760,0,7048760.541504,264.66936870000046,264.66936870000046,4219556,4219556,10.30778653955557,227.5138038300001,1130.63053,1127.746425,0.0,0.0,1.0,100.0,1130.63053,1.7,0.0,0.0,0.0,0.0,0.003425734175004366,1134.289247311828,8000.229999999996,12156.0,14114.958100999918,0.9802054236805499,208.32048956768517,,nan,,0.0,0.0
0,2,4,Guard(600),open,kept,17634760,0,7048760.541504,87.54104590000027,87.54104590000027,4219556,4219556,3.760432816336429,49.67312294000005,1994.472647,1992.893608,512.303721,259.306429,0.07933295454835977,0.08966949365911416,1544.602708,7.4,0.0,0.0,0.0,0.0,0.003425734175004366,1146.6184782608696,7919.84,12247.0,15247.543182999892,1.0588571654861036,208.32048956768517,0,0.9464561694208214,1800.0,0.7972195904911611,66.72964211442242
1,2,4,Guard(600),open,kept,17634760,0,7048760.541504,86.54079355000005,86.54079355000005,4219556,4219556,4.02694930049255,50.70756743000003,1735.599059,1719.064034,515.814315,232.972891,0.07621652094143677,0.10512192964349955,1285.288804,7.8,0.0,0.0,0.0,0.0,0.003425734175004366,1133.9844127922602,7787.600000000001,12842.0,14232.98276799982,0.9884015811110985,208.32048956768517,0,0.9452887880362099,1800.0,0.8158619847675721,68.85199203627833
2,2,4,Guard(600),open,kept,17634760,0,7048760.541504,91.3761106500002,91.3761106500002,4219556,4219556,3.864643476785451,51.39797193000008,1579.655438,1577.808751,520.237781,339.882,0.07006581026540977,0.09072422873914927,1130.63053,7.6,0.0,0.0,0.0,0.0,0.003425734175004366,1134.289247311828,8000.229999999996,12156.0,14114.958100999918,0.9802054236805499,208.32048956768517,0,0.9506292304387737,1800.0,0.787177325902486,65.47537363359417
0,2,4,SJF,open,kept,17634760,0,7048760.541504,42.88080230000007,42.88080230000007,4219556,4219556,1.6498347979990653,34.62788973000003,5299.53243,5299.53243,4755.467038,1101.479383,0.0,0.0,1544.602708,2.1,0.0,0.0,0.0,0.0,0.003425734175004366,1146.6184782608696,7919.84,12247.0,15247.543182999892,1.0588571654861036,208.32048956768517,,nan,,1.0,83.7029632868289
1,2,4,SJF,open,kept,17634760,0,7048760.541504,43.36564245000002,43.36564245000002,4219556,4219556,1.6851806120892487,34.91753989,4497.847934,4497.847934,4030.312538,379.809196,0.0,0.0,1285.288804,2.1,0.0,0.0,0.0,0.0,0.003425734175004366,1133.9844127922602,7787.600000000001,12842.0,14232.98276799982,0.9884015811110985,208.32048956768517,,nan,,1.0,84.3917149245449
2,2,4,SJF,open,kept,17634760,0,7048760.541504,44.52423450000003,44.52423450000003,4219556,4219556,1.7451141713399558,35.65984735000001,3995.157295,3995.157295,3571.401473,960.837633,0.0,0.0,1130.63053,2.1,0.0,0.0,0.0,0.0,0.003425734175004366,1134.289247311828,8000.229999999996,12156.0,14114.958100999918,0.9802054236805499,208.32048956768517,,nan,,1.0,83.17741311784829
0,2,4,SPJF-E,open,kept,17634760,0,7048760.541504,61.81080275000139,61.81080275000139,4219556,4219556,2.237425134700671,41.51197298000001,6286.248131,6286.248131,5904.525039,462.67527,0.0,0.0,1544.602708,2.0,0.0,0.0,0.0,0.0,0.003425734175004366,1146.6184782608696,7919.84,12247.0,15247.543182999892,1.0588571654861036,208.32048956768517,,nan,,0.9140480898932277,76.50853371072891
1,2,4,SPJF-E,open,kept,17634760,0,7048760.541504,60.83440330000001,60.83440330000001,4219556,4219556,2.2725844579492436,41.48179064,5393.401163,5393.401163,5103.483908,646.886821,0.0,0.0,1285.288804,1.9,0.0,0.0,0.0,0.0,0.003425734175004366,1133.9844127922602,7787.600000000001,12842.0,14232.98276799982,0.9884015811110985,208.32048956768517,,nan,,0.9254973550865249,78.10430895388231
2,2,4,SPJF-E,open,kept,17634760,0,7048760.541504,64.7792388000001,64.7792388000001,4219556,4219556,2.3548805243033644,42.47131382,4565.003702,4565.003702,4238.642296,708.755315,0.0,0.0,1130.63053,2.1,0.0,0.0,0.0,0.0,0.003425734175004366,1134.289247311828,8000.229999999996,12156.0,14114.958100999918,0.9802054236805499,208.32048956768517,,nan,,0.9079924960703492,75.52446695354968
