policy,family,worst_gap,worst_harm,worst_promise,mean_gap,n_cells,max_used,lw_ex_p99,lw_ex_max,lw_ratio_max,B0_base,eta,gam_base
CAPG-G1200-B0-e0,capped,0.0,0.0,165.0,0.0,15,0.0,0.0,0.0,1.0,0.0,0.0,0.0
CAPG-G300-B0-e0,capped,0.0,0.0,165.0,0.0,15,0.0,0.0,0.0,1.0,0.0,0.0,0.0
CAPG-G600-B0-e0,capped,0.0,0.0,165.0,0.0,15,0.0,0.0,0.0,1.0,0.0,0.0,0.0
CAPG-G1200-B0-e0.25,capped,0.19500318433490255,113.59830190241335,220.0,0.3880790348231327,15,0.7832586155284647,260.8191066929697,522.5857730656862,2.7536135399570147,0.0,0.25,0.0
CAPG-G300-B0-e0.25,capped,0.17392316696354157,113.59830190241335,220.0,0.37910622517027986,15,0.7146642454465231,155.3244302608073,214.3992736339569,2.7536135399570147,0.0,0.25,0.0
CAPG-G600-B0-e0.25,capped,0.19500318433490255,113.59830190241335,220.0,0.38802923734844097,15,0.8363013913979133,261.2334099540112,501.780834838748,2.7536135399570147,0.0,0.25,0.0
CAPG-G1200-B0-e0.5,capped,0.5874725007881954,118.668151602149,330.0,0.6566459280384029,15,0.9139647969727714,333.50671719014645,1096.7577563673258,3.6169258067796233,0.0,0.5,0.0
CAPG-G300-B0-e0.5,capped,0.4082669114169308,118.668151602149,300.0,0.5821755669443912,15,0.7937040866911411,157.3920530793075,238.1112260073424,3.6169258067796233,0.0,0.5,0.0
CAPG-G600-B0-e0.5,capped,0.5721397873062675,118.668151602149,330.0,0.6500835348184858,15,0.8653581246982018,440.5670705936887,519.2148748189211,3.6169258067796233,0.0,0.5,0.0
CAPG-G1200-B0-e0.75,capped,0.707445786402603,173.43264684081078,660.0,0.7704108322817709,15,0.9273500230287512,290.5060686110008,1112.8200276345017,6.28328147771119,0.0,0.75,0.0
CAPG-G300-B0-e0.75,capped,0.4024734844846663,173.43264684081078,300.0,0.6289956216986036,15,0.7990847877661387,159.18618428707123,227.27914409339428,4.668096140823749,0.0,0.75,0.0
CAPG-G600-B0-e0.75,capped,0.706152358330965,173.43264684081078,600.0,0.7510976740691071,15,0.8608116863916317,450.105452850461,516.4870118349791,6.28328147771119,0.0,0.75,0.0
CAPG-G1200-B0-e0.9,capped,0.7198246898249818,358.92071129381657,1200.0,0.7983951655109437,15,0.9294469452525178,277.3009258669612,1115.3363343030214,14.541060557727766,0.0,0.9,0.0
CAPG-G300-B0-e0.9,capped,0.37745180737315637,212.0439104884863,300.0,0.6268461525705374,15,0.7880653869112333,159.2187222391367,236.41961607337,4.704841677924304,0.0,0.9,0.0
CAPG-G600-B0-e0.9,capped,0.7173670373776823,358.92071129381657,600.0,0.7738745616559697,15,0.8567376999557018,450.3200592547655,514.0426199734211,9.018080558710324,0.0,0.9,0.0
CAPG-G1200-B0-e0.95,capped,0.7216438723272767,441.6454218178988,1200.0,0.8033962694930302,15,0.9209248939901592,296.3210010373541,1105.1098727881908,18.969982752304528,0.0,0.95,0.0
CAPG-G300-B0-e0.95,capped,0.3720644885761604,212.0439104884863,300.0,0.6243138268612506,15,0.7880653869112333,159.32256424814472,236.41961607337,4.705043241100704,0.0,0.95,0.0
CAPG-G600-B0-e0.95,capped,0.7183847325880106,441.6454218178988,600.0,0.7767357273073121,15,0.8567377210160096,450.341078632772,514.0426326096058,9.175062035111088,0.0,0.95,0.0
CAPG-G1200-B15-e0,capped,-0.006895775384270354,66.63522438704967,168.75,0.08117685220849186,15,0.4277290290933314,13.027096052765849,60.610576540231705,1.9358688371839563,15.0,0.0,0.0
CAPG-G300-B15-e0,capped,-0.006895775384270354,66.63522438704967,168.75,0.08117685220849186,15,0.4277290290933314,13.027096052765849,60.610576540231705,1.9358688371839563,15.0,0.0,0.0
CAPG-G600-B15-e0,capped,-0.006895775384270354,66.63522438704967,168.75,0.08117685220849186,15,0.4277290290933314,13.027096052765849,60.610576540231705,1.9358688371839563,15.0,0.0,0.0
CAPG-G1200-B15-e0.25,capped,0.2583307211096694,101.63994604349136,225.0,0.45281118940992343,15,0.8188459729498698,251.3391842162609,543.9508592635393,2.9340200998796124,15.0,0.25,0.0
CAPG-G300-B15-e0.25,capped,0.23165417046944003,101.63994604349136,225.0,0.441320845783702,15,0.7298778419196605,152.18304648190735,218.96335257589817,2.9340200998796124,15.0,0.25,0.0
CAPG-G600-B15-e0.25,capped,0.2583307211096694,101.63994604349136,225.0,0.4527603765832307,15,0.8394965824981531,252.4084878090023,503.69794949889183,2.9340200998796124,15.0,0.25,0.0
CAPG-G1200-B15-e0.5,capped,0.5987426938733902,124.48672753572464,337.5,0.6672356222358626,15,0.9189499878386655,309.19776322096607,1102.7399854063988,3.668215367676447,15.0,0.5,0.0
CAPG-G300-B15-e0.5,capped,0.41659688261286965,124.48672753572464,300.0,0.5887613359810675,15,0.7770098219811916,157.37520211428404,233.1029465943575,3.668215367676447,15.0,0.5,0.0
CAPG-G600-B15-e0.5,capped,0.5787169497680014,124.48672753572464,337.5,0.6598653473920019,15,0.852066597143809,416.7420303978096,511.2399582862854,3.668215367676447,15.0,0.5,0.0
CAPG-G1200-B15-e0.75,capped,0.7050342426244557,212.09133356809616,675.0,0.7776794160691008,15,0.9251177947347364,290.7213137555181,1110.1413536816835,6.336542299713773,15.0,0.75,0.0
CAPG-G300-B15-e0.75,capped,0.403444350625006,212.0439104884863,300.0,0.6314676773165899,15,0.7880653869112333,159.12322896108034,236.41961607337,4.570498244050751,15.0,0.75,0.0
CAPG-G600-B15-e0.75,capped,0.7041572952787944,212.09133356809616,600.0,0.7577467688973908,15,0.8652669007331133,450.141970038414,519.160140439868,6.336542299713773,15.0,0.75,0.0
CAPG-G1200-B15-e0.9,capped,0.7262587047312681,358.92071129381657,1200.0,0.7997955891808118,15,0.9210310816019772,281.4324883338798,1105.2372979223728,15.411168006588722,15.0,0.9,0.0
CAPG-G300-B15-e0.9,capped,0.3727479448821824,212.0439104884863,300.0,0.6251688339304711,15,0.7880653869112333,159.10897584512836,236.41961607337,4.705043241100704,15.0,0.9,0.0
CAPG-G600-B15-e0.9,capped,0.7237008224870114,358.92071129381657,600.0,0.7742473075812578,15,0.8567376220226288,450.2958911806345,514.0425732135773,9.018080558710324,15.0,0.9,0.0
CAPG-G1200-B15-e0.95,capped,0.7266731178960358,484.2988456636667,1200.0,0.8041778545951366,15,0.9246372938156128,283.30438232540985,1105.1092856824398,18.969982752304528,15.0,0.95,0.0
CAPG-G300-B15-e0.95,capped,0.3703794908034586,212.0439104884863,300.0,0.6236859639947284,15,0.7880653869112333,159.17320629745743,236.41961607337,4.705043241100704,15.0,0.95,0.0
CAPG-G600-B15-e0.95,capped,0.7230437321287428,483.9248276352882,600.0,0.7773774125122586,15,0.8567153809467951,450.3235989809036,514.0292285680771,9.018080558710324,15.0,0.95,0.0
CAPG-G1200-B30-e0,capped,-0.010259460072518415,71.31791223585606,172.5,0.13076054882158425,15,0.5091464305325021,15.857784608602536,69.81109173595905,2.1274661502762533,30.0,0.0,0.0
CAPG-G300-B30-e0,capped,-0.010259460072518415,71.31791223585606,172.5,0.13076054882158425,15,0.5091464305325021,15.857784608602536,69.81109173595905,2.1274661502762533,30.0,0.0,0.0
CAPG-G600-B30-e0,capped,-0.010259460072518415,71.31791223585606,172.5,0.13076054882158425,15,0.5091464305325021,15.857784608602536,69.81109173595905,2.1274661502762533,30.0,0.0,0.0
CAPG-G1200-B30-e0.25,capped,0.27984642634488954,101.64403854310513,230.0,0.47476659280867506,15,0.7755533815578841,254.3736527416104,547.5729761123657,2.8042161021919685,30.0,0.25,0.0
CAPG-G300-B30-e0.25,capped,0.2468671535033837,101.64403854310513,230.0,0.45995171247609085,15,0.7331751951575279,152.22006203234196,219.9525585472584,2.8042161021919685,30.0,0.25,0.0
CAPG-G600-B30-e0.25,capped,0.27984642634488954,101.64403854310513,230.0,0.47470511999488013,15,0.8147836512078842,255.3942002865672,488.8701907247305,2.8042161021919685,30.0,0.25,0.0
CAPG-G1200-B30-e0.5,capped,0.6102826969959118,122.74050185084344,345.0,0.6801268591875346,15,0.9103912413368622,303.48096722215445,1092.4694896042347,3.9037777145270502,30.0,0.5,0.0
CAPG-G300-B30-e0.5,capped,0.41024297155692135,122.74050185084344,300.0,0.5977697448198155,15,0.758712367862463,158.16200047373778,227.6137103587389,3.90377771452705,30.0,0.5,0.0
CAPG-G600-B30-e0.5,capped,0.5858349670660549,122.74050185084344,345.0,0.6714870135666752,15,0.8809251718471448,420.6302839733664,528.5551031082869,3.9037777145270502,30.0,0.5,0.0
CAPG-G1200-B30-e0.75,capped,0.7184274801302445,216.8147185742855,690.0,0.7804676156002363,15,0.9250478609651328,291.85191911742123,1110.0574331581593,6.991298350097487,30.0,0.75,0.0
CAPG-G300-B30-e0.75,capped,0.4009140460553462,212.0439104884863,300.0,0.631560220760829,15,0.7880653869112333,159.0184528529644,236.41961607337,4.426442388269875,30.0,0.75,0.0
CAPG-G600-B30-e0.75,capped,0.7171861242960144,216.8147185742855,600.0,0.7607373101833684,15,0.8568000619361797,450.1336213946343,514.0800371617079,6.991298350097487,30.0,0.75,0.0
CAPG-G1200-B30-e0.9,capped,0.723258925803582,358.92071129381657,1200.0,0.8017771367920409,15,0.924047735730807,273.2559633451698,1108.8572828769684,15.34459179395774,30.0,0.9,0.0
CAPG-G300-B30-e0.9,capped,0.3718736818307276,212.0439104884863,300.0,0.6240971220707513,15,0.7880653869112333,159.18009965360167,236.41961607337,4.705043241100704,30.0,0.9,0.0
CAPG-G600-B30-e0.9,capped,0.7210239875060425,358.92071129381657,600.0,0.775122564520006,15,0.8567153809467951,450.3052702248097,514.0292285680771,9.018080558710324,30.0,0.9,0.0
CAPG-G1200-B30-e0.95,capped,0.7270448010421839,547.1136269271374,1200.0,0.8045599007986322,15,0.9246384669219454,282.9263840955483,1105.1092856824398,18.969982752304528,30.0,0.95,0.0
CAPG-G300-B30-e0.95,capped,0.36931054647286055,212.0439104884863,300.0,0.6234833994846494,15,0.7880653869112333,159.16916182249787,236.41961607337,4.705043241100704,30.0,0.95,0.0
CAPG-G600-B30-e0.95,capped,0.7234336479204436,483.9248276352882,600.0,0.7779538163770033,15,0.8567153809467951,450.3209715038538,514.0292285680771,9.041937505702291,30.0,0.95,0.0
CAPG-G1200-B60-e0,capped,-0.012862931181209507,96.27659252285956,180.0,0.1876945437225463,15,0.5779388825098674,31.342465717792603,95.35991561412813,2.3938051172761674,60.0,0.0,0.0
CAPG-G300-B60-e0,capped,-0.012862931181209507,96.27659252285956,180.0,0.1876945437225463,15,0.5779388825098674,31.342465717792603,95.35991561412813,2.3938051172761674,60.0,0.0,0.0
CAPG-G600-B60-e0,capped,-0.012862931181209507,96.27659252285956,180.0,0.18769454372254626,15,0.5779388825098674,31.342465717792603,95.35991561412813,2.3938051172761674,60.0,0.0,0.0
CAPG-G1200-B60-e0.25,capped,0.32328291911958523,102.71663853526115,240.0,0.5158319278660854,15,0.8100562372369953,255.40463457703564,558.8749256283045,3.063568696350896,60.0,0.25,0.0
CAPG-G300-B60-e0.25,capped,0.2788586478471194,102.71663853526115,240.0,0.49760819706159215,15,0.7573657401899496,152.37596008509394,227.2097220569849,3.063568696350896,60.0,0.25,0.0
CAPG-G600-B60-e0.25,capped,0.32328291911958523,102.71663853526115,240.0,0.5157230149643387,15,0.8272740569710731,255.4982883742449,496.3644341826439,3.063568696350896,60.0,0.25,0.0
CAPG-G1200-B60-e0.5,capped,0.6295148908964934,122.75569877028464,360.0,0.7036238725719115,15,0.9115404193972548,318.3069691359997,1093.8485032767055,4.021787156302391,60.0,0.5,0.0
CAPG-G300-B60-e0.5,capped,0.4250992896342717,122.75569877028464,300.0,0.6134742194506385,15,0.7575997203588486,157.58306441739222,227.27991610765457,4.021787156302391,60.0,0.5,0.0
CAPG-G600-B60-e0.5,capped,0.598344156197851,122.75569877028464,360.0,0.6939945720304993,15,0.8484378710140784,424.331095919013,509.0627226084471,4.021787156302391,60.0,0.5,0.0
CAPG-G1200-B60-e0.75,capped,0.72202537915295,254.963281840086,720.0,0.7847383645914641,15,0.924237683924536,295.09290194511414,1109.085220709443,7.259400192337651,60.0,0.75,0.0
CAPG-G300-B60-e0.75,capped,0.38397080824040825,212.0439104884863,300.0,0.6290240207607627,15,0.7880653869112333,158.9964329302311,236.41961607337,4.705043241100704,60.0,0.75,0.0
CAPG-G600-B60-e0.75,capped,0.721245369204399,254.963281840086,600.0,0.7655663072260046,15,0.856715406626463,450.1501519814134,514.0292439758778,7.259400192337651,60.0,0.75,0.0
CAPG-G1200-B60-e0.9,capped,0.7267542099966242,384.6395355314016,1200.0,0.8038778120540417,15,0.9206920014570156,278.64448706567066,1104.8304017484188,17.18376225507293,60.0,0.9,0.0
CAPG-G300-B60-e0.9,capped,0.36931054647286055,212.0439104884863,300.0,0.6234833994846494,15,0.7880653869112333,159.16916182249787,236.41961607337,4.705043241100704,60.0,0.9,0.0
CAPG-G600-B60-e0.9,capped,0.7232148282526054,384.6395355314016,600.0,0.7771007293013391,15,0.8567153809467951,450.3235615491867,514.0292285680771,9.018080558710324,60.0,0.9,0.0
CAPG-G1200-B60-e0.95,capped,0.7272678266967635,720.5322021394968,1200.0,0.8049269080339317,15,0.9209244047353664,282.6606624114513,1105.1092856824398,18.969982752304528,60.0,0.95,0.0
CAPG-G300-B60-e0.95,capped,0.36931054647286055,212.0439104884863,300.0,0.6234833994846494,15,0.7880653869112333,159.16916182249787,236.41961607337,4.705043241100704,60.0,0.95,0.0
CAPG-G600-B60-e0.95,capped,0.723790236370106,483.9248276352882,600.0,0.7781524210995147,15,0.8567153809467951,450.3200090676546,514.0292285680771,9.041937505702291,60.0,0.95,0.0
CAPG-G1200-B120-e0,capped,0.0056937623708329665,102.65260392427444,195.0,0.29148564662201176,15,0.6195600686801804,52.84095153212547,111.52081236243248,2.684818046846136,120.0,0.0,0.0
CAPG-G300-B120-e0,capped,0.0056937623708329665,102.65260392427444,195.0,0.29148564662201176,15,0.6195600686801804,52.84095153212547,111.52081236243248,2.684818046846136,120.0,0.0,0.0
CAPG-G600-B120-e0,capped,0.0056937623708329665,102.65260392427444,195.0,0.29148564662201176,15,0.6195600686801804,52.84095153212547,111.52081236243248,2.684818046846136,120.0,0.0,0.0
CAPG-G1200-B120-e0.25,capped,0.39407022119111096,122.56411573290823,260.0,0.5704151994266121,15,0.7890486294154803,266.9700559312102,575.0337690114975,3.192991424018554,120.0,0.25,0.0
CAPG-G300-B120-e0.25,capped,0.33280102637619596,122.56411573290823,260.0,0.5444813498669018,15,0.749438669482867,152.29350066184998,224.83160084486008,3.192991424018554,120.0,0.25,0.0
CAPG-G600-B120-e0.25,capped,0.39407022119111096,122.56411573290823,260.0,0.5703032376967497,15,0.8475710485378901,268.135063124895,508.54262912273407,3.192991424018554,120.0,0.25,0.0
CAPG-G1200-B120-e0.5,capped,0.6662632389588308,171.61468262970448,390.0,0.7316551711240405,15,0.9059002355858684,299.52251675724983,1087.080282703042,4.431696269868133,120.0,0.5,0.0
CAPG-G300-B120-e0.5,capped,0.40395229288571166,171.61468262970448,300.0,0.6261632566181624,15,0.788134175191323,158.17009078010923,236.4402525573969,4.431237471034408,120.0,0.5,0.0
CAPG-G600-B120-e0.5,capped,0.6311205574056772,171.61468262970448,390.0,0.720627836341174,15,0.8478300376733144,420.5772425362457,508.6980226039887,4.431696269868133,120.0,0.5,0.0
CAPG-G1200-B120-e0.75,capped,0.7235581741881724,293.2910667359829,780.0,0.7909864328762913,15,0.9439312599847716,297.25394633427265,1132.7175119817257,8.374989280520623,120.0,0.75,0.0
CAPG-G300-B120-e0.75,capped,0.37122224191750136,212.0439104884863,300.0,0.6236736862419641,15,0.7880653869112333,159.16989114880562,236.41961607337,4.705043241100704,120.0,0.75,0.0
CAPG-G600-B120-e0.75,capped,0.7215764299215941,293.2910667359829,600.0,0.7691732973174469,15,0.8697591505448024,450.21742607027295,521.8554903268814,8.374989280520623,120.0,0.75,0.0
CAPG-G1200-B120-e0.9,capped,0.7272678266967635,536.0654058605433,1200.0,0.8048488988634798,15,0.9271929823358852,287.8935049274563,1112.6315788030624,19.036924117510512,120.0,0.9,0.0
CAPG-G300-B120-e0.9,capped,0.36931054647286055,212.0439104884863,300.0,0.6234833994846494,15,0.7880653869112333,159.16916182249787,236.41961607337,4.705043241100704,120.0,0.9,0.0
CAPG-G600-B120-e0.9,capped,0.723790236370106,483.9248276352882,600.0,0.7781364392113019,15,0.8567153809467951,450.3191572576761,514.0292285680771,9.041937505702291,120.0,0.9,0.0
CAPG-G1200-B120-e0.95,capped,0.7272678266967635,1016.1495432406664,1200.0,0.8050168092543549,15,0.9246383220950762,282.6548654425142,1105.1092856824398,18.969982752304528,120.0,0.95,0.0
CAPG-G300-B120-e0.95,capped,0.36931054647286055,212.0439104884863,300.0,0.6234833994846494,15,0.7880653869112333,159.16916182249787,236.41961607337,4.705043241100704,120.0,0.95,0.0
CAPG-G600-B120-e0.95,capped,0.723790236370106,490.5263593941927,600.0,0.7782001374661136,15,0.8567153809467951,450.3200090676546,514.0292285680771,9.041937505702291,120.0,0.95,0.0
CAPG-G1200-B240-e0,capped,0.10057996290062055,122.56411573290823,225.0,0.4155479240399031,15,0.7343255106182326,78.1117945870757,154.20835722982883,3.0631401291836937,240.0,0.0,0.0
CAPG-G300-B240-e0,capped,0.10057996290062055,122.56411573290823,225.0,0.4155479240399031,15,0.7343255106182326,78.1117945870757,154.20835722982883,3.0631401291836937,240.0,0.0,0.0
CAPG-G600-B240-e0,capped,0.10057996290062055,122.56411573290823,225.0,0.4155479240399031,15,0.7343255106182326,78.1117945870757,154.20835722982883,3.0631401291836937,240.0,0.0,0.0
CAPG-G1200-B240-e0.25,capped,0.4751627702876003,151.3117827028036,300.0,0.6498839819186111,15,0.7991589292034333,292.3990491423009,622.7128377705812,3.819321562374977,240.0,0.25,0.0
CAPG-G300-B240-e0.25,capped,0.38622597177134627,151.3117827028036,300.0,0.609632776774524,15,0.72909593090415,154.55290915071964,218.728779271245,3.819321562374977,240.0,0.25,0.0
CAPG-G600-B240-e0.25,capped,0.47481748587619665,151.3117827028036,300.0,0.6496175510874014,15,0.8490988240142663,298.1257327103613,509.4592944085598,3.819321562374977,240.0,0.25,0.0
CAPG-G1200-B240-e0.5,capped,0.7184437793921501,216.8147185742855,450.0,0.7599452532619776,15,0.9159269016981124,318.2740229651335,1099.112282037735,5.500261370981047,240.0,0.5,0.0
CAPG-G300-B240-e0.5,capped,0.3766958423839202,212.0439104884863,300.0,0.6247848714901479,15,0.7880653869112333,159.19464756667614,236.41961607337,4.705043241100704,240.0,0.5,0.0
CAPG-G600-B240-e0.5,capped,0.6793503762515836,216.8147185742855,450.0,0.7474613547562508,15,0.8514014520744483,434.2553483523433,510.84087124466896,5.500261370981047,240.0,0.5,0.0
CAPG-G1200-B240-e0.75,capped,0.7251687395465015,358.92071129381657,900.0,0.8022806814912083,15,0.924237565000852,292.0942156931788,1109.0850780010223,9.869381433523213,240.0,0.75,0.0
CAPG-G300-B240-e0.75,capped,0.36931054647286055,212.0439104884863,300.0,0.6234833994846494,15,0.7880653869112333,159.16916182249787,236.41961607337,4.705043241100704,240.0,0.75,0.0
CAPG-G600-B240-e0.75,capped,0.7231585064331519,358.92071129381657,600.0,0.7775512340707126,15,0.8567153809467951,450.269575779736,514.0292285680771,8.950638352499762,240.0,0.75,0.0
CAPG-G1200-B240-e0.9,capped,0.7272678266967635,823.1073162257671,1200.0,0.8049815959111989,15,0.9246374950557948,282.821601703763,1106.38999556005,18.969982752304528,240.0,0.9,0.0
CAPG-G300-B240-e0.9,capped,0.36931054647286055,212.0439104884863,300.0,0.6234833994846494,15,0.7880653869112333,159.16916182249787,236.41961607337,4.705043241100704,240.0,0.9,0.0
CAPG-G600-B240-e0.9,capped,0.723790236370106,490.5263593941927,600.0,0.7782001374661136,15,0.8567153809467951,450.3200090676546,514.0292285680771,9.041937505702291,240.0,0.9,0.0
CAPG-G1200-B240-e0.95,capped,0.7272678266967635,1093.7809044867754,1200.0,0.8050571570355827,15,0.924656199614207,282.64390949219444,1105.1092856824398,18.969982752304528,240.0,0.95,0.0
CAPG-G300-B240-e0.95,capped,0.36931054647286055,212.0439104884863,300.0,0.6234833994846494,15,0.7880653869112333,159.16916182249787,236.41961607337,4.705043241100704,240.0,0.95,0.0
CAPG-G600-B240-e0.95,capped,0.723790236370106,490.5263593941927,600.0,0.7782001374661136,15,0.8567153809467951,450.3200090676546,514.0292285680771,9.041937505702291,240.0,0.95,0.0
CAPG-G1200-B360-e0,capped,0.19912780487083367,151.18654473125935,255.0,0.5177018200749122,15,0.7664415251463652,104.5814033448696,183.94596603512764,3.4635960667489685,360.0,0.0,0.0
CAPG-G300-B360-e0,capped,0.19912780487083367,151.18654473125935,255.0,0.5177018200749122,15,0.7664415251463652,104.5814033448696,183.94596603512764,3.4635960667489685,360.0,0.0,0.0
CAPG-G600-B360-e0,capped,0.19912780487083367,151.18654473125935,255.0,0.5177018200749122,15,0.7664415251463652,104.5814033448696,183.94596603512764,3.4635960667489685,360.0,0.0,0.0
CAPG-G1200-B360-e0.25,capped,0.5366527114466592,182.95646211504936,340.0,0.6910523415096829,15,0.8224140421866362,313.9435405850372,669.4476626068354,4.707609137515376,360.0,0.25,0.0
CAPG-G300-B360-e0.25,capped,0.3892900230082564,182.95646211504936,300.0,0.6264637616927223,15,0.7881649254759153,158.67044027123603,236.44947764277453,4.704872424256049,360.0,0.25,0.0
CAPG-G600-B360-e0.25,capped,0.5370295556934481,182.95646211504936,340.0,0.6908041604297602,15,0.8520950678735971,322.7128432840109,511.2570407241583,4.707609137515376,360.0,0.25,0.0
CAPG-G1200-B360-e0.5,capped,0.7203052590601298,283.59853164851665,510.0,0.7771575638282311,15,0.9159309104457498,315.8943458460273,1099.1170925348997,6.32880942097384,360.0,0.5,0.0
CAPG-G300-B360-e0.5,capped,0.36931054647286055,212.0439104884863,300.0,0.6234833994846494,15,0.7880653869112333,159.16916182249787,236.41961607337,4.705043241100704,360.0,0.5,0.0
CAPG-G600-B360-e0.5,capped,0.7203052590601298,283.59853164851665,510.0,0.7641259001824906,15,0.8567377273490031,447.63430798128303,514.0426364094019,6.32880942097384,360.0,0.5,0.0
CAPG-G1200-B360-e0.75,capped,0.7272678266967635,483.9248276352882,1020.0,0.8044321170254726,15,0.9231583354994656,275.1650622689724,1107.7900025993586,12.087387545327273,360.0,0.75,0.0
CAPG-G300-B360-e0.75,capped,0.36931054647286055,212.0439104884863,300.0,0.6234833994846494,15,0.7880653869112333,159.16916182249787,236.41961607337,4.705043241100704,360.0,0.75,0.0
CAPG-G600-B360-e0.75,capped,0.723790236370106,483.9248276352882,600.0,0.7781304274454117,15,0.8567153809467951,450.31964632689954,514.0292285680771,9.041937505702291,360.0,0.75,0.0
CAPG-G1200-B360-e0.9,capped,0.7272678266967635,1093.7809044867754,1200.0,0.805052927517875,15,0.924636026819547,282.64390949219444,1105.1092856824398,18.969982752304528,360.0,0.9,0.0
CAPG-G300-B360-e0.9,capped,0.36931054647286055,212.0439104884863,300.0,0.6234833994846494,15,0.7880653869112333,159.16916182249787,236.41961607337,4.705043241100704,360.0,0.9,0.0
CAPG-G600-B360-e0.9,capped,0.723790236370106,490.5263593941927,600.0,0.7782001374661136,15,0.8567153809467951,450.3200090676546,514.0292285680771,9.041937505702291,360.0,0.9,0.0
CAPG-G1200-B360-e0.95,capped,0.7272678266967635,1093.7809044867754,1200.0,0.8050571570355827,15,0.924656199614207,282.64390949219444,1105.1092856824398,18.969982752304528,360.0,0.95,0.0
CAPG-G300-B360-e0.95,capped,0.36931054647286055,212.0439104884863,300.0,0.6234833994846494,15,0.7880653869112333,159.16916182249787,236.41961607337,4.705043241100704,360.0,0.95,0.0
CAPG-G600-B360-e0.95,capped,0.723790236370106,490.5263593941927,600.0,0.7782001374661136,15,0.8567153809467951,450.3200090676546,514.0292285680771,9.041937505702291,360.0,0.95,0.0
CAPG-G1200-B480-e0,capped,0.30666714509282017,178.8845456391573,285.0,0.582578360114257,15,0.7573497263369737,132.37748157978058,204.4844261109829,4.006779765488081,480.0,0.0,0.0
CAPG-G300-B480-e0,capped,0.30666714509282017,178.8845456391573,285.0,0.582578360114257,15,0.7573497263369737,132.37748157978058,204.4844261109829,4.006779765488081,480.0,0.0,0.0
CAPG-G600-B480-e0,capped,0.30666714509282017,178.8845456391573,285.0,0.582578360114257,15,0.7573497263369737,132.37748157978058,204.4844261109829,4.006779765488081,480.0,0.0,0.0
CAPG-G1200-B480-e0.25,capped,0.6124952619483574,219.92661401629448,380.0,0.7242514515188477,15,0.8328224848966594,339.5316994339228,702.7417403459549,5.14732867417694,480.0,0.25,0.0
CAPG-G300-B480-e0.25,capped,0.36931054647286055,212.0439104884863,300.0,0.6234833994846494,15,0.7880653869112333,159.16916182249787,236.41961607337,4.705043241100704,480.0,0.25,0.0
CAPG-G600-B480-e0.25,capped,0.6107931802145056,219.92661401629448,380.0,0.7237287982974239,15,0.8454026301453511,340.2421896457672,507.24157808721066,5.14732867417694,480.0,0.25,0.0
CAPG-G1200-B480-e0.5,capped,0.7227816073473808,328.4515072852373,570.0,0.7871315286072311,15,0.915928803111116,324.4014265716087,1099.1145637333393,7.362423170015639,480.0,0.5,0.0
CAPG-G300-B480-e0.5,capped,0.36931054647286055,212.0439104884863,300.0,0.6234833994846494,15,0.7880653869112333,159.16916182249787,236.41961607337,4.705043241100704,480.0,0.5,0.0
CAPG-G600-B480-e0.5,capped,0.7227816073473808,328.4515072852373,570.0,0.7716843513503008,15,0.8721919236083825,450.1054176270962,523.3151541650295,7.362423170015639,480.0,0.5,0.0
CAPG-G1200-B480-e0.75,capped,0.7272678266967635,594.0850183069706,1140.0,0.8050392740800658,15,0.928112972714007,270.3024998126925,1113.7355672568085,13.862030705552096,480.0,0.75,0.0
CAPG-G300-B480-e0.75,capped,0.36931054647286055,212.0439104884863,300.0,0.6234833994846494,15,0.7880653869112333,159.16916182249787,236.41961607337,4.705043241100704,480.0,0.75,0.0
CAPG-G600-B480-e0.75,capped,0.723790236370106,490.5263593941927,600.0,0.7782001374661136,15,0.8567153809467951,450.3200090676546,514.0292285680771,9.041937505702291,480.0,0.75,0.0
CAPG-G1200-B480-e0.9,capped,0.7272678266967635,1093.7809044867754,1200.0,0.8050571570355827,15,0.924656199614207,282.64390949219444,1105.1092856824398,18.969982752304528,480.0,0.9,0.0
CAPG-G300-B480-e0.9,capped,0.36931054647286055,212.0439104884863,300.0,0.6234833994846494,15,0.7880653869112333,159.16916182249787,236.41961607337,4.705043241100704,480.0,0.9,0.0
CAPG-G600-B480-e0.9,capped,0.723790236370106,490.5263593941927,600.0,0.7782001374661136,15,0.8567153809467951,450.3200090676546,514.0292285680771,9.041937505702291,480.0,0.9,0.0
CAPG-G1200-B480-e0.95,capped,0.7272678266967635,1093.7809044867754,1200.0,0.8050571570355827,15,0.924656199614207,282.64390949219444,1105.1092856824398,18.969982752304528,480.0,0.95,0.0
CAPG-G300-B480-e0.95,capped,0.36931054647286055,212.0439104884863,300.0,0.6234833994846494,15,0.7880653869112333,159.16916182249787,236.41961607337,4.705043241100704,480.0,0.95,0.0
CAPG-G600-B480-e0.95,capped,0.723790236370106,490.5263593941927,600.0,0.7782001374661136,15,0.8567153809467951,450.3200090676546,514.0292285680771,9.041937505702291,480.0,0.95,0.0
CAPG-G1200-B600-e0,capped,0.36931054647286055,212.0439104884863,315.0,0.6277086833425591,15,0.7880653869112333,159.16916182249787,236.41961607337,4.4098121470806735,600.0,0.0,0.0
CAPG-G300-B600-e0,capped,0.36931054647286055,212.0439104884863,300.0,0.6234833994846494,15,0.7880653869112333,159.16916182249787,236.41961607337,4.705043241100704,600.0,0.0,0.0
CAPG-G600-B600-e0,capped,0.36931054647286055,212.0439104884863,315.0,0.6277086833425591,15,0.7880653869112333,159.16916182249787,236.41961607337,4.4098121470806735,600.0,0.0,0.0
CAPG-G1200-B600-e0.25,capped,0.6820119099771432,283.45787212252617,420.0,0.7448307255221491,15,0.8394779599098486,366.4923616051674,736.9132351875305,5.812594403471841,600.0,0.25,0.0
CAPG-G300-B600-e0.25,capped,0.36931054647286055,212.0439104884863,300.0,0.6234833994846494,15,0.7880653869112333,159.16916182249787,236.41961607337,4.705043241100704,600.0,0.25,0.0
CAPG-G600-B600-e0.25,capped,0.6766823409655925,283.45787212252617,420.0,0.7434678216533193,15,0.8462697428464889,368.0135931819679,507.7618457078934,5.812594403471841,600.0,0.25,0.0
CAPG-G1200-B600-e0.5,capped,0.7256544650290203,382.5833091288805,630.0,0.794992192360669,15,0.9159166922296088,318.642767338008,1099.1000306755304,8.180390580728334,600.0,0.5,0.0
CAPG-G300-B600-e0.5,capped,0.36931054647286055,212.0439104884863,300.0,0.6234833994846494,15,0.7880653869112333,159.16916182249787,236.41961607337,4.705043241100704,600.0,0.5,0.0
CAPG-G600-B600-e0.5,capped,0.7256544650290203,382.5833091288805,600.0,0.7769524091613553,15,0.8576485766967138,450.1446529477834,514.5891460180283,8.180390580728334,600.0,0.5,0.0
CAPG-G1200-B600-e0.75,capped,0.7272678266967635,692.9160160422325,1200.0,0.8059282869155295,15,0.9254576581840712,262.5793523746726,1110.5491898208857,15.806756896118046,600.0,0.75,0.0
CAPG-G300-B600-e0.75,capped,0.36931054647286055,212.0439104884863,300.0,0.6234833994846494,15,0.7880653869112333,159.16916182249787,236.41961607337,4.705043241100704,600.0,0.75,0.0
CAPG-G600-B600-e0.75,capped,0.723790236370106,490.5263593941927,600.0,0.7782001374661136,15,0.8567153809467951,450.3200090676546,514.0292285680771,9.041937505702291,600.0,0.75,0.0
CAPG-G1200-B600-e0.9,capped,0.7272678266967635,1093.7809044867754,1200.0,0.8050571570355827,15,0.924656199614207,282.64390949219444,1105.1092856824398,18.969982752304528,600.0,0.9,0.0
CAPG-G300-B600-e0.9,capped,0.36931054647286055,212.0439104884863,300.0,0.6234833994846494,15,0.7880653869112333,159.16916182249787,236.41961607337,4.705043241100704,600.0,0.9,0.0
CAPG-G600-B600-e0.9,capped,0.723790236370106,490.5263593941927,600.0,0.7782001374661136,15,0.8567153809467951,450.3200090676546,514.0292285680771,9.041937505702291,600.0,0.9,0.0
CAPG-G1200-B600-e0.95,capped,0.7272678266967635,1093.7809044867754,1200.0,0.8050571570355827,15,0.924656199614207,282.64390949219444,1105.1092856824398,18.969982752304528,600.0,0.95,0.0
CAPG-G300-B600-e0.95,capped,0.36931054647286055,212.0439104884863,300.0,0.6234833994846494,15,0.7880653869112333,159.16916182249787,236.41961607337,4.705043241100704,600.0,0.95,0.0
CAPG-G600-B600-e0.95,capped,0.723790236370106,490.5263593941927,600.0,0.7782001374661136,15,0.8567153809467951,450.3200090676546,514.0292285680771,9.041937505702291,600.0,0.95,0.0
FIXG-B15,fixed,-0.006895775384270354,66.63522438704967,168.75,0.08117685220849186,15,0.4277290290933314,13.027096052765849,60.610576540231705,1.9358688371839563,15.0,0.0,0.0
FIXG-B17.99,fixed,-0.010902123144049649,66.63522438704967,169.4975,0.0920275976714299,15,0.4403084995395576,14.36496583461762,68.0265624076128,2.1309034192989165,17.99,0.0,0.0
FIXG-B21.576,fixed,-0.009417702332360027,66.63522438704967,170.394,0.10442717474800141,15,0.4421311345060756,14.147800002694169,68.0265624076128,2.1309034192989165,21.576,0.0,0.0
FIXG-B25.877,fixed,-0.010105324439033708,66.63522438704967,171.46925,0.11685818013983156,15,0.4644561283825469,16.005392448306107,68.32902494072914,2.1309034192989165,25.877,0.0,0.0
FIXG-B30,fixed,-0.010259460072518415,71.31791223585606,172.5,0.13076054882158425,15,0.5091464305325021,15.857784608602536,69.81109173595905,2.1274661502762533,30.0,0.0,0.0
FIXG-B31.035,fixed,-0.010299847750183888,71.31791223585606,172.75875,0.13393722046461515,15,0.5083419444277884,15.979382869005276,68.32902494072914,2.1274661502762533,31.035,0.0,0.0
FIXG-B37.222,fixed,-0.012634365526080214,71.31791223585606,174.3055,0.14750822417802947,15,0.5413164454492349,19.25177727565169,74.13097447156906,2.1429391612090205,37.222,0.0,0.0
FIXG-B44.641,fixed,-0.01225655845330382,80.544100522995,176.16025,0.15958638451908366,15,0.5385279278381779,22.18759451359512,87.13301292061806,2.3938051172761674,44.641,0.0,0.0
FIXG-B53.54,fixed,-0.01404007291746432,96.27659252285956,178.385,0.17547239510216392,15,0.5537664233264701,26.814779341220856,87.13301292061806,2.3938051172761674,53.54,0.0,0.0
FIXG-B60,fixed,-0.012862931181209507,96.27659252285956,180.0,0.1876945437225463,15,0.5779388825098674,31.342465717792603,95.35991561412813,2.3938051172761674,60.0,0.0,0.0
FIXG-B64.212,fixed,-0.010935595319748014,96.27659252285956,181.053,0.1967000966967752,15,0.5760271470270317,32.516567593812965,95.35991561412813,2.3938051172761674,64.212,0.0,0.0
FIXG-B77.012,fixed,-0.010076647043807533,96.28475818037988,184.253,0.21825349814765008,15,0.576484465647236,38.61638544499874,95.35991561412813,2.3938051172761674,77.012,0.0,0.0
FIXG-B92.363,fixed,-0.008409313835008736,102.65260392427444,188.09075,0.2460020228930198,15,0.5930565551554571,44.67017121240511,98.75215736031532,2.458514706388341,92.363,0.0,0.0
FIXG-B110.774,fixed,0.0008102077967995508,102.65260392427444,192.6935,0.2758651892965273,15,0.5995649408237561,48.736926063895226,106.05871514976025,2.657573219830469,110.774,0.0,0.0
FIXG-B120,fixed,0.0056937623708329665,102.65260392427444,195.0,0.29148564662201176,15,0.6195600686801804,52.84095153212547,111.52081236243248,2.684818046846136,120.0,0.0,0.0
FIXG-B132.855,fixed,0.017613688019871676,115.04210302233696,198.21375,0.31165509774315137,15,0.6193261552685443,55.356395587325096,111.51675541698933,2.684818046846136,132.855,0.0,0.0
FIXG-B159.338,fixed,0.03713210772801513,116.24955704808237,204.8345,0.3451866782731154,15,0.6890689193641025,62.60351228713989,134.94346728920937,2.836599815367202,159.338,0.0,0.0
FIXG-B191.099,fixed,0.062269027394468546,122.1587044596672,212.77475,0.37186031404729175,15,0.6941443453281133,70.79196036875251,135.12325976788998,2.836599815367202,191.099,0.0,0.0
FIXG-B229.192,fixed,0.09333656158556325,122.56411573290823,222.298,0.40429059808511336,15,0.7439014645374709,75.72111134499312,154.20928579568863,2.871494501945931,229.192,0.0,0.0
FIXG-B240,fixed,0.10057996290062055,122.56411573290823,225.0,0.4155479240399031,15,0.7343255106182326,78.1117945870757,154.20835722982883,3.0631401291836937,240.0,0.0,0.0
FIXG-B274.878,fixed,0.13263497195670215,127.60473261773586,233.7195,0.4460873892295109,15,0.7050233278339962,85.31260180473328,154.20234975218773,3.127260880436276,274.878,0.0,0.0
FIXG-B329.671,fixed,0.17611473061117577,131.80208165943623,247.41775,0.49525643822968385,15,0.7222563552743646,96.27340757995847,172.1987351477146,3.442389898133851,329.671,0.0,0.0
FIXG-B360,fixed,0.19912780487083367,151.18654473125935,255.0,0.5177018200749122,15,0.7664415251463652,104.5814033448696,183.94596603512764,3.4635960667489685,360.0,0.0,0.0
FIXG-B395.386,fixed,0.23103859284456404,151.3117827028036,263.8465,0.5403926116215114,15,0.7375411232943825,113.48732430711392,186.004727140069,3.6193266088800353,395.386,0.0,0.0
FIXG-B474.201,fixed,0.30179019112503036,178.8845456391573,283.55025,0.5795860705836978,15,0.7614382265925386,131.38770747706295,204.4844261109829,4.006779765488081,474.201,0.0,0.0
FIXG-B480,fixed,0.30666714509282017,178.8845456391573,285.0,0.582578360114257,15,0.7573497263369737,132.37748157978058,204.4844261109829,4.006779765488081,480.0,0.0,0.0
FIXG-B568.726,fixed,0.35335049865292745,194.4836902469397,307.1815,0.618092220021749,15,0.7508808261494871,152.0210375219584,223.89877106249327,4.705043241100704,568.726,0.0,0.0
FIXG-B600,fixed,0.36931054647286055,212.0439104884863,315.0,0.6277086833425591,15,0.7880653869112333,159.16916182249787,236.41961607337,4.4098121470806735,600.0,0.0,0.0
FIXG-B682.093,fixed,0.4237910080165488,222.3307863026857,335.52325,0.6582366462877236,15,0.7734658409799738,180.391520947218,249.1469958126545,4.762241129009168,682.093,0.0,0.0
FIXG-B818.058,fixed,0.5296545731765662,264.6717396527529,369.5145,0.6936918612048476,15,0.8182656973566635,212.24828647077084,290.0870545655489,5.3864292250539965,818.058,0.0,0.0
FIXG-B981.126,fixed,0.6094577797843618,288.1608457565308,410.2815,0.7154508227402203,15,0.8180427623844938,248.9072720058264,323.3571701794863,6.257485477185627,981.126,0.0,0.0
FIXG-B1176.7,fixed,0.6563729213433388,345.4542743712664,459.17475,0.7388611712469101,15,0.8328991663306748,296.3213639435172,364.8814511299133,6.828953638360218,1176.7,0.0,0.0
FIXG-B1411.26,fixed,0.6989982933456357,404.8773889541626,517.8140000000001,0.7576111613796233,15,0.87365298683739,354.81362367033955,439.2849529236555,7.503853272570121,1411.26,0.0,0.0
FIXG-B1692.57,fixed,0.7243944445791919,465.7279866486788,588.14225,0.7748656319896968,15,0.8580961099757436,423.6546675589681,491.8111351877451,8.635483938899586,1692.57,0.0,0.0
FIXG-B2029.96,fixed,0.7256984181510228,560.261615678668,672.4895,0.7843684348827622,15,0.886175257449271,502.0569510258748,582.6509269326925,10.058720738938195,2029.96,0.0,0.0
FIXG-B2434.6,fixed,0.7272678266967635,629.5812065601349,773.65,0.7908394303635717,15,0.9038135193493092,408.5182600376007,685.6781264543533,11.74824180453519,2434.6,0.0,0.0
FIXG-B2919.9,fixed,0.7272678266967635,751.0409674346447,894.97525,0.7958362504618447,15,0.9032814050969916,349.8024308535444,794.8652802705765,13.841266554347408,2919.9,0.0,0.0
FIXG-B3501.94,fixed,0.7272678266967635,924.047985330224,1040.485,0.8016270664791428,15,0.9165002092208908,293.98480210661813,945.3562183082104,16.035113594579943,3501.94,0.0,0.0
FIXEQ-G1200,fixed,0.7272678266967635,1093.7809044867754,1200.0,0.8050571570355827,15,0.924656199614207,282.64390949219444,1105.1092856824398,18.969982752304528,inf,0.0,0.0
FIXEQ-G300,fixed,0.36931054647286055,212.0439104884863,300.0,0.6234833994846494,15,0.7880653869112333,159.16916182249787,236.41961607337,4.705043241100704,inf,0.0,0.0
FIXEQ-G600,fixed,0.723790236370106,490.5263593941927,600.0,0.7782001374661136,15,0.8567153809467951,450.3200090676546,514.0292285680771,9.041937505702291,inf,0.0,0.0
HYBG-G1200-B0-g1-e0,hybrid,0.22855409653942474,62.813396990299225,1200.0,0.41911242849257413,15,0.907879154416306,340.6150445365863,1082.952585414052,4.502591359209808,0.0,0.0,1.0
HYBG-G300-B0-g1-e0,hybrid,0.17346088470819407,62.813396990299225,300.0,0.3901002449455182,15,0.7199756000596955,153.47898256778717,214.7419136762619,3.667426221010862,0.0,0.0,1.0
HYBG-G600-B0-g1-e0,hybrid,0.22467211521278047,62.813396990299225,600.0,0.41764044933772454,15,0.8421897122263908,369.6878753438592,505.3138273358345,4.502591359209808,0.0,0.0,1.0
HYBG-G1200-B0-g4-e0,hybrid,0.4902249141602317,71.04450088739395,1200.0,0.6266176115630093,15,0.9202359212410552,347.7979792810985,1102.2843812406063,7.918553396950008,0.0,0.0,4.0
HYBG-G300-B0-g4-e0,hybrid,0.3064263606094078,68.6593873500824,300.0,0.5459120596806678,15,0.787366294413805,156.49917370125652,236.2098883241415,4.18741341457587,0.0,0.0,4.0
HYBG-G600-B0-g4-e0,hybrid,0.4651993371873075,71.04450088739395,600.0,0.6188653641943624,15,0.8595359173168738,450.1057552397251,515.7215503901243,7.918553396950008,0.0,0.0,4.0
HYBG-G1200-B0-g16-e0,hybrid,0.7283278677367849,145.25039663910866,1200.0,0.7718174012519927,15,0.9240881860007842,320.9025098495195,1108.905823200941,15.051519811946036,0.0,0.0,16.0
HYBG-G300-B0-g16-e0,hybrid,0.3564805470918546,145.25039663910866,300.0,0.615530353860295,15,0.7631553173065185,158.42991233855506,228.9465951919556,4.33907846884384,0.0,0.0,16.0
HYBG-G600-B0-g16-e0,hybrid,0.6940039113474321,145.25039663910866,600.0,0.7552793615995843,15,0.8567145911604166,450.3311363905668,514.02875469625,8.78796710247043,0.0,0.0,16.0
HYBG-G1200-B0-g1-e0.9,hybrid,0.7244942311207895,358.92071129381657,1200.0,0.8033677028438476,15,0.9209244047353664,283.82381386667385,1105.1092856824398,17.75939223071365,0.0,0.9,1.0
HYBG-G300-B0-g1-e0.9,hybrid,0.3722018542786654,212.0439104884863,300.0,0.6242498095793315,15,0.7880653869112333,159.21844239532948,236.41961607337,4.705043241100704,0.0,0.9,1.0
HYBG-G600-B0-g1-e0.9,hybrid,0.7225052126949146,358.92071129381657,600.0,0.7768860197544466,15,0.856737944111228,450.3568628811837,514.0427664667368,9.041937505702291,0.0,0.9,1.0
HYBG-G1200-B0-g4-e0.9,hybrid,0.7269321209401233,358.92071129381657,1200.0,0.8049192454178061,15,0.9294542187576492,283.3523823520536,1115.3450625091791,18.969982752304528,0.0,0.9,4.0
HYBG-G300-B0-g4-e0.9,hybrid,0.3704187527994779,212.0439104884863,300.0,0.6237620067433258,15,0.7880653869112333,159.2606804163754,236.41961607337,4.705043241100704,0.0,0.9,4.0
HYBG-G600-B0-g4-e0.9,hybrid,0.7233073053284517,358.92071129381657,600.0,0.7779667860923862,15,0.8567376486212015,450.3080946341157,514.0425891727209,9.041937505702291,0.0,0.9,4.0
HYBG-G1200-B0-g16-e0.9,hybrid,0.7272678266967635,458.0814356803894,1200.0,0.8050741265565594,15,0.924656199614207,282.2943948695046,1105.1092856824398,18.969982752304528,0.0,0.9,16.0
HYBG-G300-B0-g16-e0.9,hybrid,0.369359878085543,212.0439104884863,300.0,0.6235034588600108,15,0.7880653869112333,159.16989114880562,236.41961607337,4.705043241100704,0.0,0.9,16.0
HYBG-G600-B0-g16-e0.9,hybrid,0.723790236370106,458.0620385557413,600.0,0.7781772014157483,15,0.8567153809467951,450.3079790444672,514.0292285680771,9.041937505702291,0.0,0.9,16.0
HYBG-G1200-B30-g1-e0,hybrid,0.25479824716329585,71.31791223585606,1200.0,0.4669753530548491,15,0.9029361923535664,332.3831095597145,1083.5234308242798,4.44116848761385,30.0,0.0,1.0
HYBG-G300-B30-g1-e0,hybrid,0.1951286663674699,71.31791223585606,300.0,0.43654595376983457,15,0.7223831494152546,153.65997054159644,216.7149448245764,3.5414962702819426,30.0,0.0,1.0
HYBG-G600-B30-g1-e0,hybrid,0.2500386377405343,71.31791223585606,600.0,0.46536197759764897,15,0.8806888957073291,363.1290379571912,528.4133374243975,4.44116848761385,30.0,0.0,1.0
HYBG-G1200-B30-g4-e0,hybrid,0.5133287109594665,96.8288047760725,1200.0,0.6503082391984772,15,0.9189958520481984,341.4017102353293,1102.795022457838,8.9847099662325,30.0,0.0,4.0
HYBG-G300-B30-g4-e0,hybrid,0.32646712646133885,96.8288047760725,300.0,0.5669583533021807,15,0.78732203895847,156.61330416649585,236.196611687541,4.186063931633494,30.0,0.0,4.0
HYBG-G600-B30-g4-e0,hybrid,0.48570289787967663,96.8288047760725,600.0,0.6419546791796112,15,0.8468455195675294,450.1172842897475,508.1073117405176,8.837280946226022,30.0,0.0,4.0
HYBG-G1200-B30-g16-e0,hybrid,0.7213898459255682,151.66577637195587,1200.0,0.774210669952718,15,0.9161040291314324,327.4907717704779,1099.3248349577188,17.202695235946546,30.0,0.0,16.0
HYBG-G300-B30-g16-e0,hybrid,0.3542444649085255,151.66577637195587,300.0,0.6165311670130372,15,0.7631552072862784,158.5108778139949,228.94656218588352,4.706861084614863,30.0,0.0,16.0
HYBG-G600-B30-g16-e0,hybrid,0.7003644812836616,151.66577637195587,600.0,0.757440649365262,15,0.856689724723498,450.3616043153405,514.0138348340988,8.848015424473923,30.0,0.0,16.0
HYBG-G1200-B30-g1-e0.9,hybrid,0.7269234622308438,358.92071129381657,1200.0,0.8045090776019291,15,0.9239545337855816,281.5568174585669,1108.745440542698,17.763982518476176,30.0,0.9,1.0
HYBG-G300-B30-g1-e0.9,hybrid,0.37036717436874445,212.0439104884863,300.0,0.6236597948402526,15,0.7880653869112333,159.16998422950516,236.41961607337,4.705043241100704,30.0,0.9,1.0
HYBG-G600-B30-g1-e0.9,hybrid,0.7232811619576903,358.92071129381657,600.0,0.7773650587125275,15,0.8567153809467951,450.31251883506775,514.0292285680771,9.041937505702291,30.0,0.9,1.0
HYBG-G1200-B30-g4-e0.9,hybrid,0.7272678266967635,358.92071129381657,1200.0,0.8051068048338198,15,0.9343877677122752,285.7709508788584,1121.2653212547302,18.969982752304528,30.0,0.9,4.0
HYBG-G300-B30-g4-e0.9,hybrid,0.36989299505803497,212.0439104884863,300.0,0.6235414141815677,15,0.7880653869112333,159.16989114880562,236.41961607337,4.705043241100704,30.0,0.9,4.0
HYBG-G600-B30-g4-e0.9,hybrid,0.723790236370106,358.92071129381657,600.0,0.7781203334733084,15,0.8567153809467951,450.3081210851669,514.0292285680771,9.041937505702291,30.0,0.9,4.0
HYBG-G1200-B30-g16-e0.9,hybrid,0.7272678266967635,526.6232585459948,1200.0,0.8050715427106832,15,0.924656199614207,282.28022745251656,1105.1092856824398,18.969982752304528,30.0,0.9,16.0
HYBG-G300-B30-g16-e0.9,hybrid,0.36931054647286055,212.0439104884863,300.0,0.6234828670713118,15,0.7880653869112333,159.16916182249787,236.41961607337,4.705043241100704,30.0,0.9,16.0
HYBG-G600-B30-g16-e0.9,hybrid,0.723790236370106,469.1895598620176,600.0,0.7781931863999806,15,0.8567153809467951,450.3191572576761,514.0292285680771,9.041937505702291,30.0,0.9,16.0
HYBG-G1200-B120-g1-e0,hybrid,0.32981275807379523,102.65260392427444,1200.0,0.5382299419350149,15,0.903411653501292,338.8760201483965,1084.0939842015505,4.389112897008317,120.0,0.0,1.0
HYBG-G300-B120-g1-e0,hybrid,0.2670731315669052,102.65260392427444,300.0,0.5063302861076105,15,0.7354343802575952,154.1330984532833,216.71630273759365,3.6527140415511554,120.0,0.0,1.0
HYBG-G600-B120-g1-e0,hybrid,0.32490698504128873,102.65260392427444,600.0,0.5363670809427907,15,0.8575701541592035,372.82312671691153,513.4701298028231,4.389112897008317,120.0,0.0,1.0
HYBG-G1200-B120-g4-e0,hybrid,0.5692324351372973,116.24955704808237,1200.0,0.6865407388393814,15,0.9159116741021476,348.29875518679745,1099.094008922577,7.557315357330435,120.0,0.0,4.0
HYBG-G300-B120-g4-e0,hybrid,0.3536951395797646,116.24955704808237,300.0,0.5989652632976025,15,0.7897481956908888,157.04706168174744,229.50627481937408,4.225453061552348,120.0,0.0,4.0
HYBG-G600-B120-g4-e0,hybrid,0.535687918990601,116.24955704808237,600.0,0.6779248630274778,15,0.857105778803428,450.1384293287993,514.2634672820568,7.557315357330435,120.0,0.0,4.0
HYBG-G1200-B120-g16-e0,hybrid,0.7281156242880074,152.15394981205463,1200.0,0.7797673796786294,15,0.9212069717173776,345.2327530860905,1105.448366060853,15.089667374254372,120.0,0.0,16.0
HYBG-G300-B120-g16-e0,hybrid,0.3553376820212401,152.15394981205463,300.0,0.6192751157862543,15,0.7575994707643986,158.532761374265,227.2798412293196,4.365020601179165,120.0,0.0,16.0
HYBG-G600-B120-g16-e0,hybrid,0.7173025312886507,152.15394981205463,600.0,0.7642878231711836,15,0.8567366915196181,450.26422567665577,514.0420149117708,8.82321081228033,120.0,0.0,16.0
HYBG-G1200-B120-g1-e0.9,hybrid,0.7272678266967635,536.0654058605433,1200.0,0.8053394176088909,15,0.9261230716730158,283.3341519895195,1111.347686007619,18.95275951327729,120.0,0.9,1.0
HYBG-G300-B120-g1-e0.9,hybrid,0.36931054647286055,212.0439104884863,300.0,0.6234833994846494,15,0.7880653869112333,159.16916182249787,236.41961607337,4.705043241100704,120.0,0.9,1.0
HYBG-G600-B120-g1-e0.9,hybrid,0.723790236370106,483.9248276352882,600.0,0.778172036645302,15,0.8567153809467951,450.3209715038538,514.0292285680771,9.041937505702291,120.0,0.9,1.0
HYBG-G1200-B120-g4-e0.9,hybrid,0.7272678266967635,577.5945693105459,1200.0,0.8052555371603336,15,0.9246372064203024,287.62594794183946,1105.1092856824398,18.969982752304528,120.0,0.9,4.0
HYBG-G300-B120-g4-e0.9,hybrid,0.36931054647286055,212.0439104884863,300.0,0.6234833994846494,15,0.7880653869112333,159.16916182249787,236.41961607337,4.705043241100704,120.0,0.9,4.0
HYBG-G600-B120-g4-e0.9,hybrid,0.723790236370106,483.9248276352882,600.0,0.7781876847957298,15,0.8567153809467951,450.3200090676546,514.0292285680771,9.041937505702291,120.0,0.9,4.0
HYBG-G1200-B120-g16-e0.9,hybrid,0.7272678266967635,672.2594832777977,1200.0,0.805087860942164,15,0.924656199614207,282.4511356291136,1105.1092856824398,18.969982752304528,120.0,0.9,16.0
HYBG-G300-B120-g16-e0.9,hybrid,0.36931054647286055,212.0439104884863,300.0,0.6234833994846494,15,0.7880653869112333,159.16916182249787,236.41961607337,4.705043241100704,120.0,0.9,16.0
HYBG-G600-B120-g16-e0.9,hybrid,0.723790236370106,483.9248276352882,600.0,0.7781970708259955,15,0.8567153809467951,450.3200090676546,514.0292285680771,9.041937505702291,120.0,0.9,16.0
