pool,queue,k,objective,n_fit,sim_mean,recorded_mean,sim_p90,recorded_p90
CE1,1,1,13.592018386106371,1927,6.600934094447328,4970.010897768552,17.40000000000009,22498.8
CE1,1,2,15.686024591106726,1927,1.461338868707836,4970.010897768552,6.0,22498.8
CE1,1,3,17.105669156123394,1927,0.3886870783601453,4970.010897768552,2.0,22498.8
CE1,1,4,18.49495753145589,1927,0.038401660612350806,4970.010897768552,0.0,22498.8
CE1,1,5,18.532640197625255,1927,0.0,4970.010897768552,0.0,22498.8
CE1,1,6,18.532640197625255,1927,0.0,4970.010897768552,0.0,22498.8
CE1,1,7,18.532640197625255,1927,0.0,4970.010897768552,0.0,22498.8
CE1,1,8,18.532640197625255,1927,0.0,4970.010897768552,0.0,22498.8
CE1,1,9,18.532640197625255,1927,0.0,4970.010897768552,0.0,22498.8
CE1,1,10,18.532640197625255,1927,0.0,4970.010897768552,0.0,22498.8
CE1,1,11,18.532640197625255,1927,0.0,4970.010897768552,0.0,22498.8
CE1,1,12,18.532640197625255,1927,0.0,4970.010897768552,0.0,22498.8
CE1,1,13,18.532640197625255,1927,0.0,4970.010897768552,0.0,22498.8
CE1,1,14,18.532640197625255,1927,0.0,4970.010897768552,0.0,22498.8
CE1,1,15,18.532640197625255,1927,0.0,4970.010897768552,0.0,22498.8
CE1,1,16,18.532640197625255,1927,0.0,4970.010897768552,0.0,22498.8
CE1,1,17,18.532640197625255,1927,0.0,4970.010897768552,0.0,22498.8
CE1,1,18,18.532640197625255,1927,0.0,4970.010897768552,0.0,22498.8
CE1,1,19,18.532640197625255,1927,0.0,4970.010897768552,0.0,22498.8
CE1,1,20,18.532640197625255,1927,0.0,4970.010897768552,0.0,22498.8
CE1,1,21,18.532640197625255,1927,0.0,4970.010897768552,0.0,22498.8
CE1,1,22,18.532640197625255,1927,0.0,4970.010897768552,0.0,22498.8
CE1,1,23,18.532640197625255,1927,0.0,4970.010897768552,0.0,22498.8
CE1,1,24,18.532640197625255,1927,0.0,4970.010897768552,0.0,22498.8
CE1,1,25,18.532640197625255,1927,0.0,4970.010897768552,0.0,22498.8
CE1,1,26,18.532640197625255,1927,0.0,4970.010897768552,0.0,22498.8
CE1,1,27,18.532640197625255,1927,0.0,4970.010897768552,0.0,22498.8
CE1,1,28,18.532640197625255,1927,0.0,4970.010897768552,0.0,22498.8
CE1,1,29,18.532640197625255,1927,0.0,4970.010897768552,0.0,22498.8
CE1,1,30,18.532640197625255,1927,0.0,4970.010897768552,0.0,22498.8
CE1,1,31,18.532640197625255,1927,0.0,4970.010897768552,0.0,22498.8
CE1,1,32,18.532640197625255,1927,0.0,4970.010897768552,0.0,22498.8
CE1,1,33,18.532640197625255,1927,0.0,4970.010897768552,0.0,22498.8
CE1,1,34,18.532640197625255,1927,0.0,4970.010897768552,0.0,22498.8
CE1,1,35,18.532640197625255,1927,0.0,4970.010897768552,0.0,22498.8
CE1,1,36,18.532640197625255,1927,0.0,4970.010897768552,0.0,22498.8
CE1,1,37,18.532640197625255,1927,0.0,4970.010897768552,0.0,22498.8
CE1,1,38,18.532640197625255,1927,0.0,4970.010897768552,0.0,22498.8
CE1,1,39,18.532640197625255,1927,0.0,4970.010897768552,0.0,22498.8
CE1,1,40,18.532640197625255,1927,0.0,4970.010897768552,0.0,22498.8
CE1,1,41,18.532640197625255,1927,0.0,4970.010897768552,0.0,22498.8
CE1,1,42,18.532640197625255,1927,0.0,4970.010897768552,0.0,22498.8
CE1,1,43,18.532640197625255,1927,0.0,4970.010897768552,0.0,22498.8
CE1,1,44,18.532640197625255,1927,0.0,4970.010897768552,0.0,22498.8
CE1,1,45,18.532640197625255,1927,0.0,4970.010897768552,0.0,22498.8
CE1,1,46,18.532640197625255,1927,0.0,4970.010897768552,0.0,22498.8
CE1,1,47,18.532640197625255,1927,0.0,4970.010897768552,0.0,22498.8
CE1,1,48,18.532640197625255,1927,0.0,4970.010897768552,0.0,22498.8
CE1,1,49,18.532640197625255,1927,0.0,4970.010897768552,0.0,22498.8
CE1,1,50,18.532640197625255,1927,0.0,4970.010897768552,0.0,22498.8
CE1,1,51,18.532640197625255,1927,0.0,4970.010897768552,0.0,22498.8
CE1,1,52,18.532640197625255,1927,0.0,4970.010897768552,0.0,22498.8
CE1,1,53,18.532640197625255,1927,0.0,4970.010897768552,0.0,22498.8
CE1,1,54,18.532640197625255,1927,0.0,4970.010897768552,0.0,22498.8
CE1,1,55,18.532640197625255,1927,0.0,4970.010897768552,0.0,22498.8
CE1,1,56,18.532640197625255,1927,0.0,4970.010897768552,0.0,22498.8
CE1,1,57,18.532640197625255,1927,0.0,4970.010897768552,0.0,22498.8
CE1,1,58,18.532640197625255,1927,0.0,4970.010897768552,0.0,22498.8
CE1,1,59,18.532640197625255,1927,0.0,4970.010897768552,0.0,22498.8
CE1,1,60,18.532640197625255,1927,0.0,4970.010897768552,0.0,22498.8
CE1,1,61,18.532640197625255,1927,0.0,4970.010897768552,0.0,22498.8
CE1,1,62,18.532640197625255,1927,0.0,4970.010897768552,0.0,22498.8
CE1,1,63,18.532640197625255,1927,0.0,4970.010897768552,0.0,22498.8
CE1,1,64,18.532640197625255,1927,0.0,4970.010897768552,0.0,22498.8
CE1,1,65,18.532640197625255,1927,0.0,4970.010897768552,0.0,22498.8
CE1,1,66,18.532640197625255,1927,0.0,4970.010897768552,0.0,22498.8
CE1,1,67,18.532640197625255,1927,0.0,4970.010897768552,0.0,22498.8
CE1,1,68,18.532640197625255,1927,0.0,4970.010897768552,0.0,22498.8
CE1,1,69,18.532640197625255,1927,0.0,4970.010897768552,0.0,22498.8
CE1,1,70,18.532640197625255,1927,0.0,4970.010897768552,0.0,22498.8
CE1,1,71,18.532640197625255,1927,0.0,4970.010897768552,0.0,22498.8
CE1,1,72,18.532640197625255,1927,0.0,4970.010897768552,0.0,22498.8
CE1,1,73,18.532640197625255,1927,0.0,4970.010897768552,0.0,22498.8
CE1,1,74,18.532640197625255,1927,0.0,4970.010897768552,0.0,22498.8
CE1,1,75,18.532640197625255,1927,0.0,4970.010897768552,0.0,22498.8
CE1,1,76,18.532640197625255,1927,0.0,4970.010897768552,0.0,22498.8
CE1,1,77,18.532640197625255,1927,0.0,4970.010897768552,0.0,22498.8
CE1,1,78,18.532640197625255,1927,0.0,4970.010897768552,0.0,22498.8
CE1,1,79,18.532640197625255,1927,0.0,4970.010897768552,0.0,22498.8
CE1,1,80,18.532640197625255,1927,0.0,4970.010897768552,0.0,22498.8
CE1,1,81,18.532640197625255,1927,0.0,4970.010897768552,0.0,22498.8
CE1,1,82,18.532640197625255,1927,0.0,4970.010897768552,0.0,22498.8
CE1,1,83,18.532640197625255,1927,0.0,4970.010897768552,0.0,22498.8
CE1,1,84,18.532640197625255,1927,0.0,4970.010897768552,0.0,22498.8
CE1,2,1,14.626247754172773,29838,513507.7011864066,314.46031905623704,1048907.0,758.0
CE1,2,2,12.519690312753628,29838,165433.60918962397,314.46031905623704,396087.8,758.0
CE1,2,3,11.38703886359092,29838,92284.29006635833,314.46031905623704,228760.09999999998,758.0
CE1,2,4,10.530236670288307,29838,59632.92593337355,314.46031905623704,150284.39999999997,758.0
CE1,2,5,9.839720095390057,29838,41865.85314029091,314.46031905623704,107312.0,758.0
CE1,2,6,9.263204743742897,29838,30805.16230980629,314.46031905623704,81941.2,758.0
CE1,2,7,8.693143235966398,29838,23295.20641463905,314.46031905623704,61274.3,758.0
CE1,2,8,8.248857139067907,29838,17856.432703264294,314.46031905623704,51261.6,758.0
CE1,2,9,7.841006534786664,29838,13688.609993967424,314.46031905623704,44472.5,758.0
CE1,2,10,7.507101920257909,29838,11164.76399222468,314.46031905623704,39046.3,758.0
CE1,2,11,7.242050801900865,29838,9643.925832830619,314.46031905623704,34678.3,758.0
CE1,2,12,6.992179214020581,29838,8391.34794557276,314.46031905623704,31042.3,758.0
CE1,2,13,6.756658293047215,29838,7357.637073530397,314.46031905623704,27973.899999999998,758.0
CE1,2,14,6.540398623221517,29838,6539.320933038407,314.46031905623704,25353.0,758.0
CE1,2,15,6.339360221799111,29838,5876.3651719284135,314.46031905623704,23074.6,758.0
CE1,2,16,6.149193963792335,29838,5321.200482606073,314.46031905623704,21068.6,758.0
CE1,2,17,5.9703574328259865,29838,4863.953079965145,314.46031905623704,19274.3,758.0
CE1,2,18,5.797694972828064,29838,4458.584791205845,314.46031905623704,17691.899999999998,758.0
CE1,2,19,5.645479913003064,29838,4128.82492124137,314.46031905623704,16407.0,758.0
CE1,2,20,5.500611353306146,29838,3836.7963335344193,314.46031905623704,15274.3,758.0
CE1,2,21,5.359727276661042,29838,3574.5006367719016,314.46031905623704,14240.3,758.0
CE1,2,22,5.224082928236053,29838,3336.418995911254,314.46031905623704,13320.899999999998,758.0
CE1,2,23,5.090710436177053,29838,3120.0874723506936,314.46031905623704,12465.599999999999,758.0
CE1,2,24,4.95898247877796,29838,2921.132884241571,314.46031905623704,11671.0,758.0
CE1,2,25,4.8337264295313815,29838,2744.771633487499,314.46031905623704,10958.3,758.0
CE1,2,26,4.714528407031764,29838,2588.646155908573,314.46031905623704,10313.3,758.0
CE1,2,27,4.599508680816666,29838,2444.8117501173,314.46031905623704,9733.3,758.0
CE1,2,28,4.486082735773962,29838,2312.629298210336,314.46031905623704,9186.0,758.0
CE1,2,29,4.373587228220428,29838,2189.2417052081237,314.46031905623704,8671.0,758.0
CE1,2,30,4.264452152894728,29838,2075.0692740800323,314.46031905623704,8202.0,758.0
CE1,2,31,4.158267602370289,29838,1967.1752798444936,314.46031905623704,7780.0,758.0
CE1,2,32,4.053856439839434,29838,1867.3675179301563,314.46031905623704,7383.0,758.0
CE1,2,33,3.9489047634729935,29838,1773.170587841008,314.46031905623704,7000.299999999999,758.0
CE1,2,34,3.8459391971677652,29838,1686.1659963804545,314.46031905623704,6641.0,758.0
CE1,2,35,3.7442233974385366,29838,1605.2149943025672,314.46031905623704,6301.0,758.0
CE1,2,36,3.640693763257719,29838,1528.2168711039615,314.46031905623704,5967.299999999999,758.0
CE1,2,37,3.5386804954351483,29838,1456.4152758227763,314.46031905623704,5654.0,758.0
CE1,2,38,3.4377683646407817,29838,1388.2568536765198,314.46031905623704,5362.0,758.0
CE1,2,39,3.339915598041734,29838,1323.1202828607816,314.46031905623704,5101.299999999999,758.0
CE1,2,40,3.2426940972075107,29838,1261.8275688719084,314.46031905623704,4853.299999999999,758.0
CE1,2,41,3.1456982182115,29838,1203.7362088611837,314.46031905623704,4617.0,758.0
CE1,2,42,3.0476262296793157,29838,1148.1803405053959,314.46031905623704,4388.0,758.0
CE1,2,43,2.9489578643810117,29838,1095.4149071653596,314.46031905623704,4167.0,758.0
CE1,2,44,2.8488024769638347,29838,1045.1375092164353,314.46031905623704,3951.0,758.0
CE1,2,45,2.747573953222138,29838,997.2122461290971,314.46031905623704,3742.0,758.0
CE1,2,46,2.6464129502488136,29838,951.2924123600777,314.46031905623704,3545.0,758.0
CE1,2,47,2.5436002748858737,29838,907.4374287820899,314.46031905623704,3353.0,758.0
CE1,2,48,2.441013605261107,29838,865.6329177558817,314.46031905623704,3172.0,758.0
CE1,2,49,2.334524281610214,29838,825.4966820832495,314.46031905623704,2990.0,758.0
CE1,2,50,2.230881064923362,29838,787.0729941685099,314.46031905623704,2827.0,758.0
CE1,2,51,2.1223318615069298,29838,750.09605201421,314.46031905623704,2661.0,758.0
CE1,2,52,2.0135063057287703,29838,714.5831825189356,314.46031905623704,2505.0,758.0
CE1,2,53,1.8996886413438498,29838,680.5735303974798,314.46031905623704,2347.0,758.0
CE1,2,54,1.7840163884689773,29838,647.8509283464039,314.46031905623704,2196.0,758.0
CE1,2,55,1.6690388321889886,29838,616.4410483276359,314.46031905623704,2057.0,758.0
CE1,2,56,1.5579582184616876,29838,586.3457336282593,314.46031905623704,1935.0,758.0
CE1,2,57,1.4552936106636092,29838,557.2991822508211,314.46031905623704,1837.0,758.0
CE1,2,58,1.3495094309575897,29838,529.4529794222133,314.46031905623704,1739.2999999999993,758.0
CE1,2,59,1.25430022765795,29838,502.48505261746766,314.46031905623704,1666.0,758.0
CE1,2,60,1.1608057309341597,29838,476.4486895904551,314.46031905623704,1600.0,758.0
CE1,2,61,1.0670818845265957,29838,451.5410215161874,314.46031905623704,1537.0,758.0
CE1,2,62,0.9683978301129899,29838,427.3990884107514,314.46031905623704,1471.0,758.0
CE1,2,63,0.863639434594777,29838,404.05345532542395,314.46031905623704,1401.0,758.0
CE1,2,64,0.7572364880496292,29838,381.44490247335614,314.46031905623704,1334.0,758.0
CE1,2,65,0.6496948952491765,29838,359.4610228567598,314.46031905623704,1271.0,758.0
CE1,2,66,0.5400843899250033,29838,338.31107983108785,314.46031905623704,1210.0,758.0
CE1,2,67,0.4417161456849977,29838,317.84422548428176,314.46031905623704,1167.0,758.0
CE1,2,68,0.4463643706054171,29838,297.9617936859039,314.46031905623704,1123.0,758.0
CE1,2,69,0.47130981795540994,29838,279.25933373550504,314.46031905623704,1079.2999999999993,758.0
CE1,2,70,0.4901138822863307,29838,263.01461223942624,314.46031905623704,1036.0,758.0
CE1,2,71,0.4965046428351785,29838,249.69599168845096,314.46031905623704,990.0,758.0
CE1,2,72,0.5086683604346155,29838,239.16763858167437,314.46031905623704,960.0,758.0
CE1,2,73,0.5177751984634975,29838,230.7991822508211,314.46031905623704,935.0,758.0
CE1,2,74,0.5216875017797256,29838,223.48036061398216,314.46031905623704,909.0,758.0
CE1,2,75,0.5230262001110062,29838,216.52855419264026,314.46031905623704,882.0,758.0
CE1,2,76,0.5216417558648935,29838,209.9225149138682,314.46031905623704,854.0,758.0
CE1,2,77,0.5222620260722426,29838,203.62822575239628,314.46031905623704,829.0,758.0
CE1,2,78,0.5203959990598908,29838,197.58841075139085,314.46031905623704,803.0,758.0
CE1,2,79,0.5198320156757478,29838,191.76908639989276,314.46031905623704,779.0,758.0
CE1,2,80,0.5236898098634856,29838,186.1030900194383,314.46031905623704,759.0,758.0
CE1,2,81,0.5827937818850621,29838,180.6371070447081,314.46031905623704,735.0,758.0
CE1,2,82,0.6371188371038589,29838,175.34570011394865,314.46031905623704,717.0,758.0
CE1,2,83,0.700299951696459,29838,170.19967826261814,314.46031905623704,693.2999999999993,758.0
CE1,2,84,0.7624180284495745,29838,165.227662711978,314.46031905623704,671.0,758.0
CE1,3,1,22.117787748825585,5345,2602077.0095416275,236.156033676333,5513637.600000001,14.0
CE1,3,2,19.986567111137855,5345,890342.5964452759,236.156033676333,1912596.6000000006,14.0
CE1,3,3,18.019102609084776,5345,328668.41796071094,236.156033676333,724373.2000000001,14.0
CE1,3,4,16.537171763026695,5345,151829.7012160898,236.156033676333,356260.00000000047,14.0
CE1,3,5,15.385993152417825,5345,85219.29036482694,236.156033676333,200739.2,14.0
CE1,3,6,14.6277858618732,5345,56393.20467726848,236.156033676333,142119.8000000004,14.0
CE1,3,7,14.05206795417408,5345,39139.374555659495,236.156033676333,115141.6000000004,14.0
CE1,3,8,13.529544971452014,5345,27770.023760523854,236.156033676333,96235.60000000006,14.0
CE1,3,9,13.054973947172279,5345,20612.41309635173,236.156033676333,80662.80000000002,14.0
CE1,3,10,12.563666880592221,5345,15438.451075771749,236.156033676333,65889.80000000002,14.0
CE1,3,11,11.908061811384492,5345,11686.491487371375,236.156033676333,45185.600000000006,14.0
CE1,3,12,11.10522561170193,5345,8826.507764265669,236.156033676333,26804.60000000001,14.0
CE1,3,13,10.495695846689369,5345,6678.2550046772685,236.156033676333,19257.400000000016,14.0
CE1,3,14,10.129250045884664,5345,5352.622825070159,236.156033676333,16654.40000000003,14.0
CE1,3,15,9.752192255648334,5345,4364.327034611787,236.156033676333,14008.800000000001,14.0
CE1,3,16,9.413161624799304,5345,3611.1739943872776,236.156033676333,12061.600000000006,14.0
CE1,3,17,9.106321538029764,5345,3024.865855940131,236.156033676333,10594.000000000002,14.0
CE1,3,18,8.767900986436368,5345,2539.376239476146,236.156033676333,8995.6,14.0
CE1,3,19,8.444586774682334,5345,2121.115622076707,236.156033676333,7793.600000000002,14.0
CE1,3,20,8.130558564039212,5345,1759.4763330215155,236.156033676333,6862.6,14.0
CE1,3,21,7.790960407698066,5345,1448.5457436856875,236.156033676333,5934.6,14.0
CE1,3,22,7.432151883935961,5345,1173.3610851262863,236.156033676333,5116.6,14.0
CE1,3,23,7.015476477384714,5345,940.1683816651076,236.156033676333,4208.6,14.0
CE1,3,24,6.529876012911489,5345,748.4289990645464,236.156033676333,3252.000000000002,14.0
CE1,3,25,6.223310434696668,5345,645.5178671655754,236.156033676333,2774.2000000000007,14.0
CE1,3,26,5.942114701764749,5345,566.4147801683816,236.156033676333,2386.0000000000073,14.0
CE1,3,27,5.651160988712764,5345,499.54200187090737,236.156033676333,2021.800000000001,14.0
CE1,3,28,5.3650656183917755,5345,442.5375116931712,236.156033676333,1713.800000000001,14.0
CE1,3,29,5.144010361259119,5345,394.2129092609916,236.156033676333,1541.800000000001,14.0
CE1,3,30,4.871785206039844,5345,353.95584658559403,236.156033676333,1307.4000000000015,14.0
CE1,3,31,4.615115793261566,5345,321.3485500467727,236.156033676333,1113.600000000004,14.0
CE1,3,32,4.351395548821923,5345,294.4422825070159,236.156033676333,933.2000000000044,14.0
CE1,3,33,4.133448072381234,5345,271.200187090739,236.156033676333,814.4000000000015,14.0
CE1,3,34,3.8372175823867902,5345,250.74967259120675,236.156033676333,654.6000000000022,14.0
CE1,3,35,3.3863011664179585,5345,232.54724041159963,236.156033676333,435.60000000000036,14.0
CE1,3,36,3.1355388442339636,5345,216.4864359214219,236.156033676333,315.40000000000146,14.0
CE1,3,37,2.8734467056417046,5345,202.32609915809167,236.156033676333,226.60000000000036,14.0
CE1,3,38,2.1762750129689756,5345,189.1536014967259,236.156033676333,105.00000000000364,14.0
CE1,3,39,2.9968249612202404,5345,176.67277829747428,236.156033676333,0.0,14.0
CE1,3,40,3.0626258518003207,5345,165.35809167446212,236.156033676333,0.0,14.0
CE1,3,41,3.1294967173036325,5345,154.59738072965388,236.156033676333,0.0,14.0
CE1,3,42,3.1949177104592974,5345,144.7438727782975,236.156033676333,0.0,14.0
CE1,3,43,3.253752297720901,5345,136.41646398503275,236.156033676333,0.0,14.0
CE1,3,44,3.3124947342259485,5345,128.57680074836296,236.156033676333,0.0,14.0
CE1,3,45,3.369601000605437,5345,121.3844714686623,236.156033676333,0.0,14.0
CE1,3,46,3.4253774240670447,5345,114.74518241347053,236.156033676333,0.0,14.0
CE1,3,47,3.482763681454396,5345,108.28999064546305,236.156033676333,0.0,14.0
CE1,3,48,3.541906917819248,5345,102.01365762394761,236.156033676333,0.0,14.0
CE1,3,49,3.595712745081161,5345,96.61739943872779,236.156033676333,0.0,14.0
CE1,3,50,3.6516138894455112,5345,91.31019644527596,236.156033676333,0.0,14.0
CE1,3,51,3.7073462421563455,5345,86.30626753975679,236.156033676333,0.0,14.0
CE1,3,52,3.7621089651781676,5345,81.65369504209542,236.156033676333,0.0,14.0
CE1,3,53,3.8188802538278064,5345,77.09204864359214,236.156033676333,0.0,14.0
CE1,3,54,3.8694044229949447,5345,73.24452759588401,236.156033676333,0.0,14.0
CE1,3,55,3.9211544588472442,5345,69.50009354536951,236.156033676333,0.0,14.0
CE1,3,56,3.9720004842249166,5345,66.00505144995323,236.156033676333,0.0,14.0
CE1,3,57,4.0182713613075745,5345,62.97530402245089,236.156033676333,0.0,14.0
CE1,3,58,4.064245912283697,5345,60.10065481758653,236.156033676333,0.0,14.0
CE1,3,59,4.111941701175205,5345,57.25481758652947,236.156033676333,0.0,14.0
CE1,3,60,4.160127626213232,5345,54.514312441534145,236.156033676333,0.0,14.0
CE1,3,61,4.208901108352521,5345,51.87165575304022,236.156033676333,0.0,14.0
CE1,3,62,4.259137297856003,5345,49.28119738072965,236.156033676333,0.0,14.0
CE1,3,63,4.310447630142205,5345,46.76632366697849,236.156033676333,0.0,14.0
CE1,3,64,4.360972085964562,5345,44.41290926099158,236.156033676333,0.0,14.0
CE1,3,65,4.413356196302877,5345,42.09522918615529,236.156033676333,0.0,14.0
CE1,3,66,4.470179617503403,5345,39.71468662301216,236.156033676333,0.0,14.0
CE1,3,67,4.5258551630590365,5345,37.50982226379794,236.156033676333,0.0,14.0
CE1,3,68,4.5844277585574185,5345,35.318989710009355,236.156033676333,0.0,14.0
CE1,3,69,4.6458018562670045,5345,33.15696913002807,236.156033676333,0.0,14.0
CE1,3,70,4.708941702542104,5345,31.066978484565013,236.156033676333,0.0,14.0
CE1,3,71,4.775901695495433,5345,28.990084190832555,236.156033676333,0.0,14.0
CE1,3,72,4.846081908184592,5345,26.957530402245087,236.156033676333,0.0,14.0
CE1,3,73,4.9198095403592,5345,24.970439663236668,236.156033676333,0.0,14.0
CE1,3,74,4.997834167390478,5345,23.021141253507952,236.156033676333,0.0,14.0
CE1,3,75,5.079317502694055,5345,21.141440598690366,236.156033676333,0.0,14.0
CE1,3,76,5.167074276126924,5345,19.281197380729655,236.156033676333,0.0,14.0
CE1,3,77,5.259822313866179,5345,17.484752104770813,236.156033676333,0.0,14.0
CE1,3,78,5.357217640948571,5345,15.769317118802618,236.156033676333,0.0,14.0
CE1,3,79,5.4617950129883965,5345,14.10420954162769,236.156033676333,0.0,14.0
CE1,3,80,5.57253477182725,5345,12.520860617399439,236.156033676333,0.0,14.0
CE1,3,81,5.692173712284918,5345,10.996258185219832,236.156033676333,0.0,14.0
CE1,3,82,5.825936840161865,5345,9.494293732460243,236.156033676333,0.0,14.0
CE1,3,83,5.974194981464299,5345,8.048269410664172,236.156033676333,0.0,14.0
CE1,3,84,6.05132476086049,5345,7.376613657623948,236.156033676333,0.0,14.0
CE1,4,1,8.945622997965732,67,3293.417910447761,578.6119402985074,7290.0,4.399999999999999
CE1,4,2,6.721611777460973,67,1066.3283582089553,578.6119402985074,2433.4,4.399999999999999
CE1,4,3,5.499008643320734,67,418.5074626865672,578.6119402985074,954.4,4.399999999999999
CE1,4,4,5.50447377342012,67,126.25373134328358,578.6119402985074,290.4,4.399999999999999
CE1,4,5,5.980103702069712,67,31.134328358208954,578.6119402985074,117.39999999999998,4.399999999999999
CE1,4,6,5.856240595735649,67,13.253731343283581,578.6119402985074,45.39999999999996,4.399999999999999
CE1,4,7,4.723037088702358,67,6.059701492537314,578.6119402985074,6.399999999999977,4.399999999999999
CE1,4,8,6.539717578615258,67,3.5223880597014925,578.6119402985074,0.0,4.399999999999999
CE1,4,9,6.97024665538664,67,1.9402985074626866,578.6119402985074,0.0,4.399999999999999
CE1,4,10,7.385915933669045,67,0.9402985074626866,578.6119402985074,0.0,4.399999999999999
CE1,4,11,8.048757764733661,67,0.0,578.6119402985074,0.0,4.399999999999999
CE1,4,12,8.048757764733661,67,0.0,578.6119402985074,0.0,4.399999999999999
CE1,4,13,8.048757764733661,67,0.0,578.6119402985074,0.0,4.399999999999999
CE1,4,14,8.048757764733661,67,0.0,578.6119402985074,0.0,4.399999999999999
CE1,4,15,8.048757764733661,67,0.0,578.6119402985074,0.0,4.399999999999999
CE1,4,16,8.048757764733661,67,0.0,578.6119402985074,0.0,4.399999999999999
CE1,4,17,8.048757764733661,67,0.0,578.6119402985074,0.0,4.399999999999999
CE1,4,18,8.048757764733661,67,0.0,578.6119402985074,0.0,4.399999999999999
CE1,4,19,8.048757764733661,67,0.0,578.6119402985074,0.0,4.399999999999999
CE1,4,20,8.048757764733661,67,0.0,578.6119402985074,0.0,4.399999999999999
CE1,4,21,8.048757764733661,67,0.0,578.6119402985074,0.0,4.399999999999999
CE1,4,22,8.048757764733661,67,0.0,578.6119402985074,0.0,4.399999999999999
CE1,4,23,8.048757764733661,67,0.0,578.6119402985074,0.0,4.399999999999999
CE1,4,24,8.048757764733661,67,0.0,578.6119402985074,0.0,4.399999999999999
CE1,4,25,8.048757764733661,67,0.0,578.6119402985074,0.0,4.399999999999999
CE1,4,26,8.048757764733661,67,0.0,578.6119402985074,0.0,4.399999999999999
CE1,4,27,8.048757764733661,67,0.0,578.6119402985074,0.0,4.399999999999999
CE1,4,28,8.048757764733661,67,0.0,578.6119402985074,0.0,4.399999999999999
CE1,4,29,8.048757764733661,67,0.0,578.6119402985074,0.0,4.399999999999999
CE1,4,30,8.048757764733661,67,0.0,578.6119402985074,0.0,4.399999999999999
CE1,4,31,8.048757764733661,67,0.0,578.6119402985074,0.0,4.399999999999999
CE1,4,32,8.048757764733661,67,0.0,578.6119402985074,0.0,4.399999999999999
CE1,4,33,8.048757764733661,67,0.0,578.6119402985074,0.0,4.399999999999999
CE1,4,34,8.048757764733661,67,0.0,578.6119402985074,0.0,4.399999999999999
CE1,4,35,8.048757764733661,67,0.0,578.6119402985074,0.0,4.399999999999999
CE1,4,36,8.048757764733661,67,0.0,578.6119402985074,0.0,4.399999999999999
CE1,4,37,8.048757764733661,67,0.0,578.6119402985074,0.0,4.399999999999999
CE1,4,38,8.048757764733661,67,0.0,578.6119402985074,0.0,4.399999999999999
CE1,4,39,8.048757764733661,67,0.0,578.6119402985074,0.0,4.399999999999999
CE1,4,40,8.048757764733661,67,0.0,578.6119402985074,0.0,4.399999999999999
CE1,4,41,8.048757764733661,67,0.0,578.6119402985074,0.0,4.399999999999999
CE1,4,42,8.048757764733661,67,0.0,578.6119402985074,0.0,4.399999999999999
CE1,4,43,8.048757764733661,67,0.0,578.6119402985074,0.0,4.399999999999999
CE1,4,44,8.048757764733661,67,0.0,578.6119402985074,0.0,4.399999999999999
CE1,4,45,8.048757764733661,67,0.0,578.6119402985074,0.0,4.399999999999999
CE1,4,46,8.048757764733661,67,0.0,578.6119402985074,0.0,4.399999999999999
CE1,4,47,8.048757764733661,67,0.0,578.6119402985074,0.0,4.399999999999999
CE1,4,48,8.048757764733661,67,0.0,578.6119402985074,0.0,4.399999999999999
CE1,4,49,8.048757764733661,67,0.0,578.6119402985074,0.0,4.399999999999999
CE1,4,50,8.048757764733661,67,0.0,578.6119402985074,0.0,4.399999999999999
CE1,4,51,8.048757764733661,67,0.0,578.6119402985074,0.0,4.399999999999999
CE1,4,52,8.048757764733661,67,0.0,578.6119402985074,0.0,4.399999999999999
CE1,4,53,8.048757764733661,67,0.0,578.6119402985074,0.0,4.399999999999999
CE1,4,54,8.048757764733661,67,0.0,578.6119402985074,0.0,4.399999999999999
CE1,4,55,8.048757764733661,67,0.0,578.6119402985074,0.0,4.399999999999999
CE1,4,56,8.048757764733661,67,0.0,578.6119402985074,0.0,4.399999999999999
CE1,4,57,8.048757764733661,67,0.0,578.6119402985074,0.0,4.399999999999999
CE1,4,58,8.048757764733661,67,0.0,578.6119402985074,0.0,4.399999999999999
CE1,4,59,8.048757764733661,67,0.0,578.6119402985074,0.0,4.399999999999999
CE1,4,60,8.048757764733661,67,0.0,578.6119402985074,0.0,4.399999999999999
CE1,4,61,8.048757764733661,67,0.0,578.6119402985074,0.0,4.399999999999999
CE1,4,62,8.048757764733661,67,0.0,578.6119402985074,0.0,4.399999999999999
CE1,4,63,8.048757764733661,67,0.0,578.6119402985074,0.0,4.399999999999999
CE1,4,64,8.048757764733661,67,0.0,578.6119402985074,0.0,4.399999999999999
CE1,4,65,8.048757764733661,67,0.0,578.6119402985074,0.0,4.399999999999999
CE1,4,66,8.048757764733661,67,0.0,578.6119402985074,0.0,4.399999999999999
CE1,4,67,8.048757764733661,67,0.0,578.6119402985074,0.0,4.399999999999999
CE1,4,68,8.048757764733661,67,0.0,578.6119402985074,0.0,4.399999999999999
CE1,4,69,8.048757764733661,67,0.0,578.6119402985074,0.0,4.399999999999999
CE1,4,70,8.048757764733661,67,0.0,578.6119402985074,0.0,4.399999999999999
CE1,4,71,8.048757764733661,67,0.0,578.6119402985074,0.0,4.399999999999999
CE1,4,72,8.048757764733661,67,0.0,578.6119402985074,0.0,4.399999999999999
CE1,4,73,8.048757764733661,67,0.0,578.6119402985074,0.0,4.399999999999999
CE1,4,74,8.048757764733661,67,0.0,578.6119402985074,0.0,4.399999999999999
CE1,4,75,8.048757764733661,67,0.0,578.6119402985074,0.0,4.399999999999999
CE1,4,76,8.048757764733661,67,0.0,578.6119402985074,0.0,4.399999999999999
CE1,4,77,8.048757764733661,67,0.0,578.6119402985074,0.0,4.399999999999999
CE1,4,78,8.048757764733661,67,0.0,578.6119402985074,0.0,4.399999999999999
CE1,4,79,8.048757764733661,67,0.0,578.6119402985074,0.0,4.399999999999999
CE1,4,80,8.048757764733661,67,0.0,578.6119402985074,0.0,4.399999999999999
CE1,4,81,8.048757764733661,67,0.0,578.6119402985074,0.0,4.399999999999999
CE1,4,82,8.048757764733661,67,0.0,578.6119402985074,0.0,4.399999999999999
CE1,4,83,8.048757764733661,67,0.0,578.6119402985074,0.0,4.399999999999999
CE1,4,84,8.048757764733661,67,0.0,578.6119402985074,0.0,4.399999999999999
CE1,5,1,25.19965159299035,7500,19073979.4152,897.732,33139692.900000002,7.0
CE1,5,2,23.509019842818546,7500,8178144.794266666,897.732,14252889.100000001,7.0
CE1,5,3,22.345362782865145,7500,4546203.7204,897.732,8008273.6,7.0
CE1,5,4,21.331632703077716,7500,2731063.35,897.732,4837250.100000001,7.0
CE1,5,5,20.40585998183455,7500,1641891.9108,897.732,3188068.3000000073,7.0
CE1,5,6,19.62089324236031,7500,1035584.5941333333,897.732,2305577.200000001,7.0
CE1,5,7,19.173643415303353,7500,814112.3982666667,897.732,1875178.4000000013,7.0
CE1,5,8,18.751083399680468,7500,649726.5568,897.732,1539858.0000000002,7.0
CE1,5,9,18.36012408129571,7500,522796.14426666667,897.732,1294455.8000000003,7.0
CE1,5,10,17.977575070632742,7500,421392.63893333334,897.732,1095452.3,7.0
CE1,5,11,17.64710163540972,7500,354077.88266666664,897.732,936825.2000000002,7.0
CE1,5,12,17.337532440142756,7500,304462.8416,897.732,799426.6000000002,7.0
CE1,5,13,17.047418893580797,7500,264259.4842666667,897.732,689108.0000000001,7.0
CE1,5,14,16.756468847482584,7500,230352.10386666667,897.732,590972.6,7.0
CE1,5,15,16.46545060278377,7500,200990.2516,897.732,506286.7000000001,7.0
CE1,5,16,16.166180973774576,7500,175616.34893333333,897.732,429571.0,7.0
CE1,5,17,15.84655150879142,7500,152976.44013333332,897.732,358229.6000000001,7.0
CE1,5,18,15.570338540412404,7500,133896.90266666666,897.732,310496.8000000001,7.0
CE1,5,19,15.295292438886587,7500,117744.51813333333,897.732,268185.5,7.0
CE1,5,20,15.012180107808943,7500,103340.394,897.732,230224.2,7.0
CE1,5,21,14.707812939827832,7500,90367.55626666667,897.732,194188.1,7.0
CE1,5,22,14.355232546637765,7500,78401.23853333334,897.732,157321.2,7.0
CE1,5,23,14.05029104020323,7500,67712.1048,897.732,134279.00000000003,7.0
CE1,5,24,13.829201662089144,7500,59353.1616,897.732,122803.70000000003,7.0
CE1,5,25,13.537696812189768,7500,52733.7928,897.732,103268.0,7.0
CE1,5,26,13.233491560968295,7500,47010.916933333334,897.732,85455.40000000001,7.0
CE1,5,27,13.003042473354697,7500,42233.5708,897.732,75543.3000000001,7.0
CE1,5,28,12.828430859435214,7500,38306.13133333333,897.732,69944.1000000003,7.0
CE1,5,29,12.647780379655625,7500,35018.75173333333,897.732,63864.800000000134,7.0
CE1,5,30,12.4202615278843,7500,32395.7716,897.732,54987.20000000035,7.0
CE1,5,31,12.263094528934825,7500,30114.3076,897.732,50549.70000000004,7.0
CE1,5,32,12.098387961675042,7500,27933.0336,897.732,46221.10000000001,7.0
CE1,5,33,11.935967356199352,7500,25899.771066666668,897.732,42376.20000000002,7.0
CE1,5,34,11.846043993651676,7500,24041.623466666668,897.732,41725.3,7.0
CE1,5,35,11.677905250902601,7500,22301.195066666667,897.732,38019.90000000007,7.0
CE1,5,36,11.550192262509988,7500,20767.8036,897.732,35932.00000000012,7.0
CE1,5,37,11.453162451819932,7500,19397.730133333334,897.732,34912.40000000002,7.0
CE1,5,38,11.365310943357441,7500,18134.627333333334,897.732,34203.20000000001,7.0
CE1,5,39,11.2281430628956,7500,16853.914,897.732,32084.900000000103,7.0
CE1,5,40,11.145605020644387,7500,15861.658133333332,897.732,31391.00000000001,7.0
CE1,5,41,10.962639163073636,7500,14914.436933333332,897.732,27802.400000000223,7.0
CE1,5,42,10.812043413680367,7500,14032.4348,897.732,25418.50000000003,7.0
CE1,5,43,10.659606555239893,7500,12847.523333333333,897.732,23837.30000000001,7.0
CE1,5,44,10.504516569679845,7500,12021.772266666667,897.732,21814.70000000002,7.0
CE1,5,45,10.369304161495215,7500,11231.128266666667,897.732,20397.1,7.0
CE1,5,46,10.254459033388525,7500,10538.5336,897.732,19379.0,7.0
CE1,5,47,10.122948736645768,7500,9878.447066666668,897.732,18126.1,7.0
CE1,5,48,9.98085649311632,7500,9151.4792,897.732,16974.10000000002,7.0
CE1,5,49,9.867676412569637,7500,8513.762933333333,897.732,16292.900000000003,7.0
CE1,5,50,9.683426945077192,7500,7931.2553333333335,897.732,14546.300000000001,7.0
CE1,5,51,9.548817394644576,7500,7384.222533333334,897.732,13656.0,7.0
CE1,5,52,9.4104949909789,7500,6878.8313333333335,897.732,12765.400000000009,7.0
CE1,5,53,9.253084568059915,7500,6412.486533333334,897.732,11699.1,7.0
CE1,5,54,9.089929672378318,7500,5981.872133333333,897.732,10653.100000000004,7.0
CE1,5,55,8.926707718215132,7500,5567.463066666666,897.732,9722.1,7.0
CE1,5,56,8.759571551335334,7500,5159.101066666667,897.732,8876.600000000006,7.0
CE1,5,57,8.62384780744762,7500,4820.9144,897.732,8293.500000000002,7.0
CE1,5,58,8.47351297120509,7500,4537.690933333333,897.732,7581.1,7.0
CE1,5,59,8.345336921149118,7500,4268.0192,897.732,7090.300000000008,7.0
CE1,5,60,8.209888213245565,7500,4013.7062666666666,897.732,6584.300000000001,7.0
CE1,5,61,8.026983627712438,7500,3784.7816,897.732,5815.200000000001,7.0
CE1,5,62,7.868506710687903,7500,3571.3209333333334,897.732,5259.4000000000015,7.0
CE1,5,63,7.6931151501159345,7500,3369.186133333333,897.732,4677.900000000007,7.0
CE1,5,64,7.478364958208852,7500,3182.9166666666665,897.732,3994.500000000009,7.0
CE1,5,65,7.246339072539255,7500,3018.088133333333,897.732,3340.1000000000004,7.0
CE1,5,66,7.088291784764686,7500,2867.2318666666665,897.732,3001.7000000000025,7.0
CE1,5,67,6.930626389697685,7500,2729.3804,897.732,2693.2000000000007,7.0
CE1,5,68,6.723955616027152,7500,2589.9216,897.732,2308.1000000000004,7.0
CE1,5,69,6.109702310351636,7500,2453.9918666666667,897.732,1317.5000000000236,7.0
CE1,5,70,5.281268883157718,7500,2334.8621333333335,897.732,604.2000000000044,7.0
CE1,5,71,2.634166117929174,7500,2210.1886666666664,897.732,44.30000000000837,7.0
CE1,5,72,2.9227229694722023,7500,2087.6356,897.732,0.0,7.0
CE1,5,73,2.859506487657211,7500,1959.6862666666666,897.732,0.0,7.0
CE1,5,74,2.7872509219139636,7500,1823.0129333333334,897.732,0.0,7.0
CE1,5,75,2.7165338692844374,7500,1698.4793333333334,897.732,0.0,7.0
CE1,5,76,2.631039887556799,7500,1559.2217333333333,897.732,0.0,7.0
CE1,5,77,2.5717306341189126,7500,1469.3768,897.732,0.0,7.0
CE1,5,78,2.380927922763112,7500,1213.9658666666667,897.732,0.0,7.0
CE1,5,79,2.3007896065531037,7500,1120.3997333333334,897.732,0.0,7.0
CE1,5,80,2.2399185064122618,7500,1054.1749333333332,897.732,0.0,7.0
CE1,5,81,2.178890402482653,7500,991.7052,897.732,0.0,7.0
CE1,5,82,2.123580363574514,7500,938.2894666666666,897.732,0.0,7.0
CE1,5,83,2.0902150579641705,7500,888.1014666666666,897.732,0.0,7.0
CE1,5,84,2.1482589432279613,7500,837.9637333333334,897.732,0.0,7.0
CE2,1,1,3.9702971912793217,4509,8.514304723885562,215.1117764471058,13.0,5.0
CE2,1,2,5.393321095001851,4509,1.9478820137502773,215.1117764471058,1.0,5.0
CE2,1,3,6.634360249063585,4509,0.704369039698381,215.1117764471058,0.0,5.0
CE2,1,4,6.939147224645819,4509,0.25659791528055004,215.1117764471058,0.0,5.0
CE2,1,5,7.018837011899246,4509,0.1603459747172322,215.1117764471058,0.0,5.0
CE2,1,6,7.091152895202827,4509,0.07939676203149257,215.1117764471058,0.0,5.0
CE2,1,7,7.167555226615196,4509,0.0,215.1117764471058,0.0,5.0
CE2,1,8,7.167555226615196,4509,0.0,215.1117764471058,0.0,5.0
CE2,1,9,7.167555226615196,4509,0.0,215.1117764471058,0.0,5.0
CE2,1,10,7.167555226615196,4509,0.0,215.1117764471058,0.0,5.0
CE2,1,11,7.167555226615196,4509,0.0,215.1117764471058,0.0,5.0
CE2,1,12,7.167555226615196,4509,0.0,215.1117764471058,0.0,5.0
CE2,1,13,7.167555226615196,4509,0.0,215.1117764471058,0.0,5.0
CE2,1,14,7.167555226615196,4509,0.0,215.1117764471058,0.0,5.0
CE2,1,15,7.167555226615196,4509,0.0,215.1117764471058,0.0,5.0
CE2,1,16,7.167555226615196,4509,0.0,215.1117764471058,0.0,5.0
CE2,1,17,7.167555226615196,4509,0.0,215.1117764471058,0.0,5.0
CE2,1,18,7.167555226615196,4509,0.0,215.1117764471058,0.0,5.0
CE2,1,19,7.167555226615196,4509,0.0,215.1117764471058,0.0,5.0
CE2,1,20,7.167555226615196,4509,0.0,215.1117764471058,0.0,5.0
CE2,1,21,7.167555226615196,4509,0.0,215.1117764471058,0.0,5.0
CE2,1,22,7.167555226615196,4509,0.0,215.1117764471058,0.0,5.0
CE2,1,23,7.167555226615196,4509,0.0,215.1117764471058,0.0,5.0
CE2,1,24,7.167555226615196,4509,0.0,215.1117764471058,0.0,5.0
CE2,1,25,7.167555226615196,4509,0.0,215.1117764471058,0.0,5.0
CE2,1,26,7.167555226615196,4509,0.0,215.1117764471058,0.0,5.0
CE2,1,27,7.167555226615196,4509,0.0,215.1117764471058,0.0,5.0
CE2,1,28,7.167555226615196,4509,0.0,215.1117764471058,0.0,5.0
CE2,1,29,7.167555226615196,4509,0.0,215.1117764471058,0.0,5.0
CE2,1,30,7.167555226615196,4509,0.0,215.1117764471058,0.0,5.0
CE2,1,31,7.167555226615196,4509,0.0,215.1117764471058,0.0,5.0
CE2,1,32,7.167555226615196,4509,0.0,215.1117764471058,0.0,5.0
CE2,1,33,7.167555226615196,4509,0.0,215.1117764471058,0.0,5.0
CE2,1,34,7.167555226615196,4509,0.0,215.1117764471058,0.0,5.0
CE2,1,35,7.167555226615196,4509,0.0,215.1117764471058,0.0,5.0
CE2,1,36,7.167555226615196,4509,0.0,215.1117764471058,0.0,5.0
CE2,1,37,7.167555226615196,4509,0.0,215.1117764471058,0.0,5.0
CE2,1,38,7.167555226615196,4509,0.0,215.1117764471058,0.0,5.0
CE2,1,39,7.167555226615196,4509,0.0,215.1117764471058,0.0,5.0
CE2,1,40,7.167555226615196,4509,0.0,215.1117764471058,0.0,5.0
CE2,1,41,7.167555226615196,4509,0.0,215.1117764471058,0.0,5.0
CE2,1,42,7.167555226615196,4509,0.0,215.1117764471058,0.0,5.0
CE2,1,43,7.167555226615196,4509,0.0,215.1117764471058,0.0,5.0
CE2,1,44,7.167555226615196,4509,0.0,215.1117764471058,0.0,5.0
CE2,1,45,7.167555226615196,4509,0.0,215.1117764471058,0.0,5.0
CE2,1,46,7.167555226615196,4509,0.0,215.1117764471058,0.0,5.0
CE2,1,47,7.167555226615196,4509,0.0,215.1117764471058,0.0,5.0
CE2,1,48,7.167555226615196,4509,0.0,215.1117764471058,0.0,5.0
CE2,1,49,7.167555226615196,4509,0.0,215.1117764471058,0.0,5.0
CE2,1,50,7.167555226615196,4509,0.0,215.1117764471058,0.0,5.0
CE2,1,51,7.167555226615196,4509,0.0,215.1117764471058,0.0,5.0
CE2,1,52,7.167555226615196,4509,0.0,215.1117764471058,0.0,5.0
CE2,1,53,7.167555226615196,4509,0.0,215.1117764471058,0.0,5.0
CE2,1,54,7.167555226615196,4509,0.0,215.1117764471058,0.0,5.0
CE2,1,55,7.167555226615196,4509,0.0,215.1117764471058,0.0,5.0
CE2,1,56,7.167555226615196,4509,0.0,215.1117764471058,0.0,5.0
CE2,2,1,12.872368417254629,2712,151086.2850294985,556.1191002949853,545634.1000000001,379.0
CE2,2,2,10.73702196808868,2712,46094.171828908555,556.1191002949853,211399.30000000005,379.0
CE2,2,3,9.30913469665047,2712,23051.2802359882,556.1191002949853,101372.30000000002,379.0
CE2,2,4,8.361329208594153,2712,13101.18104719764,556.1191002949853,69129.1,379.0
CE2,2,5,7.5843572067311875,2712,8842.541666666666,556.1191002949853,47091.3,379.0
CE2,2,6,6.944253925609889,2712,6489.175147492625,556.1191002949853,33830.9,379.0
CE2,2,7,6.286460814794592,2712,4835.163348082596,556.1191002949853,23517.300000000007,379.0
CE2,2,8,5.680284852458009,2712,3633.9288348082596,556.1191002949853,17065.80000000001,379.0
CE2,2,9,5.047995262358955,2712,2770.1611356932153,556.1191002949853,11894.600000000008,379.0
CE2,2,10,4.372451895587296,2712,2105.8867994100297,556.1191002949853,7961.000000000011,379.0
CE2,2,11,3.971573539932548,2712,1753.1991150442477,556.1191002949853,6403.500000000002,379.0
CE2,2,12,3.663419731110255,2712,1570.0081120943953,556.1191002949853,5253.8,379.0
CE2,2,13,3.5247099771605237,2712,1420.9498525073745,556.1191002949853,5052.700000000001,379.0
CE2,2,14,3.3808721519214635,2712,1291.2820796460178,556.1191002949853,4814.8,379.0
CE2,2,15,3.057970987933549,2712,1178.8292772861357,556.1191002949853,3818.200000000009,379.0
CE2,2,16,2.928862691713207,2712,1082.0365044247787,556.1191002949853,3655.6000000000013,379.0
CE2,2,17,2.8256591824692685,2712,996.6272123893805,556.1191002949853,3579.4000000000005,379.0
CE2,2,18,2.697045183094807,2712,917.6648230088496,556.1191002949853,3417.9000000000083,379.0
CE2,2,19,2.3025896039027747,2712,849.4306784660766,556.1191002949853,2488.4000000000005,379.0
CE2,2,20,2.197785344488477,2712,787.4594395280236,556.1191002949853,2416.9,379.0
CE2,2,21,2.106893442824731,2712,733.5372418879056,556.1191002949853,2368.9000000000046,379.0
CE2,2,22,1.987367570446948,2712,682.7828171091445,556.1191002949853,2258.0,379.0
CE2,2,23,1.8833882153341555,2712,637.9096607669617,556.1191002949853,2177.900000000002,379.0
CE2,2,24,1.772386112096622,2712,594.8200589970502,556.1191002949853,2090.000000000001,379.0
CE2,2,25,1.5352638400393568,2712,557.4070796460177,556.1191002949853,1759.1000000000226,379.0
CE2,2,26,1.406396141083707,2712,522.6157817109145,556.1191002949853,1456.6000000000004,379.0
CE2,2,27,1.432308313635101,2712,490.3897492625369,556.1191002949853,1402.800000000002,379.0
CE2,2,28,1.4640475075917228,2712,460.1515486725664,556.1191002949853,1358.9,379.0
CE2,2,29,1.4969892171390253,2712,433.4612831858407,556.1191002949853,1323.1000000000008,379.0
CE2,2,30,1.4539379070178193,2712,408.38458702064895,556.1191002949853,1194.1000000000008,379.0
CE2,2,31,1.4760227589504997,2712,382.82300884955754,556.1191002949853,1144.5000000000005,379.0
CE2,2,32,1.4621016933180417,2712,359.7990412979351,556.1191002949853,1060.9,379.0
CE2,2,33,1.496020672679684,2712,337.584808259587,556.1191002949853,1029.9,379.0
CE2,2,34,1.4855630432328024,2712,316.9162979351033,556.1191002949853,956.900000000001,379.0
CE2,2,35,1.50071663649459,2712,298.3399705014749,556.1191002949853,914.7000000000021,379.0
CE2,2,36,1.4694853733798805,2712,280.6187315634218,556.1191002949853,834.0,379.0
CE2,2,37,1.4687736738556194,2712,263.77507374631267,556.1191002949853,783.5000000000005,379.0
CE2,2,38,1.4683665188001491,2712,246.66297935103245,556.1191002949853,732.5000000000005,379.0
CE2,2,39,1.4945944288432917,2712,231.0424041297935,556.1191002949853,704.5000000000005,379.0
CE2,2,40,1.456424035816926,2712,217.62094395280235,556.1191002949853,638.8000000000002,379.0
CE2,2,41,1.3628047857622445,2712,205.3429203539823,556.1191002949853,548.9000000000001,379.0
CE2,2,42,1.376627188352624,2712,193.6283185840708,556.1191002949853,524.9000000000001,379.0
CE2,2,43,1.394680595119261,2712,182.11356932153393,556.1191002949853,502.8000000000002,379.0
CE2,2,44,1.420929546153261,2712,170.92588495575222,556.1191002949853,484.6000000000022,379.0
CE2,2,45,1.3570889683598146,2712,159.76733038348084,556.1191002949853,425.0,379.0
CE2,2,46,1.3496618167335166,2712,149.52175516224187,556.1191002949853,394.9000000000001,379.0
CE2,2,47,1.4212076353856118,2712,140.22787610619469,556.1191002949853,360.90000000000555,379.0
CE2,2,48,1.767187086307127,2712,131.5099557522124,556.1191002949853,271.9000000000001,379.0
CE2,2,49,2.218576998692925,2712,123.59882005899705,556.1191002949853,183.8000000000011,379.0
CE2,2,50,2.7575496848998666,2712,115.90228613569322,556.1191002949853,113.90000000000464,379.0
CE2,2,51,7.569537618831851,2712,108.22529498525074,556.1191002949853,0.0,379.0
CE2,2,52,7.640348123887357,2712,100.7584808259587,556.1191002949853,0.0,379.0
CE2,2,53,7.7068866942963785,2712,94.20796460176992,556.1191002949853,0.0,379.0
CE2,2,54,7.777014694823726,2712,87.75995575221239,556.1191002949853,0.0,379.0
CE2,2,55,7.8425382595886,2712,82.13053097345133,556.1191002949853,0.0,379.0
CE2,2,56,7.90422021552401,2712,77.15781710914455,556.1191002949853,0.0,379.0
CE2,3,1,15.373527939295982,1667,475290.55128974206,741.1433713257348,618488.2000000001,82.40000000000009
CE2,3,2,12.462684931252983,1667,65148.38872225555,741.1433713257348,245593.60000000003,82.40000000000009
CE2,3,3,11.25727679467543,1667,34519.42771445711,741.1433713257348,138850.6,82.40000000000009
CE2,3,4,10.297349409497492,1667,21578.539292141573,741.1433713257348,85052.8,82.40000000000009
CE2,3,5,9.388250865808258,1667,13977.91901619676,741.1433713257348,52897.8,82.40000000000009
CE2,3,6,8.39821556207526,1667,8895.323335332934,741.1433713257348,30883.600000000002,82.40000000000009
CE2,3,7,7.459813620946582,1667,5493.353329334133,741.1433713257348,19564.600000000002,82.40000000000009
CE2,3,8,6.767601741119197,1667,3735.246550689862,741.1433713257348,14398.60000000001,82.40000000000009
CE2,3,9,6.07607800275817,1667,2710.5848830233954,741.1433713257348,9935.600000000002,82.40000000000009
CE2,3,10,5.383032081109291,1667,2005.1541691661669,741.1433713257348,6715.000000000004,82.40000000000009
CE2,3,11,4.7500599153205165,1667,1470.511697660468,741.1433713257348,4861.000000000001,82.40000000000009
CE2,3,12,4.121512036574811,1667,1051.2141571685663,741.1433713257348,3625.6000000000004,82.40000000000009
CE2,3,13,3.561900770618251,1667,784.8434313137373,741.1433713257348,2773.8,82.40000000000009
CE2,3,14,3.394446931070535,1667,587.1799640071986,741.1433713257348,1968.6000000000013,82.40000000000009
CE2,3,15,3.215380922285479,1667,442.9160167966407,741.1433713257348,1241.8000000000015,82.40000000000009
CE2,3,16,2.9525068162646857,1667,358.03059388122375,741.1433713257348,771.8000000000002,82.40000000000009
CE2,3,17,2.63984798534098,1667,303.9808038392322,741.1433713257348,479.2000000000003,82.40000000000009
CE2,3,18,2.3334147276261596,1667,259.2339532093581,741.1433713257348,300.6000000000008,82.40000000000009
CE2,3,19,1.8993541164674363,1667,224.875224955009,741.1433713257348,168.60000000000036,82.40000000000009
CE2,3,20,1.5851305007250236,1667,192.29214157168568,741.1433713257348,105.0,82.40000000000009
CE2,3,21,3.088446334597982,1667,170.99460107978405,741.1433713257348,15.400000000000091,82.40000000000009
CE2,3,22,5.982850348288644,1667,155.0755848830234,741.1433713257348,0.0,82.40000000000009
CE2,3,23,6.081003390927966,1667,140.48410317936413,741.1433713257348,0.0,82.40000000000009
CE2,3,24,6.163674053642874,1667,129.25794841031794,741.1433713257348,0.0,82.40000000000009
CE2,3,25,6.24292841045371,1667,119.33293341331733,741.1433713257348,0.0,82.40000000000009
CE2,3,26,6.306604869015938,1667,111.90941811637673,741.1433713257348,0.0,82.40000000000009
CE2,3,27,6.369378222099807,1667,105.03959208158368,741.1433713257348,0.0,82.40000000000009
CE2,3,28,6.433367774952148,1667,98.46670665866827,741.1433713257348,0.0,82.40000000000009
CE2,3,29,6.497911522937947,1667,92.24955008998201,741.1433713257348,0.0,82.40000000000009
CE2,3,30,6.565663583817178,1667,86.14097180563887,741.1433713257348,0.0,82.40000000000009
CE2,3,31,6.6357762266650555,1667,80.24055188962208,741.1433713257348,0.0,82.40000000000009
CE2,3,32,6.703776443346438,1667,74.8998200359928,741.1433713257348,0.0,82.40000000000009
CE2,3,33,6.775652627550052,1667,69.63587282543492,741.1433713257348,0.0,82.40000000000009
CE2,3,34,6.8506324478875005,1667,64.53329334133173,741.1433713257348,0.0,82.40000000000009
CE2,3,35,6.90879828930077,1667,60.83023395320936,741.1433713257348,0.0,82.40000000000009
CE2,3,36,6.942702851962032,1667,58.76904619076185,741.1433713257348,0.0,82.40000000000009
CE2,3,37,6.979160086395063,1667,56.62927414517097,741.1433713257348,0.0,82.40000000000009
CE2,3,38,7.015711259393974,1667,54.56088782243551,741.1433713257348,0.0,82.40000000000009
CE2,3,39,7.052618089343407,1667,52.54769046190762,741.1433713257348,0.0,82.40000000000009
CE2,3,40,7.090892843890664,1667,50.53689262147571,741.1433713257348,0.0,82.40000000000009
CE2,3,41,7.13061838693538,1667,48.52969406118776,741.1433713257348,0.0,82.40000000000009
CE2,3,42,7.171545858196724,1667,46.54349130173965,741.1433713257348,0.0,82.40000000000009
CE2,3,43,7.214035804496309,1667,44.56568686262747,741.1433713257348,0.0,82.40000000000009
CE2,3,44,7.261029878607291,1667,42.47390521895621,741.1433713257348,0.0,82.40000000000009
CE2,3,45,7.306536537617165,1667,40.53989202159568,741.1433713257348,0.0,82.40000000000009
CE2,3,46,7.3531837801965585,1667,38.64667066586683,741.1433713257348,0.0,82.40000000000009
CE2,3,47,7.401081634055046,1667,36.79244151169766,741.1433713257348,0.0,82.40000000000009
CE2,3,48,7.450705478973056,1667,34.9628074385123,741.1433713257348,0.0,82.40000000000009
CE2,3,49,7.5026574336694,1667,33.142171565686866,741.1433713257348,0.0,82.40000000000009
CE2,3,50,7.557085882531628,1667,31.333533293341333,741.1433713257348,0.0,82.40000000000009
CE2,3,51,7.613607153542754,1667,29.556688662267547,741.1433713257348,0.0,82.40000000000009
CE2,3,52,7.673411261234715,1667,27.782843431313736,741.1433713257348,0.0,82.40000000000009
CE2,3,53,7.736931841954021,1667,26.01139772045591,741.1433713257348,0.0,82.40000000000009
CE2,3,54,7.8044061776641005,1667,24.248950209958007,741.1433713257348,0.0,82.40000000000009
CE2,3,55,7.8764328696273775,1667,22.494301139772045,741.1433713257348,0.0,82.40000000000009
CE2,3,56,7.953611475600984,1667,20.749250149970006,741.1433713257348,0.0,82.40000000000009
CE2,4,1,14.12192789425779,270,439391.55925925926,837.8222222222222,1299102.0999999999,499.89999999999975
CE2,4,2,12.310747444028372,270,177703.21851851852,837.8222222222222,525063.7999999998,499.89999999999975
CE2,4,3,10.948450984494944,270,92162.80740740741,837.8222222222222,259245.1999999999,499.89999999999975
CE2,4,4,9.622538956642337,270,50133.137037037035,837.8222222222222,126560.9,499.89999999999975
CE2,4,5,8.543060462667523,270,25579.996296296296,837.8222222222222,84275.7,499.89999999999975
CE2,4,6,7.995641503324162,270,17714.618518518517,837.8222222222222,70391.7,499.89999999999975
CE2,4,7,5.523183939684781,270,7656.959259259259,837.8222222222222,13739.3,499.89999999999975
CE2,4,8,4.423107963200527,270,4833.281481481482,837.8222222222222,7243.7,499.89999999999975
CE2,4,9,3.4938250463176725,270,3405.0777777777776,837.8222222222222,4058.9,499.89999999999975
CE2,4,10,2.5767967818675457,270,2473.262962962963,837.8222222222222,2232.8999999999996,499.89999999999975
CE2,4,11,1.547995890717355,270,1901.2111111111112,837.8222222222222,1037.6,499.89999999999975
CE2,4,12,0.7832982532981875,270,1507.5444444444445,837.8222222222222,608.5999999999997,499.89999999999975
CE2,4,13,1.0224393845918902,270,926.3592592592593,837.8222222222222,198.1999999999997,499.89999999999975
CE2,4,14,9.625102700547886,270,26.751851851851853,837.8222222222222,0.0,499.89999999999975
CE2,4,15,11.103163547796605,270,5.32962962962963,837.8222222222222,0.0,499.89999999999975
CE2,4,16,12.192457190114848,270,1.1296296296296295,837.8222222222222,0.0,499.89999999999975
CE2,4,17,12.948405271913822,270,0.0,837.8222222222222,0.0,499.89999999999975
CE2,4,18,12.948405271913822,270,0.0,837.8222222222222,0.0,499.89999999999975
CE2,4,19,12.948405271913822,270,0.0,837.8222222222222,0.0,499.89999999999975
CE2,4,20,12.948405271913822,270,0.0,837.8222222222222,0.0,499.89999999999975
CE2,4,21,12.948405271913822,270,0.0,837.8222222222222,0.0,499.89999999999975
CE2,4,22,12.948405271913822,270,0.0,837.8222222222222,0.0,499.89999999999975
CE2,4,23,12.948405271913822,270,0.0,837.8222222222222,0.0,499.89999999999975
CE2,4,24,12.948405271913822,270,0.0,837.8222222222222,0.0,499.89999999999975
CE2,4,25,12.948405271913822,270,0.0,837.8222222222222,0.0,499.89999999999975
CE2,4,26,12.948405271913822,270,0.0,837.8222222222222,0.0,499.89999999999975
CE2,4,27,12.948405271913822,270,0.0,837.8222222222222,0.0,499.89999999999975
CE2,4,28,12.948405271913822,270,0.0,837.8222222222222,0.0,499.89999999999975
CE2,4,29,12.948405271913822,270,0.0,837.8222222222222,0.0,499.89999999999975
CE2,4,30,12.948405271913822,270,0.0,837.8222222222222,0.0,499.89999999999975
CE2,4,31,12.948405271913822,270,0.0,837.8222222222222,0.0,499.89999999999975
CE2,4,32,12.948405271913822,270,0.0,837.8222222222222,0.0,499.89999999999975
CE2,4,33,12.948405271913822,270,0.0,837.8222222222222,0.0,499.89999999999975
CE2,4,34,12.948405271913822,270,0.0,837.8222222222222,0.0,499.89999999999975
CE2,4,35,12.948405271913822,270,0.0,837.8222222222222,0.0,499.89999999999975
CE2,4,36,12.948405271913822,270,0.0,837.8222222222222,0.0,499.89999999999975
CE2,4,37,12.948405271913822,270,0.0,837.8222222222222,0.0,499.89999999999975
CE2,4,38,12.948405271913822,270,0.0,837.8222222222222,0.0,499.89999999999975
CE2,4,39,12.948405271913822,270,0.0,837.8222222222222,0.0,499.89999999999975
CE2,4,40,12.948405271913822,270,0.0,837.8222222222222,0.0,499.89999999999975
CE2,4,41,12.948405271913822,270,0.0,837.8222222222222,0.0,499.89999999999975
CE2,4,42,12.948405271913822,270,0.0,837.8222222222222,0.0,499.89999999999975
CE2,4,43,12.948405271913822,270,0.0,837.8222222222222,0.0,499.89999999999975
CE2,4,44,12.948405271913822,270,0.0,837.8222222222222,0.0,499.89999999999975
CE2,4,45,12.948405271913822,270,0.0,837.8222222222222,0.0,499.89999999999975
CE2,4,46,12.948405271913822,270,0.0,837.8222222222222,0.0,499.89999999999975
CE2,4,47,12.948405271913822,270,0.0,837.8222222222222,0.0,499.89999999999975
CE2,4,48,12.948405271913822,270,0.0,837.8222222222222,0.0,499.89999999999975
CE2,4,49,12.948405271913822,270,0.0,837.8222222222222,0.0,499.89999999999975
CE2,4,50,12.948405271913822,270,0.0,837.8222222222222,0.0,499.89999999999975
CE2,4,51,12.948405271913822,270,0.0,837.8222222222222,0.0,499.89999999999975
CE2,4,52,12.948405271913822,270,0.0,837.8222222222222,0.0,499.89999999999975
CE2,4,53,12.948405271913822,270,0.0,837.8222222222222,0.0,499.89999999999975
CE2,4,54,12.948405271913822,270,0.0,837.8222222222222,0.0,499.89999999999975
CE2,4,55,12.948405271913822,270,0.0,837.8222222222222,0.0,499.89999999999975
CE2,4,56,12.948405271913822,270,0.0,837.8222222222222,0.0,499.89999999999975
CE2,5,1,14.931996686962803,1054,4983030.963946869,3152.034155597723,11723876.9,6065.700000000008
CE2,5,2,13.34595266732962,1054,2255289.368121442,3152.034155597723,5303373.9,6065.700000000008
CE2,5,3,12.406632126496968,1054,1412290.4867172677,3152.034155597723,3310461.9,6065.700000000008
CE2,5,4,11.689409322315381,1054,987866.8728652751,3152.034155597723,2310085.8000000003,6065.700000000008
CE2,5,5,11.090990712757964,1054,733587.3510436433,3152.034155597723,1709954.6,6065.700000000008
CE2,5,6,10.566186304890518,1054,567713.0170777988,3152.034155597723,1307337.3,6065.700000000008
CE2,5,7,10.087231562047453,1054,452431.98387096776,3152.034155597723,1016144.6,6065.700000000008
CE2,5,8,9.625934610715376,1054,363971.1461100569,3152.034155597723,796347.8,6065.700000000008
CE2,5,9,9.218857397839578,1054,296592.86812144215,3152.034155597723,650455.0,6065.700000000008
CE2,5,10,8.832137022219673,1054,244243.1347248577,3152.034155597723,536543.1,6065.700000000008
CE2,5,11,8.432183566177436,1054,203224.35768500948,3152.034155597723,432268.0,6065.700000000008
CE2,5,12,8.0398099126418,1054,162691.98956356736,3152.034155597723,364717.2,6065.700000000008
CE2,5,13,7.656287784170011,1054,130340.09297912713,3152.034155597723,310228.7,6065.700000000008
CE2,5,14,7.253820738088295,1054,105159.99525616698,3152.034155597723,257110.10000000024,6065.700000000008
CE2,5,15,6.964355873607872,1054,83037.96110056926,3152.034155597723,243769.2,6065.700000000008
CE2,5,16,6.583226226446492,1054,64175.195445920304,3152.034155597723,215458.7,6065.700000000008
CE2,5,17,6.284218529629378,1054,51026.40417457306,3152.034155597723,200944.9,6065.700000000008
CE2,5,18,5.949499587398793,1054,42496.61385199241,3152.034155597723,172643.0,6065.700000000008
CE2,5,19,5.722550008984038,1054,35064.13567362429,3152.034155597723,166753.5,6065.700000000008
CE2,5,20,5.353006860314576,1054,30441.915559772297,3152.034155597723,132731.2,6065.700000000008
CE2,5,21,5.215836091374623,1054,27550.837760910817,3152.034155597723,127860.4,6065.700000000008
CE2,5,22,4.987424581208793,1054,24090.499051233397,3152.034155597723,116365.6,6065.700000000008
CE2,5,23,4.59951365059618,1054,19781.04743833017,3152.034155597723,96149.90000000001,6065.700000000008
CE2,5,24,3.9984193613248276,1054,16206.7220113852,3152.034155597723,64334.50000000001,6065.700000000008
CE2,5,25,3.3081987861612916,1054,13777.716318785579,3152.034155597723,37948.4,6065.700000000008
CE2,5,26,3.1771269063904386,1054,12091.981024667932,3152.034155597723,37926.700000000004,6065.700000000008
CE2,5,27,3.087852724202544,1054,11080.76944971537,3152.034155597723,37852.8,6065.700000000008
CE2,5,28,2.9605315618177532,1054,9759.872865275142,3152.034155597723,37837.6,6065.700000000008
CE2,5,29,2.9140384128861423,1054,9326.702087286527,3152.034155597723,37796.0,6065.700000000008
CE2,5,30,2.8671225839200627,1054,8902.843453510437,3152.034155597723,37780.5,6065.700000000008
CE2,5,31,2.7854380106066667,1054,8353.713472485768,3152.034155597723,37105.50000000007,6065.700000000008
CE2,5,32,2.661843211592701,1054,7644.7381404174575,3152.034155597723,35832.200000000004,6065.700000000008
CE2,5,33,2.5739958435647536,1054,7022.159392789374,3152.034155597723,35728.0,6065.700000000008
CE2,5,34,2.0280959584019698,1054,6680.793168880456,3152.034155597723,21755.000000000007,6065.700000000008
CE2,5,35,1.9483257271903633,1054,6239.743833017078,3152.034155597723,21506.600000000002,6065.700000000008
CE2,5,36,1.8314217307699505,1054,5586.146110056926,3152.034155597723,21372.100000000002,6065.700000000008
CE2,5,37,1.7608025972155776,1054,5233.680265654649,3152.034155597723,21255.800000000003,6065.700000000008
CE2,5,38,1.5861295343731898,1054,4456.651802656546,3152.034155597723,20960.500000000004,6065.700000000008
CE2,5,39,1.3530840014179932,1054,4158.228652751423,3152.034155597723,17794.300000000007,6065.700000000008
CE2,5,40,1.228401105458982,1054,3826.589184060721,3152.034155597723,17069.40000000001,6065.700000000008
CE2,5,41,0.8072951487117055,1054,3168.614800759013,3152.034155597723,13528.400000000003,6065.700000000008
CE2,5,42,0.9506101997616698,1054,2658.839658444023,3152.034155597723,13240.100000000002,6065.700000000008
CE2,5,43,0.6668175817278965,1054,1949.15275142315,3152.034155597723,7308.500000000002,6065.700000000008
CE2,5,44,1.5286042981828185,1054,1557.792220113852,3152.034155597723,2659.9000000000005,6065.700000000008
CE2,5,45,1.6878458398478893,1054,1404.9364326375712,3152.034155597723,2514.9000000000033,6065.700000000008
CE2,5,46,9.30955046427361,1054,1017.9335863377609,3152.034155597723,0.7000000000000455,6065.700000000008
CE2,5,47,10.254316687324014,1054,672.4231499051233,3152.034155597723,0.0,6065.700000000008
CE2,5,48,11.650112388267125,1054,165.7637571157495,3152.034155597723,0.0,6065.700000000008
CE2,5,49,12.017001192968065,1054,114.54838709677419,3152.034155597723,0.0,6065.700000000008
CE2,5,50,12.458160870666376,1054,73.33111954459203,3152.034155597723,0.0,6065.700000000008
CE2,5,51,12.755243039265501,1054,54.22675521821632,3152.034155597723,0.0,6065.700000000008
CE2,5,52,13.021235310108157,1054,41.32827324478178,3152.034155597723,0.0,6065.700000000008
CE2,5,53,13.176971202925145,1054,35.223908918406075,3152.034155597723,0.0,6065.700000000008
CE2,5,54,13.35520474152139,1054,29.310246679316887,3152.034155597723,0.0,6065.700000000008
CE2,5,55,13.542289243019898,1054,24.13851992409867,3152.034155597723,0.0,6065.700000000008
CE2,5,56,13.763302667323398,1054,19.15370018975332,3152.034155597723,0.0,6065.700000000008
