pool,queue,queue_name,segment,policy,n_dispatch,n_forced,fired_fraction,fired_fraction_queue_weighted,scope
CE1,1,test,1,FCFS,21062,21062,1.0,1.0,"whole segment, FCFS prefix included"
CE1,1,test,1,SJF,21062,0,0.0,0.0,"whole segment, FCFS prefix included"
CE1,1,test,1,SPJF-E,21062,0,0.0,0.0,"whole segment, FCFS prefix included"
CE1,1,test,1,Constant-3.5L,21062,548,0.026018421802297978,0.21967635686667622,"whole segment, FCFS prefix included"
CE1,1,test,1,Age-3.5L,21062,621,0.02948437945114424,0.22835673210675003,"whole segment, FCFS prefix included"
CE1,1,test,1,Constant-5L,21062,406,0.019276421992213466,0.17585317057612573,"whole segment, FCFS prefix included"
CE1,1,test,1,Age-5L,21062,550,0.026113379546101986,0.19730415247481703,"whole segment, FCFS prefix included"
CE1,1,test,1,Constant-10L,21062,271,0.012866774285442978,0.1367826822650757,"whole segment, FCFS prefix included"
CE1,1,test,1,Age-10L,21062,301,0.014291140442503085,0.1433982130061565,"whole segment, FCFS prefix included"
CE1,2,short,0,FCFS,29693,29693,1.0,1.0,"whole segment, FCFS prefix included"
CE1,2,short,0,SJF,29693,0,0.0,0.0,"whole segment, FCFS prefix included"
CE1,2,short,0,SPJF-E,29693,0,0.0,0.0,"whole segment, FCFS prefix included"
CE1,2,short,0,Constant-3.5L,29693,0,0.0,0.0,"whole segment, FCFS prefix included"
CE1,2,short,0,Age-3.5L,29693,0,0.0,0.0,"whole segment, FCFS prefix included"
CE1,2,short,0,Constant-5L,29693,0,0.0,0.0,"whole segment, FCFS prefix included"
CE1,2,short,0,Age-5L,29693,0,0.0,0.0,"whole segment, FCFS prefix included"
CE1,2,short,0,Constant-10L,29693,0,0.0,0.0,"whole segment, FCFS prefix included"
CE1,2,short,0,Age-10L,29693,0,0.0,0.0,"whole segment, FCFS prefix included"
CE1,2,short,1,FCFS,10164,10164,1.0,1.0,"whole segment, FCFS prefix included"
CE1,2,short,1,SJF,10164,0,0.0,0.0,"whole segment, FCFS prefix included"
CE1,2,short,1,SPJF-E,10164,0,0.0,0.0,"whole segment, FCFS prefix included"
CE1,2,short,1,Constant-3.5L,10164,0,0.0,0.0,"whole segment, FCFS prefix included"
CE1,2,short,1,Age-3.5L,10164,0,0.0,0.0,"whole segment, FCFS prefix included"
CE1,2,short,1,Constant-5L,10164,0,0.0,0.0,"whole segment, FCFS prefix included"
CE1,2,short,1,Age-5L,10164,0,0.0,0.0,"whole segment, FCFS prefix included"
CE1,2,short,1,Constant-10L,10164,0,0.0,0.0,"whole segment, FCFS prefix included"
CE1,2,short,1,Age-10L,10164,0,0.0,0.0,"whole segment, FCFS prefix included"
CE1,3,long,0,FCFS,4364,4364,1.0,1.0,"whole segment, FCFS prefix included"
CE1,3,long,0,SJF,4364,0,0.0,0.0,"whole segment, FCFS prefix included"
CE1,3,long,0,SPJF-E,4364,0,0.0,0.0,"whole segment, FCFS prefix included"
CE1,3,long,0,Constant-3.5L,4364,0,0.0,0.0,"whole segment, FCFS prefix included"
CE1,3,long,0,Age-3.5L,4364,0,0.0,0.0,"whole segment, FCFS prefix included"
CE1,3,long,0,Constant-5L,4364,0,0.0,0.0,"whole segment, FCFS prefix included"
CE1,3,long,0,Age-5L,4364,0,0.0,0.0,"whole segment, FCFS prefix included"
CE1,3,long,0,Constant-10L,4364,0,0.0,0.0,"whole segment, FCFS prefix included"
CE1,3,long,0,Age-10L,4364,0,0.0,0.0,"whole segment, FCFS prefix included"
CE1,3,long,1,FCFS,15333,15333,1.0,1.0,"whole segment, FCFS prefix included"
CE1,3,long,1,SJF,15333,0,0.0,0.0,"whole segment, FCFS prefix included"
CE1,3,long,1,SPJF-E,15333,0,0.0,0.0,"whole segment, FCFS prefix included"
CE1,3,long,1,Constant-3.5L,15333,0,0.0,0.0,"whole segment, FCFS prefix included"
CE1,3,long,1,Age-3.5L,15333,0,0.0,0.0,"whole segment, FCFS prefix included"
CE1,3,long,1,Constant-5L,15333,0,0.0,0.0,"whole segment, FCFS prefix included"
CE1,3,long,1,Age-5L,15333,0,0.0,0.0,"whole segment, FCFS prefix included"
CE1,3,long,1,Constant-10L,15333,0,0.0,0.0,"whole segment, FCFS prefix included"
CE1,3,long,1,Age-10L,15333,0,0.0,0.0,"whole segment, FCFS prefix included"
CE1,4,day,1,FCFS,10299,10299,1.0,1.0,"whole segment, FCFS prefix included"
CE1,4,day,1,SJF,10299,0,0.0,0.0,"whole segment, FCFS prefix included"
CE1,4,day,1,SPJF-E,10299,0,0.0,0.0,"whole segment, FCFS prefix included"
CE1,4,day,1,Constant-3.5L,10299,4068,0.3949898048354209,0.6757869462419964,"whole segment, FCFS prefix included"
CE1,4,day,1,Age-3.5L,10299,4069,0.395086901640936,0.6758018794150892,"whole segment, FCFS prefix included"
CE1,4,day,1,Constant-5L,10299,2140,0.2077871638023109,0.4608715795107587,"whole segment, FCFS prefix included"
CE1,4,day,1,Age-5L,10299,2253,0.21875910282551703,0.46560958339485925,"whole segment, FCFS prefix included"
CE1,4,day,1,Constant-10L,10299,1704,0.16545295659772793,0.2888257892864086,"whole segment, FCFS prefix included"
CE1,4,day,1,Age-10L,10299,1705,0.16555005340324302,0.28787872963135513,"whole segment, FCFS prefix included"
CE1,5,infinite,0,FCFS,6991,6991,1.0,1.0,"whole segment, FCFS prefix included"
CE1,5,infinite,0,SJF,6991,0,0.0,0.0,"whole segment, FCFS prefix included"
CE1,5,infinite,0,SPJF-E,6991,0,0.0,0.0,"whole segment, FCFS prefix included"
CE1,5,infinite,0,Constant-3.5L,6991,0,0.0,0.0,"whole segment, FCFS prefix included"
CE1,5,infinite,0,Age-3.5L,6991,0,0.0,0.0,"whole segment, FCFS prefix included"
CE1,5,infinite,0,Constant-5L,6991,0,0.0,0.0,"whole segment, FCFS prefix included"
CE1,5,infinite,0,Age-5L,6991,0,0.0,0.0,"whole segment, FCFS prefix included"
CE1,5,infinite,0,Constant-10L,6991,0,0.0,0.0,"whole segment, FCFS prefix included"
CE1,5,infinite,0,Age-10L,6991,0,0.0,0.0,"whole segment, FCFS prefix included"
CE1,5,infinite,1,FCFS,13330,13330,1.0,1.0,"whole segment, FCFS prefix included"
CE1,5,infinite,1,SJF,13330,0,0.0,0.0,"whole segment, FCFS prefix included"
CE1,5,infinite,1,SPJF-E,13330,0,0.0,0.0,"whole segment, FCFS prefix included"
CE1,5,infinite,1,Constant-3.5L,13330,0,0.0,0.0,"whole segment, FCFS prefix included"
CE1,5,infinite,1,Age-3.5L,13330,0,0.0,0.0,"whole segment, FCFS prefix included"
CE1,5,infinite,1,Constant-5L,13330,0,0.0,0.0,"whole segment, FCFS prefix included"
CE1,5,infinite,1,Age-5L,13330,0,0.0,0.0,"whole segment, FCFS prefix included"
CE1,5,infinite,1,Constant-10L,13330,0,0.0,0.0,"whole segment, FCFS prefix included"
CE1,5,infinite,1,Age-10L,13330,0,0.0,0.0,"whole segment, FCFS prefix included"
CE2,1,test,0,FCFS,1023,1023,1.0,1.0,"whole segment, FCFS prefix included"
CE2,1,test,0,SJF,1023,0,0.0,0.0,"whole segment, FCFS prefix included"
CE2,1,test,0,SPJF-E,1023,0,0.0,0.0,"whole segment, FCFS prefix included"
CE2,1,test,0,Constant-3.5L,1023,0,0.0,0.0,"whole segment, FCFS prefix included"
CE2,1,test,0,Age-3.5L,1023,0,0.0,0.0,"whole segment, FCFS prefix included"
CE2,1,test,0,Constant-5L,1023,0,0.0,0.0,"whole segment, FCFS prefix included"
CE2,1,test,0,Age-5L,1023,0,0.0,0.0,"whole segment, FCFS prefix included"
CE2,1,test,0,Constant-10L,1023,0,0.0,0.0,"whole segment, FCFS prefix included"
CE2,1,test,0,Age-10L,1023,0,0.0,0.0,"whole segment, FCFS prefix included"
CE2,1,test,1,FCFS,19058,19058,1.0,1.0,"whole segment, FCFS prefix included"
CE2,1,test,1,SJF,19058,0,0.0,0.0,"whole segment, FCFS prefix included"
CE2,1,test,1,SPJF-E,19058,0,0.0,0.0,"whole segment, FCFS prefix included"
CE2,1,test,1,Constant-3.5L,19058,37,0.0019414419141567845,0.021538263417146906,"whole segment, FCFS prefix included"
CE2,1,test,1,Age-3.5L,19058,54,0.002833455766607199,0.025346739516989427,"whole segment, FCFS prefix included"
CE2,1,test,1,Constant-5L,19058,22,0.001154370867877007,0.011674030120287658,"whole segment, FCFS prefix included"
CE2,1,test,1,Age-5L,19058,52,0.002728512960436562,0.02491034215372686,"whole segment, FCFS prefix included"
CE2,1,test,1,Constant-10L,19058,4,0.000209885612341274,0.0027318850006504487,"whole segment, FCFS prefix included"
CE2,1,test,1,Age-10L,19058,16,0.000839542449365096,0.00973846203954011,"whole segment, FCFS prefix included"
CE2,2,short,0,FCFS,1954,1954,1.0,1.0,"whole segment, FCFS prefix included"
CE2,2,short,0,SJF,1954,0,0.0,0.0,"whole segment, FCFS prefix included"
CE2,2,short,0,SPJF-E,1954,0,0.0,0.0,"whole segment, FCFS prefix included"
CE2,2,short,0,Constant-3.5L,1954,0,0.0,0.0,"whole segment, FCFS prefix included"
CE2,2,short,0,Age-3.5L,1954,0,0.0,0.0,"whole segment, FCFS prefix included"
CE2,2,short,0,Constant-5L,1954,0,0.0,0.0,"whole segment, FCFS prefix included"
CE2,2,short,0,Age-5L,1954,0,0.0,0.0,"whole segment, FCFS prefix included"
CE2,2,short,0,Constant-10L,1954,0,0.0,0.0,"whole segment, FCFS prefix included"
CE2,2,short,0,Age-10L,1954,0,0.0,0.0,"whole segment, FCFS prefix included"
CE2,2,short,1,FCFS,10092,10092,1.0,1.0,"whole segment, FCFS prefix included"
CE2,2,short,1,SJF,10092,0,0.0,0.0,"whole segment, FCFS prefix included"
CE2,2,short,1,SPJF-E,10092,0,0.0,0.0,"whole segment, FCFS prefix included"
CE2,2,short,1,Constant-3.5L,10092,0,0.0,0.0,"whole segment, FCFS prefix included"
CE2,2,short,1,Age-3.5L,10092,0,0.0,0.0,"whole segment, FCFS prefix included"
CE2,2,short,1,Constant-5L,10092,0,0.0,0.0,"whole segment, FCFS prefix included"
CE2,2,short,1,Age-5L,10092,0,0.0,0.0,"whole segment, FCFS prefix included"
CE2,2,short,1,Constant-10L,10092,0,0.0,0.0,"whole segment, FCFS prefix included"
CE2,2,short,1,Age-10L,10092,0,0.0,0.0,"whole segment, FCFS prefix included"
CE2,3,long,0,FCFS,1617,1617,1.0,1.0,"whole segment, FCFS prefix included"
CE2,3,long,0,SJF,1617,0,0.0,0.0,"whole segment, FCFS prefix included"
CE2,3,long,0,SPJF-E,1617,0,0.0,0.0,"whole segment, FCFS prefix included"
CE2,3,long,0,Constant-3.5L,1617,0,0.0,0.0,"whole segment, FCFS prefix included"
CE2,3,long,0,Age-3.5L,1617,0,0.0,0.0,"whole segment, FCFS prefix included"
CE2,3,long,0,Constant-5L,1617,0,0.0,0.0,"whole segment, FCFS prefix included"
CE2,3,long,0,Age-5L,1617,0,0.0,0.0,"whole segment, FCFS prefix included"
CE2,3,long,0,Constant-10L,1617,0,0.0,0.0,"whole segment, FCFS prefix included"
CE2,3,long,0,Age-10L,1617,0,0.0,0.0,"whole segment, FCFS prefix included"
CE2,3,long,1,FCFS,6939,6939,1.0,1.0,"whole segment, FCFS prefix included"
CE2,3,long,1,SJF,6939,0,0.0,0.0,"whole segment, FCFS prefix included"
CE2,3,long,1,SPJF-E,6939,0,0.0,0.0,"whole segment, FCFS prefix included"
CE2,3,long,1,Constant-3.5L,6939,0,0.0,0.0,"whole segment, FCFS prefix included"
CE2,3,long,1,Age-3.5L,6939,0,0.0,0.0,"whole segment, FCFS prefix included"
CE2,3,long,1,Constant-5L,6939,0,0.0,0.0,"whole segment, FCFS prefix included"
CE2,3,long,1,Age-5L,6939,0,0.0,0.0,"whole segment, FCFS prefix included"
CE2,3,long,1,Constant-10L,6939,0,0.0,0.0,"whole segment, FCFS prefix included"
CE2,3,long,1,Age-10L,6939,0,0.0,0.0,"whole segment, FCFS prefix included"
CE2,4,day,0,FCFS,260,260,1.0,1.0,"whole segment, FCFS prefix included"
CE2,4,day,0,SJF,260,0,0.0,0.0,"whole segment, FCFS prefix included"
CE2,4,day,0,SPJF-E,260,0,0.0,0.0,"whole segment, FCFS prefix included"
CE2,4,day,0,Constant-3.5L,260,0,0.0,0.0,"whole segment, FCFS prefix included"
CE2,4,day,0,Age-3.5L,260,0,0.0,0.0,"whole segment, FCFS prefix included"
CE2,4,day,0,Constant-5L,260,0,0.0,0.0,"whole segment, FCFS prefix included"
CE2,4,day,0,Age-5L,260,0,0.0,0.0,"whole segment, FCFS prefix included"
CE2,4,day,0,Constant-10L,260,0,0.0,0.0,"whole segment, FCFS prefix included"
CE2,4,day,0,Age-10L,260,0,0.0,0.0,"whole segment, FCFS prefix included"
CE2,4,day,1,FCFS,8035,8035,1.0,1.0,"whole segment, FCFS prefix included"
CE2,4,day,1,SJF,8035,0,0.0,0.0,"whole segment, FCFS prefix included"
CE2,4,day,1,SPJF-E,8035,0,0.0,0.0,"whole segment, FCFS prefix included"
CE2,4,day,1,Constant-3.5L,8035,377,0.04691972619788426,0.21294224525159403,"whole segment, FCFS prefix included"
CE2,4,day,1,Age-3.5L,8035,377,0.04691972619788426,0.21294224525159403,"whole segment, FCFS prefix included"
CE2,4,day,1,Constant-5L,8035,248,0.03086496577473553,0.13733980942788607,"whole segment, FCFS prefix included"
CE2,4,day,1,Age-5L,8035,262,0.032607342874922216,0.1395863120770184,"whole segment, FCFS prefix included"
CE2,4,day,1,Constant-10L,8035,59,0.007342874922215308,0.0361682479368982,"whole segment, FCFS prefix included"
CE2,4,day,1,Age-10L,8035,61,0.0075917859365276915,0.03548863260125814,"whole segment, FCFS prefix included"
CE2,5,infinite,0,FCFS,898,898,1.0,1.0,"whole segment, FCFS prefix included"
CE2,5,infinite,0,SJF,898,0,0.0,0.0,"whole segment, FCFS prefix included"
CE2,5,infinite,0,SPJF-E,898,0,0.0,0.0,"whole segment, FCFS prefix included"
CE2,5,infinite,0,Constant-3.5L,898,0,0.0,0.0,"whole segment, FCFS prefix included"
CE2,5,infinite,0,Age-3.5L,898,0,0.0,0.0,"whole segment, FCFS prefix included"
CE2,5,infinite,0,Constant-5L,898,0,0.0,0.0,"whole segment, FCFS prefix included"
CE2,5,infinite,0,Age-5L,898,0,0.0,0.0,"whole segment, FCFS prefix included"
CE2,5,infinite,0,Constant-10L,898,0,0.0,0.0,"whole segment, FCFS prefix included"
CE2,5,infinite,0,Age-10L,898,0,0.0,0.0,"whole segment, FCFS prefix included"
CE2,5,infinite,1,FCFS,9137,9137,1.0,1.0,"whole segment, FCFS prefix included"
CE2,5,infinite,1,SJF,9137,0,0.0,0.0,"whole segment, FCFS prefix included"
CE2,5,infinite,1,SPJF-E,9137,0,0.0,0.0,"whole segment, FCFS prefix included"
CE2,5,infinite,1,Constant-3.5L,9137,0,0.0,0.0,"whole segment, FCFS prefix included"
CE2,5,infinite,1,Age-3.5L,9137,0,0.0,0.0,"whole segment, FCFS prefix included"
CE2,5,infinite,1,Constant-5L,9137,0,0.0,0.0,"whole segment, FCFS prefix included"
CE2,5,infinite,1,Age-5L,9137,0,0.0,0.0,"whole segment, FCFS prefix included"
CE2,5,infinite,1,Constant-10L,9137,0,0.0,0.0,"whole segment, FCFS prefix included"
CE2,5,infinite,1,Age-10L,9137,0,0.0,0.0,"whole segment, FCFS prefix included"
