overlay,level,k,policy,family,promise_s,bmax_or_skip,sigma_s,bound_abs_tight_s,bound_abs_old_s,max_wait_s,ratio_max_wait_over_tight,shift_per_job_s,min_slack_old_s,min_slack_tight_s,per_job_violations_tight,needs_rerun
k1_rep0,0,1,FCFS,fcfs,0.0,,1428.632137,1428.632137,1428.632137,1427.255747,0.999,0.0,0.0,0.0,0,False
k1_rep0,0,1,Guard(300),work,300.0,B_max=240,1428.632137,1728.632137,1728.632137,1672.877849,0.9677,0.0,4.865147,4.865147,0,False
k1_rep0,0,1,Guard-age(300),work,300.0,B_max=240,1428.632137,1728.632137,1728.632137,1672.877849,0.9677,0.0,4.865147,4.865147,0,False
k1_rep0,0,1,Guard-fixed(300),work,300.0,B_max=240,1428.632137,1728.632137,1728.632137,1520.848215,0.8798,0.0,159.684189,159.684189,0,False
k1_rep0,0,1,Guard-queue(300),work,300.0,B_max=240,1428.632137,1728.632137,1728.632137,1672.877849,0.9677,0.0,4.865147,4.865147,0,False
k1_rep0,0,1,Fixed(300),work,300.0,B_max=240,1428.632137,1728.632137,1728.632137,1672.877849,0.9677,0.0,4.865147,4.865147,0,False
k1_rep0,0,1,Skip(300),skip,300.0,N=5,1428.632137,1728.632137,1728.632137,1428.377634,0.8263,0.0,204.914117,204.914117,0,False
k1_rep0,0,1,Guard(600),work,600.0,B_max=540,1428.632137,2028.632137,2028.632137,1979.775445,0.9759,0.0,7.468068,7.468068,0,False
k1_rep0,0,1,Guard-age(600),work,600.0,B_max=540,1428.632137,2028.632137,2028.632137,1979.775445,0.9759,0.0,7.468068,7.468068,0,False
k1_rep0,0,1,Guard-fixed(600),work,600.0,B_max=540,1428.632137,2028.632137,2028.632137,1672.743553,0.8246,0.0,296.734691,296.734691,0,False
k1_rep0,0,1,Guard-queue(600),work,600.0,B_max=540,1428.632137,2028.632137,2028.632137,1979.775445,0.9759,0.0,7.468068,7.468068,0,False
k1_rep0,0,1,Fixed(600),work,600.0,B_max=540,1428.632137,2028.632137,2028.632137,1979.775445,0.9759,0.0,7.468068,7.468068,0,False
k1_rep0,0,1,Skip(600),skip,600.0,N=10,1428.632137,2028.632137,2028.632137,1429.453763,0.7046,0.0,499.145436,499.145436,0,False
k1_rep0,0,1,Guard(1200),work,1200.0,B_max=1140,1428.632137,2628.632137,2628.632137,2205.219206,0.8389,0.0,34.854649,34.854649,0,False
k1_rep0,0,1,Guard-queue(1200),work,1200.0,B_max=1140,1428.632137,2628.632137,2628.632137,2205.219206,0.8389,0.0,34.854649,34.854649,0,False
k1_rep0,0,1,Guard-fixed(1200),work,1200.0,B_max=1140,1428.632137,2628.632137,2628.632137,1936.695364,0.7368,0.0,641.060385,641.060385,0,False
k1_rep0,0,1,Guard-age(1200),work,1200.0,B_max=1140,1428.632137,2628.632137,2628.632137,2205.219206,0.8389,0.0,18.66253,18.66253,0,False
k1_rep0,0,1,Fixed(1200),work,1200.0,B_max=1140,1428.632137,2628.632137,2628.632137,2205.219206,0.8389,0.0,28.33449,28.33449,0,False
k1_rep0,0,1,Skip(1200),skip,1200.0,N=20,1428.632137,2628.632137,2628.632137,1431.89999,0.5447,0.0,1033.133001,1033.133001,0,False
0,0,8,FCFS,fcfs,0.0,,3648.166913,508.520864,508.520864125,435.022874,0.8555,0.0,41.11665075,41.116651,0,False
0,0,8,Guard(300),work,300.0,B_max=1080,3648.166913,703.520864,808.520864125,578.81456,0.8227,105.0,187.301602625,82.301603,0,False
0,0,8,Guard-age(300),work,300.0,B_max=1080,3648.166913,703.520864,808.520864125,578.81456,0.8227,105.0,187.301602625,82.301603,0,False
0,0,8,Guard-fixed(300),work,300.0,B_max=1080,3648.166913,703.520864,808.520864125,535.600003,0.7613,105.0,226.932810125,121.93281,0,False
0,0,8,Guard-queue(300),work,300.0,B_max=1080,3648.166913,703.520864,808.520864125,579.154618,0.8232,105.0,188.865721,83.865721,0,False
0,0,8,Fixed(300),work,300.0,B_max=1080,3648.166913,703.520864,808.520864125,579.079319,0.8231,105.0,188.865721,83.865721,0,False
0,0,8,Skip(300),skip,300.0,N=26,3648.166913,703.520864,808.520864125,435.757824,0.6194,52.5,306.701176625,254.201177,0,False
0,0,8,Guard(600),work,600.0,B_max=3480,3648.166913,1003.520864,1108.520864125,867.204574,0.8642,105.0,176.179240375,71.17924,0,False
0,0,8,Guard-age(600),work,600.0,B_max=3480,3648.166913,1003.520864,1108.520864125,867.204574,0.8642,105.0,176.179240375,71.17924,0,False
0,0,8,Guard-fixed(600),work,600.0,B_max=3480,3648.166913,1003.520864,1108.520864125,691.268104,0.6888,105.0,378.063696375,273.063696,0,False
0,0,8,Guard-queue(600),work,600.0,B_max=3480,3648.166913,1003.520864,1108.520864125,862.006149,0.859,105.0,182.81245825,77.812458,0,False
0,0,8,Fixed(600),work,600.0,B_max=3480,3648.166913,1003.520864,1108.520864125,870.466887,0.8674,105.0,181.300151375,76.300151,0,False
0,0,8,Skip(600),skip,600.0,N=66,3648.166913,1003.520864,1108.520864125,436.799138,0.4353,52.5,582.87850425,530.378504,0,False
0,0,8,Guard(1200),work,1200.0,B_max=8280,3648.166913,1603.520864,1708.520864125,1182.835835,0.7376,105.0,426.51070875,321.510709,0,False
0,0,8,Guard-queue(1200),work,1200.0,B_max=8280,3648.166913,1603.520864,1708.520864125,1182.835835,0.7376,105.0,426.51070875,321.510709,0,False
0,0,8,Guard-fixed(1200),work,1200.0,B_max=8280,3648.166913,1603.520864,1708.520864125,933.00812,0.5818,105.0,716.435891,611.435891,0,False
0,0,8,Guard-age(1200),work,1200.0,B_max=8280,3648.166913,1603.520864,1708.520864125,1177.024493,0.734,105.0,276.89356625,171.893566,0,False
0,0,8,Fixed(1200),work,1200.0,B_max=8280,3648.166913,1603.520864,1708.520864125,1200.425301,0.7486,105.0,207.118179375,102.118179,0,False
0,0,8,Skip(1200),skip,1200.0,N=146,3648.166913,1603.520864,1708.520864125,438.938182,0.2737,52.5,1179.11622625,1126.616226,0,False
0,1,5,FCFS,fcfs,0.0,,5179.105901,1083.82118,1083.8211802,1023.819617,0.9446,0.0,36.6588894,36.658889,0,False
0,1,5,Guard(300),work,300.0,B_max=720,5179.105901,1287.82118,1383.8211802,1167.359222,0.9065,96.0,156.51140080000002,60.511401,0,False
0,1,5,Guard-age(300),work,300.0,B_max=720,5179.105901,1287.82118,1383.8211802,1167.359222,0.9065,96.0,156.51140080000002,60.511401,0,False
0,1,5,Guard-fixed(300),work,300.0,B_max=720,5179.105901,1287.82118,1383.8211802,1105.780873,0.8586,96.0,210.114993,114.114993,0,False
0,1,5,Guard-queue(300),work,300.0,B_max=720,5179.105901,1287.82118,1383.8211802,1167.393543,0.9065,96.0,151.55721680000002,55.557217,0,False
0,1,5,Fixed(300),work,300.0,B_max=720,5179.105901,1287.82118,1383.8211802,1167.397229,0.9065,96.0,151.5381418,55.538142,0,False
0,1,5,Skip(300),skip,300.0,N=17,5179.105901,1287.82118,1383.8211802,1024.613875,0.7956,48.0,290.7370806,242.737081,0,False
0,1,5,Guard(600),work,600.0,B_max=2220,5179.105901,1587.82118,1683.8211802,1467.37457,0.9241,96.0,163.21013059999999,67.210131,0,False
0,1,5,Guard-age(600),work,600.0,B_max=2220,5179.105901,1587.82118,1683.8211802,1467.37457,0.9241,96.0,163.21013059999999,67.210131,0,False
0,1,5,Guard-fixed(600),work,600.0,B_max=2220,5179.105901,1587.82118,1683.8211802,1277.771419,0.8047,96.0,353.401544,257.401544,0,False
0,1,5,Guard-queue(600),work,600.0,B_max=2220,5179.105901,1587.82118,1683.8211802,1467.388702,0.9242,96.0,166.3760134,70.376013,0,False
0,1,5,Fixed(600),work,600.0,B_max=2220,5179.105901,1587.82118,1683.8211802,1474.807196,0.9288,96.0,167.7683274,71.768327,0,False
0,1,5,Skip(600),skip,600.0,N=42,5179.105901,1587.82118,1683.8211802,1025.845151,0.6461,48.0,571.8822617999999,523.882262,0,False
0,1,5,Guard(1200),work,1200.0,B_max=5220,5179.105901,2187.82118,2283.8211801999996,2074.549893,0.9482,96.0,167.2197964,71.219796,0,False
0,1,5,Guard-queue(1200),work,1200.0,B_max=5220,5179.105901,2187.82118,2283.8211801999996,2074.549893,0.9482,96.0,167.2197964,71.219796,0,False
0,1,5,Guard-fixed(1200),work,1200.0,B_max=5220,5179.105901,2187.82118,2283.8211801999996,1552.164001,0.7095,96.0,693.0746303999999,597.07463,0,False
0,1,5,Guard-age(1200),work,1200.0,B_max=5220,5179.105901,2187.82118,2283.8211801999996,2079.694934,0.9506,96.0,175.2140336,79.214034,0,False
0,1,5,Fixed(1200),work,1200.0,B_max=5220,5179.105901,2187.82118,2283.8211801999996,2069.949797,0.9461,96.0,163.1031268,67.103127,0,False
0,1,5,Skip(1200),skip,1200.0,N=92,5179.105901,2187.82118,2283.8211801999996,1027.955189,0.4699,48.0,1144.8650712,1096.865071,0,False
0,2,4,FCFS,fcfs,0.0,,6234.492949,1603.623237,1603.62323725,1544.602708,0.9632,0.0,34.1398905,34.13989,0,False
0,2,4,Guard(300),work,300.0,B_max=600,6234.492949,1813.623237,1903.62323725,1694.4625,0.9343,90.0,136.462378,46.462378,0,False
0,2,4,Guard-age(300),work,300.0,B_max=600,6234.492949,1813.623237,1903.62323725,1694.4625,0.9343,90.0,136.462378,46.462378,0,False
0,2,4,Guard-fixed(300),work,300.0,B_max=600,6234.492949,1813.623237,1903.62323725,1627.083304,0.8971,90.0,203.35166675,113.351667,0,False
0,2,4,Guard-queue(300),work,300.0,B_max=600,6234.492949,1813.623237,1903.62323725,1694.592211,0.9344,90.0,136.462545,46.462545,0,False
0,2,4,Fixed(300),work,300.0,B_max=600,6234.492949,1813.623237,1903.62323725,1694.73727,0.9344,90.0,136.462096,46.462096,0,False
0,2,4,Skip(300),skip,300.0,N=14,6234.492949,1813.623237,1903.62323725,1545.424563,0.8521,45.0,279.70316075,234.703161,0,False
0,2,4,Guard(600),work,600.0,B_max=1800,6234.492949,2113.623237,2203.62323725,1994.472647,0.9436,90.0,136.84325575,46.843256,0,False
0,2,4,Guard-age(600),work,600.0,B_max=1800,6234.492949,2113.623237,2203.62323725,1994.472647,0.9436,90.0,136.84325575,46.843256,0,False
0,2,4,Guard-fixed(600),work,600.0,B_max=1800,6234.492949,2113.623237,2203.62323725,1789.640229,0.8467,90.0,341.8763585,251.876358,0,False
0,2,4,Guard-queue(600),work,600.0,B_max=1800,6234.492949,2113.623237,2203.62323725,1994.48873,0.9436,90.0,145.03398075,55.033981,0,False
0,2,4,Fixed(600),work,600.0,B_max=1800,6234.492949,2113.623237,2203.62323725,1994.43344,0.9436,90.0,136.30036575,46.300366,0,False
0,2,4,Skip(600),skip,600.0,N=34,6234.492949,2113.623237,2203.62323725,1546.804837,0.7318,45.0,544.623445,499.623445,0,False
0,2,4,Guard(1200),work,1200.0,B_max=4200,6234.492949,2713.623237,2803.62323725,2603.17021,0.9593,90.0,147.28123275,57.281233,0,False
0,2,4,Guard-queue(1200),work,1200.0,B_max=4200,6234.492949,2713.623237,2803.62323725,2603.17021,0.9593,90.0,147.28123275,57.281233,0,False
0,2,4,Guard-fixed(1200),work,1200.0,B_max=4200,6234.492949,2713.623237,2803.62323725,2051.921013,0.7562,90.0,680.07099325,590.070993,0,False
0,2,4,Guard-age(1200),work,1200.0,B_max=4200,6234.492949,2713.623237,2803.62323725,2605.014352,0.96,90.0,147.27789775,57.277898,0,False
0,2,4,Fixed(1200),work,1200.0,B_max=4200,6234.492949,2713.623237,2803.62323725,2603.665154,0.9595,90.0,137.987683,47.987683,0,False
0,2,4,Skip(1200),skip,1200.0,N=74,6234.492949,2713.623237,2803.62323725,1549.609457,0.571,45.0,1129.3463135,1084.346313,0,False
1,0,8,FCFS,fcfs,0.0,,2950.075879,421.259485,421.259484875,352.739664,0.8373,0.0,41.099574125,41.099574,0,False
1,0,8,Guard(300),work,300.0,B_max=1080,2950.075879,616.259485,721.259484875,508.104294,0.8245,105.0,181.90949275,76.909493,0,False
1,0,8,Guard-age(300),work,300.0,B_max=1080,2950.075879,616.259485,721.259484875,508.104294,0.8245,105.0,181.90949275,76.909493,0,False
1,0,8,Guard-fixed(300),work,300.0,B_max=1080,2950.075879,616.259485,721.259484875,461.718801,0.7492,105.0,234.135678375,129.135678,0,False
1,0,8,Guard-queue(300),work,300.0,B_max=1080,2950.075879,616.259485,721.259484875,500.5395,0.8122,105.0,179.787800375,74.7878,0,False
1,0,8,Fixed(300),work,300.0,B_max=1080,2950.075879,616.259485,721.259484875,499.469871,0.8105,105.0,179.787800375,74.7878,0,False
1,0,8,Skip(300),skip,300.0,N=26,2950.075879,616.259485,721.259484875,353.752877,0.574,52.5,307.2730555,254.773055,0,False
1,0,8,Guard(600),work,600.0,B_max=3480,2950.075879,916.259485,1021.259484875,781.390139,0.8528,105.0,188.211956375,83.211956,0,False
1,0,8,Guard-age(600),work,600.0,B_max=3480,2950.075879,916.259485,1021.259484875,781.390139,0.8528,105.0,188.211956375,83.211956,0,False
1,0,8,Guard-fixed(600),work,600.0,B_max=3480,2950.075879,916.259485,1021.259484875,615.282862,0.6715,105.0,366.35099925,261.350999,0,False
1,0,8,Guard-queue(600),work,600.0,B_max=3480,2950.075879,916.259485,1021.259484875,796.98746,0.8698,105.0,185.876621875,80.876622,0,False
1,0,8,Fixed(600),work,600.0,B_max=3480,2950.075879,916.259485,1021.259484875,793.2355,0.8657,105.0,184.563528625,79.563529,0,False
1,0,8,Skip(600),skip,600.0,N=66,2950.075879,916.259485,1021.259484875,355.067576,0.3875,52.5,581.996047,529.496047,0,False
1,0,8,Guard(1200),work,1200.0,B_max=8280,2950.075879,1516.259485,1621.259484875,1015.584804,0.6698,105.0,376.203163625,271.203164,0,False
1,0,8,Guard-queue(1200),work,1200.0,B_max=8280,2950.075879,1516.259485,1621.259484875,1015.584804,0.6698,105.0,376.203163625,271.203164,0,False
1,0,8,Guard-fixed(1200),work,1200.0,B_max=8280,2950.075879,1516.259485,1621.259484875,847.230096,0.5588,105.0,719.800874875,614.800875,0,False
1,0,8,Guard-age(1200),work,1200.0,B_max=8280,2950.075879,1516.259485,1621.259484875,977.610965,0.6448,105.0,421.7264265,316.726427,0,False
1,0,8,Fixed(1200),work,1200.0,B_max=8280,2950.075879,1516.259485,1621.259484875,1159.528441,0.7647,105.0,206.046449625,101.04645,0,False
1,0,8,Skip(1200),skip,1200.0,N=146,2950.075879,1516.259485,1621.259484875,357.269573,0.2356,52.5,1180.4350365,1127.935037,0,False
1,1,5,FCFS,fcfs,0.0,,4288.436287,905.687257,905.6872574,850.54647,0.9391,0.0,36.6486488,36.648649,0,False
1,1,5,Guard(300),work,300.0,B_max=720,4288.436287,1109.687257,1205.6872574000001,994.561845,0.8963,96.0,165.169461,69.169461,0,False
1,1,5,Guard-age(300),work,300.0,B_max=720,4288.436287,1109.687257,1205.6872574000001,994.561845,0.8963,96.0,165.169461,69.169461,0,False
1,1,5,Guard-fixed(300),work,300.0,B_max=720,4288.436287,1109.687257,1205.6872574000001,933.146056,0.8409,96.0,206.662184,110.662184,0,False
1,1,5,Guard-queue(300),work,300.0,B_max=720,4288.436287,1109.687257,1205.6872574000001,994.059947,0.8958,96.0,161.8169224,65.816922,0,False
1,1,5,Fixed(300),work,300.0,B_max=720,4288.436287,1109.687257,1205.6872574000001,994.059831,0.8958,96.0,157.7680486,61.768049,0,False
1,1,5,Skip(300),skip,300.0,N=17,4288.436287,1109.687257,1205.6872574000001,851.228676,0.7671,48.0,286.1839192,238.183919,0,False
1,1,5,Guard(600),work,600.0,B_max=2220,4288.436287,1409.687257,1505.6872574000001,1292.441051,0.9168,96.0,164.5706764,68.570676,0,False
1,1,5,Guard-age(600),work,600.0,B_max=2220,4288.436287,1409.687257,1505.6872574000001,1292.441051,0.9168,96.0,164.5706764,68.570676,0,False
1,1,5,Guard-fixed(600),work,600.0,B_max=2220,4288.436287,1409.687257,1505.6872574000001,1095.648944,0.7772,96.0,356.6377862,260.637786,0,False
1,1,5,Guard-queue(600),work,600.0,B_max=2220,4288.436287,1409.687257,1505.6872574000001,1297.773452,0.9206,96.0,157.5747354,61.574735,0,False
1,1,5,Fixed(600),work,600.0,B_max=2220,4288.436287,1409.687257,1505.6872574000001,1297.771087,0.9206,96.0,160.0074592,64.007459,0,False
1,1,5,Skip(600),skip,600.0,N=42,4288.436287,1409.687257,1505.6872574000001,852.409479,0.6047,48.0,569.0556892000001,521.055689,0,False
1,1,5,Guard(1200),work,1200.0,B_max=5220,4288.436287,2009.687257,2105.6872574,1897.895287,0.9444,96.0,161.525118,65.525118,0,False
1,1,5,Guard-queue(1200),work,1200.0,B_max=5220,4288.436287,2009.687257,2105.6872574,1897.895287,0.9444,96.0,161.525118,65.525118,0,False
1,1,5,Guard-fixed(1200),work,1200.0,B_max=5220,4288.436287,2009.687257,2105.6872574,1389.425158,0.6914,96.0,695.893895,599.893895,0,False
1,1,5,Guard-age(1200),work,1200.0,B_max=5220,4288.436287,2009.687257,2105.6872574,1899.387608,0.9451,96.0,160.69721140000001,64.697211,0,False
1,1,5,Fixed(1200),work,1200.0,B_max=5220,4288.436287,2009.687257,2105.6872574,1899.448677,0.9451,96.0,160.2411638,64.241164,0,False
1,1,5,Skip(1200),skip,1200.0,N=92,4288.436287,2009.687257,2105.6872574,854.536273,0.4252,48.0,1139.5174052,1091.517405,0,False
1,2,4,FCFS,fcfs,0.0,,5146.078916,1331.519729,1331.519729,1285.288804,0.9653,0.0,33.662307,33.662307,0,False
1,2,4,Guard(300),work,300.0,B_max=600,5146.078916,1541.519729,1631.519729,1435.719702,0.9314,90.0,137.54295425,47.542954,0,False
1,2,4,Guard-age(300),work,300.0,B_max=600,5146.078916,1541.519729,1631.519729,1435.719702,0.9314,90.0,137.54295425,47.542954,0,False
1,2,4,Guard-fixed(300),work,300.0,B_max=600,5146.078916,1541.519729,1631.519729,1368.066546,0.8875,90.0,203.49429375,113.494294,0,False
1,2,4,Guard-queue(300),work,300.0,B_max=600,5146.078916,1541.519729,1631.519729,1435.720139,0.9314,90.0,137.55810325,47.558103,0,False
1,2,4,Fixed(300),work,300.0,B_max=600,5146.078916,1541.519729,1631.519729,1435.478819,0.9312,90.0,137.55804325,47.558043,0,False
1,2,4,Skip(300),skip,300.0,N=14,5146.078916,1541.519729,1631.519729,1286.286491,0.8344,45.0,279.63223125,234.632231,0,False
1,2,4,Guard(600),work,600.0,B_max=1800,5146.078916,1841.519729,1931.519729,1735.599059,0.9425,90.0,137.84709,47.84709,0,False
1,2,4,Guard-age(600),work,600.0,B_max=1800,5146.078916,1841.519729,1931.519729,1735.599059,0.9425,90.0,137.84709,47.84709,0,False
1,2,4,Guard-fixed(600),work,600.0,B_max=1800,5146.078916,1841.519729,1931.519729,1530.673054,0.8312,90.0,342.8399005,252.8399,0,False
1,2,4,Guard-queue(600),work,600.0,B_max=1800,5146.078916,1841.519729,1931.519729,1735.5741,0.9425,90.0,137.847649,47.847649,0,False
1,2,4,Fixed(600),work,600.0,B_max=1800,5146.078916,1841.519729,1931.519729,1735.6429,0.9425,90.0,139.5942275,49.594227,0,False
1,2,4,Skip(600),skip,600.0,N=34,5146.078916,1841.519729,1931.519729,1287.498141,0.6991,45.0,551.617184,506.617184,0,False
1,2,4,Guard(1200),work,1200.0,B_max=4200,5146.078916,2441.519729,2531.519729,2349.97968,0.9625,90.0,151.64237875,61.642379,0,False
1,2,4,Guard-queue(1200),work,1200.0,B_max=4200,5146.078916,2441.519729,2531.519729,2349.97968,0.9625,90.0,151.64237875,61.642379,0,False
1,2,4,Guard-fixed(1200),work,1200.0,B_max=4200,5146.078916,2441.519729,2531.519729,1793.12533,0.7344,90.0,687.11286925,597.112869,0,False
1,2,4,Guard-age(1200),work,1200.0,B_max=4200,5146.078916,2441.519729,2531.519729,2334.578431,0.9562,90.0,149.27373825,59.273738,0,False
1,2,4,Fixed(1200),work,1200.0,B_max=4200,5146.078916,2441.519729,2531.519729,2348.442492,0.9619,90.0,149.56977825,59.569778,0,False
1,2,4,Skip(1200),skip,1200.0,N=74,5146.078916,2441.519729,2531.519729,1290.248854,0.5285,45.0,1085.1319325,1040.131932,0,False
2,0,8,FCFS,fcfs,0.0,,3123.856186,442.982023,442.98202325,379.761467,0.8573,0.0,41.86820225,41.868202,0,False
2,0,8,Guard(300),work,300.0,B_max=1080,3123.856186,637.982023,742.98202325,552.816936,0.8665,105.0,173.479847625,68.479848,0,False
2,0,8,Guard-age(300),work,300.0,B_max=1080,3123.856186,637.982023,742.98202325,552.816936,0.8665,105.0,173.479847625,68.479848,0,False
2,0,8,Guard-fixed(300),work,300.0,B_max=1080,3123.856186,637.982023,742.98202325,482.99078,0.7571,105.0,228.057922375,123.057922,0,False
2,0,8,Guard-queue(300),work,300.0,B_max=1080,3123.856186,637.982023,742.98202325,552.73359,0.8664,105.0,173.866681375,68.866681,0,False
2,0,8,Fixed(300),work,300.0,B_max=1080,3123.856186,637.982023,742.98202325,552.754922,0.8664,105.0,173.496161625,68.496162,0,False
2,0,8,Skip(300),skip,300.0,N=26,3123.856186,637.982023,742.98202325,380.480632,0.5964,52.5,300.849048,248.349048,0,False
2,0,8,Guard(600),work,600.0,B_max=3480,3123.856186,937.982023,1042.98202325,738.939095,0.7878,105.0,190.018766375,85.018766,0,False
2,0,8,Guard-age(600),work,600.0,B_max=3480,3123.856186,937.982023,1042.98202325,738.939095,0.7878,105.0,190.018766375,85.018766,0,False
2,0,8,Guard-fixed(600),work,600.0,B_max=3480,3123.856186,937.982023,1042.98202325,636.832736,0.6789,105.0,360.0739135,255.073914,0,False
2,0,8,Guard-queue(600),work,600.0,B_max=3480,3123.856186,937.982023,1042.98202325,738.968822,0.7878,105.0,186.966984875,81.966985,0,False
2,0,8,Fixed(600),work,600.0,B_max=3480,3123.856186,937.982023,1042.98202325,736.42478,0.7851,105.0,179.628821875,74.628822,0,False
2,0,8,Skip(600),skip,600.0,N=66,3123.856186,937.982023,1042.98202325,381.513274,0.4067,52.5,589.9833075,537.483308,0,False
2,0,8,Guard(1200),work,1200.0,B_max=8280,3123.856186,1537.982023,1642.98202325,772.169298,0.5021,105.0,680.6602535,575.660253,0,False
2,0,8,Guard-queue(1200),work,1200.0,B_max=8280,3123.856186,1537.982023,1642.98202325,772.169298,0.5021,105.0,680.6602535,575.660253,0,False
2,0,8,Guard-fixed(1200),work,1200.0,B_max=8280,3123.856186,1537.982023,1642.98202325,782.959728,0.5091,105.0,715.540718375,610.540718,0,False
2,0,8,Guard-age(1200),work,1200.0,B_max=8280,3123.856186,1537.982023,1642.98202325,973.575028,0.633,105.0,436.206495875,331.206496,0,False
2,0,8,Fixed(1200),work,1200.0,B_max=8280,3123.856186,1537.982023,1642.98202325,963.406231,0.6264,105.0,397.48526975,292.48527,0,False
2,0,8,Skip(1200),skip,1200.0,N=146,3123.856186,1537.982023,1642.98202325,383.804139,0.2496,52.5,1174.45862,1121.95862,0,False
2,1,5,FCFS,fcfs,0.0,,4094.313913,866.862783,866.8627826000001,806.673183,0.9306,0.0,36.668645,36.668645,0,False
2,1,5,Guard(300),work,300.0,B_max=720,4094.313913,1070.862783,1166.8627826,952.32363,0.8893,96.0,154.393171,58.393171,0,False
2,1,5,Guard-age(300),work,300.0,B_max=720,4094.313913,1070.862783,1166.8627826,952.32363,0.8893,96.0,154.393171,58.393171,0,False
2,1,5,Guard-fixed(300),work,300.0,B_max=720,4094.313913,1070.862783,1166.8627826,888.585226,0.8298,96.0,208.210692,112.210692,0,False
2,1,5,Guard-queue(300),work,300.0,B_max=720,4094.313913,1070.862783,1166.8627826,950.188312,0.8873,96.0,154.378144,58.378144,0,False
2,1,5,Fixed(300),work,300.0,B_max=720,4094.313913,1070.862783,1166.8627826,950.188312,0.8873,96.0,157.35397,61.35397,0,False
2,1,5,Skip(300),skip,300.0,N=17,4094.313913,1070.862783,1166.8627826,807.442116,0.754,48.0,286.1839192,238.183919,0,False
2,1,5,Guard(600),work,600.0,B_max=2220,4094.313913,1370.862783,1466.8627826,1266.498314,0.9239,96.0,160.2926846,64.292685,0,False
2,1,5,Guard-age(600),work,600.0,B_max=2220,4094.313913,1370.862783,1466.8627826,1266.498314,0.9239,96.0,160.2926846,64.292685,0,False
2,1,5,Guard-fixed(600),work,600.0,B_max=2220,4094.313913,1370.862783,1466.8627826,1051.604488,0.7671,96.0,346.98929239999995,250.989292,0,False
2,1,5,Guard-queue(600),work,600.0,B_max=2220,4094.313913,1370.862783,1466.8627826,1263.347844,0.9216,96.0,159.998959,63.998959,0,False
2,1,5,Fixed(600),work,600.0,B_max=2220,4094.313913,1370.862783,1466.8627826,1253.307063,0.9142,96.0,158.94353819999998,62.943538,0,False
2,1,5,Skip(600),skip,600.0,N=42,4094.313913,1370.862783,1466.8627826,808.599526,0.5898,48.0,569.0556892000001,521.055689,0,False
2,1,5,Guard(1200),work,1200.0,B_max=5220,4094.313913,1970.862783,2066.8627825999997,1854.810575,0.9411,96.0,158.3366656,62.336666,0,False
2,1,5,Guard-queue(1200),work,1200.0,B_max=5220,4094.313913,1970.862783,2066.8627825999997,1854.810575,0.9411,96.0,158.3366656,62.336666,0,False
2,1,5,Guard-fixed(1200),work,1200.0,B_max=5220,4094.313913,1970.862783,2066.8627825999997,1319.999899,0.6698,96.0,695.9103124,599.910312,0,False
2,1,5,Guard-age(1200),work,1200.0,B_max=5220,4094.313913,1970.862783,2066.8627825999997,1840.553799,0.9339,96.0,153.3048336,57.304834,0,False
2,1,5,Fixed(1200),work,1200.0,B_max=5220,4094.313913,1970.862783,2066.8627825999997,1840.527821,0.9339,96.0,167.37639240000001,71.376392,0,False
2,1,5,Skip(1200),skip,1200.0,N=92,4094.313913,1970.862783,2066.8627825999997,810.712096,0.4113,48.0,1091.0480877999998,1043.048088,0,False
2,2,4,FCFS,fcfs,0.0,,4578.356237,1189.589059,1189.58905925,1130.63053,0.9504,0.0,32.62737175,32.627372,0,False
2,2,4,Guard(300),work,300.0,B_max=600,4578.356237,1399.589059,1489.58905925,1280.691033,0.915,90.0,137.20072725,47.200727,0,False
2,2,4,Guard-age(300),work,300.0,B_max=600,4578.356237,1399.589059,1489.58905925,1280.691033,0.915,90.0,137.20072725,47.200727,0,False
2,2,4,Guard-fixed(300),work,300.0,B_max=600,4578.356237,1399.589059,1489.58905925,1213.155692,0.8668,90.0,206.53531325,116.535313,0,False
2,2,4,Guard-queue(300),work,300.0,B_max=600,4578.356237,1399.589059,1489.58905925,1280.687873,0.915,90.0,137.924759,47.924759,0,False
2,2,4,Fixed(300),work,300.0,B_max=600,4578.356237,1399.589059,1489.58905925,1280.674479,0.915,90.0,137.925544,47.925544,0,False
2,2,4,Skip(300),skip,300.0,N=14,4578.356237,1399.589059,1489.58905925,1131.866286,0.8087,45.0,264.609893,219.609893,0,False
2,2,4,Guard(600),work,600.0,B_max=1800,4578.356237,1699.589059,1789.58905925,1579.655438,0.9294,90.0,139.35382475,49.353825,0,False
2,2,4,Guard-age(600),work,600.0,B_max=1800,4578.356237,1699.589059,1789.58905925,1579.655438,0.9294,90.0,139.35382475,49.353825,0,False
2,2,4,Guard-fixed(600),work,600.0,B_max=1800,4578.356237,1699.589059,1789.58905925,1381.364852,0.8128,90.0,342.30246425,252.302464,0,False
2,2,4,Guard-queue(600),work,600.0,B_max=1800,4578.356237,1699.589059,1789.58905925,1579.782049,0.9295,90.0,139.41151175,49.411512,0,False
2,2,4,Fixed(600),work,600.0,B_max=1800,4578.356237,1699.589059,1789.58905925,1582.142708,0.9309,90.0,136.7904035,46.790403,0,False
2,2,4,Skip(600),skip,600.0,N=34,4578.356237,1699.589059,1789.58905925,1132.987968,0.6666,45.0,541.907176,496.907176,0,False
2,2,4,Guard(1200),work,1200.0,B_max=4200,4578.356237,2299.589059,2389.58905925,2180.887619,0.9484,90.0,147.72507825,57.725078,0,False
2,2,4,Guard-queue(1200),work,1200.0,B_max=4200,4578.356237,2299.589059,2389.58905925,2180.887619,0.9484,90.0,147.72507825,57.725078,0,False
2,2,4,Guard-fixed(1200),work,1200.0,B_max=4200,4578.356237,2299.589059,2389.58905925,1637.861895,0.7122,90.0,678.89544775,588.895448,0,False
2,2,4,Guard-age(1200),work,1200.0,B_max=4200,4578.356237,2299.589059,2389.58905925,2175.721821,0.9461,90.0,138.839891,48.839891,0,False
2,2,4,Fixed(1200),work,1200.0,B_max=4200,4578.356237,2299.589059,2389.58905925,2175.707514,0.9461,90.0,147.72488925,57.724889,0,False
2,2,4,Skip(1200),skip,1200.0,N=74,4578.356237,2299.589059,2389.58905925,1135.275402,0.4937,45.0,1084.804672,1039.804672,0,False
3,0,8,FCFS,fcfs,0.0,,3167.183465,448.397933,448.397933125,392.775066,0.876,0.0,42.29602075,42.296021,0,False
3,0,8,Guard(300),work,300.0,B_max=1080,3167.183465,643.397933,748.397933125,530.174465,0.824,105.0,184.055621,79.055621,0,False
3,0,8,Guard-age(300),work,300.0,B_max=1080,3167.183465,643.397933,748.397933125,530.174465,0.824,105.0,184.055621,79.055621,0,False
3,0,8,Guard-fixed(300),work,300.0,B_max=1080,3167.183465,643.397933,748.397933125,462.149683,0.7183,105.0,234.327149875,129.32715,0,False
3,0,8,Guard-queue(300),work,300.0,B_max=1080,3167.183465,643.397933,748.397933125,531.826391,0.8266,105.0,188.85208825,83.852088,0,False
3,0,8,Fixed(300),work,300.0,B_max=1080,3167.183465,643.397933,748.397933125,530.148747,0.824,105.0,184.3165205,79.31652,0,False
3,0,8,Skip(300),skip,300.0,N=26,3167.183465,643.397933,748.397933125,393.525931,0.6116,52.5,294.951106875,242.451107,0,False
3,0,8,Guard(600),work,600.0,B_max=3480,3167.183465,943.397933,1048.397933125,786.069527,0.8332,105.0,189.111783375,84.111783,0,False
3,0,8,Guard-age(600),work,600.0,B_max=3480,3167.183465,943.397933,1048.397933125,786.069527,0.8332,105.0,189.111783375,84.111783,0,False
3,0,8,Guard-fixed(600),work,600.0,B_max=3480,3167.183465,943.397933,1048.397933125,640.705554,0.6791,105.0,376.67419475,271.674195,0,False
3,0,8,Guard-queue(600),work,600.0,B_max=3480,3167.183465,943.397933,1048.397933125,785.739442,0.8329,105.0,183.394006875,78.394007,0,False
3,0,8,Fixed(600),work,600.0,B_max=3480,3167.183465,943.397933,1048.397933125,741.386543,0.7859,105.0,191.14149625,86.141496,0,False
3,0,8,Skip(600),skip,600.0,N=66,3167.183465,943.397933,1048.397933125,394.580519,0.4183,52.5,582.0989295,529.59893,0,False
3,0,8,Guard(1200),work,1200.0,B_max=8280,3167.183465,1543.397933,1648.397933125,831.697826,0.5389,105.0,717.410302875,612.410303,0,False
3,0,8,Guard-queue(1200),work,1200.0,B_max=8280,3167.183465,1543.397933,1648.397933125,831.697826,0.5389,105.0,717.410302875,612.410303,0,False
3,0,8,Guard-fixed(1200),work,1200.0,B_max=8280,3167.183465,1543.397933,1648.397933125,824.945465,0.5345,105.0,712.2069215,607.206922,0,False
3,0,8,Guard-age(1200),work,1200.0,B_max=8280,3167.183465,1543.397933,1648.397933125,974.351573,0.6313,105.0,422.43960275,317.439603,0,False
3,0,8,Fixed(1200),work,1200.0,B_max=8280,3167.183465,1543.397933,1648.397933125,1078.505911,0.6988,105.0,322.6372775,217.637277,0,False
3,0,8,Skip(1200),skip,1200.0,N=146,3167.183465,1543.397933,1648.397933125,396.598997,0.257,52.5,1150.4408955,1097.940895,0,False
3,1,5,FCFS,fcfs,0.0,,4137.641192,875.528238,875.5282384,825.00088,0.9423,0.0,36.655574,36.655574,0,False
3,1,5,Guard(300),work,300.0,B_max=720,4137.641192,1079.528238,1175.5282384000002,965.742458,0.8946,96.0,142.335114,46.335114,0,False
3,1,5,Guard-age(300),work,300.0,B_max=720,4137.641192,1079.528238,1175.5282384000002,965.742458,0.8946,96.0,142.335114,46.335114,0,False
3,1,5,Guard-fixed(300),work,300.0,B_max=720,4137.641192,1079.528238,1175.5282384000002,906.919104,0.8401,96.0,214.87445259999998,118.874453,0,False
3,1,5,Guard-queue(300),work,300.0,B_max=720,4137.641192,1079.528238,1175.5282384000002,965.718056,0.8946,96.0,142.335032,46.335032,0,False
3,1,5,Fixed(300),work,300.0,B_max=720,4137.641192,1079.528238,1175.5282384000002,965.791263,0.8946,96.0,142.335032,46.335032,0,False
3,1,5,Skip(300),skip,300.0,N=17,4137.641192,1079.528238,1175.5282384000002,825.752489,0.7649,48.0,291.566173,243.566173,0,False
3,1,5,Guard(600),work,600.0,B_max=2220,4137.641192,1379.528238,1475.5282384000002,1269.42292,0.9202,96.0,142.4859884,46.485988,0,False
3,1,5,Guard-age(600),work,600.0,B_max=2220,4137.641192,1379.528238,1475.5282384000002,1269.42292,0.9202,96.0,142.4859884,46.485988,0,False
3,1,5,Guard-fixed(600),work,600.0,B_max=2220,4137.641192,1379.528238,1475.5282384000002,1067.027,0.7735,96.0,355.3748858,259.374886,0,False
3,1,5,Guard-queue(600),work,600.0,B_max=2220,4137.641192,1379.528238,1475.5282384000002,1266.809466,0.9183,96.0,142.4835664,46.483566,0,False
3,1,5,Fixed(600),work,600.0,B_max=2220,4137.641192,1379.528238,1475.5282384000002,1263.996251,0.9163,96.0,142.498029,46.498029,0,False
3,1,5,Skip(600),skip,600.0,N=42,4137.641192,1379.528238,1475.5282384000002,826.875013,0.5994,48.0,579.0752702000001,531.07527,0,False
3,1,5,Guard(1200),work,1200.0,B_max=5220,4137.641192,1979.528238,2075.5282384,1867.537041,0.9434,96.0,158.05874780000002,62.058748,0,False
3,1,5,Guard-queue(1200),work,1200.0,B_max=5220,4137.641192,1979.528238,2075.5282384,1867.537041,0.9434,96.0,158.05874780000002,62.058748,0,False
3,1,5,Guard-fixed(1200),work,1200.0,B_max=5220,4137.641192,1979.528238,2075.5282384,1333.039301,0.6734,96.0,699.8467817999999,603.846782,0,False
3,1,5,Guard-age(1200),work,1200.0,B_max=5220,4137.641192,1979.528238,2075.5282384,1863.805516,0.9415,96.0,157.7789304,61.77893,0,False
3,1,5,Fixed(1200),work,1200.0,B_max=5220,4137.641192,1979.528238,2075.5282384,1875.493043,0.9474,96.0,167.06625319999998,71.066253,0,False
3,1,5,Skip(1200),skip,1200.0,N=92,4137.641192,1979.528238,2075.5282384,828.971789,0.4188,48.0,1088.1515325999999,1040.151533,0,False
3,2,4,FCFS,fcfs,0.0,,4737.13783,1229.284457,1229.2844575,1177.133035,0.9576,0.0,34.80662775,34.806628,0,False
3,2,4,Guard(300),work,300.0,B_max=600,4737.13783,1439.284457,1529.2844575,1328.389511,0.923,90.0,134.005647,44.005647,0,False
3,2,4,Guard-age(300),work,300.0,B_max=600,4737.13783,1439.284457,1529.2844575,1328.389511,0.923,90.0,134.005647,44.005647,0,False
3,2,4,Guard-fixed(300),work,300.0,B_max=600,4737.13783,1439.284457,1529.2844575,1260.726749,0.8759,90.0,200.80301025,110.80301,0,False
3,2,4,Guard-queue(300),work,300.0,B_max=600,4737.13783,1439.284457,1529.2844575,1328.400613,0.923,90.0,134.83275,44.83275,0,False
3,2,4,Fixed(300),work,300.0,B_max=600,4737.13783,1439.284457,1529.2844575,1328.359058,0.9229,90.0,134.004822,44.004822,0,False
3,2,4,Skip(300),skip,300.0,N=14,4737.13783,1439.284457,1529.2844575,1177.881387,0.8184,45.0,263.719168,218.719168,0,False
3,2,4,Guard(600),work,600.0,B_max=1800,4737.13783,1739.284457,1829.2844575,1628.32613,0.9362,90.0,137.198441,47.198441,0,False
3,2,4,Guard-age(600),work,600.0,B_max=1800,4737.13783,1739.284457,1829.2844575,1628.32613,0.9362,90.0,137.198441,47.198441,0,False
3,2,4,Guard-fixed(600),work,600.0,B_max=1800,4737.13783,1739.284457,1829.2844575,1423.562721,0.8185,90.0,339.4566,249.4566,0,False
3,2,4,Guard-queue(600),work,600.0,B_max=1800,4737.13783,1739.284457,1829.2844575,1628.361701,0.9362,90.0,136.102776,46.102776,0,False
3,2,4,Fixed(600),work,600.0,B_max=1800,4737.13783,1739.284457,1829.2844575,1628.386991,0.9362,90.0,137.62647425,47.626474,0,False
3,2,4,Skip(600),skip,600.0,N=34,4737.13783,1739.284457,1829.2844575,1178.925564,0.6778,45.0,560.31706525,515.317065,0,False
3,2,4,Guard(1200),work,1200.0,B_max=4200,4737.13783,2339.284457,2429.2844575,2235.029975,0.9554,90.0,142.79063725,52.790637,0,False
3,2,4,Guard-queue(1200),work,1200.0,B_max=4200,4737.13783,2339.284457,2429.2844575,2235.029975,0.9554,90.0,142.79063725,52.790637,0,False
3,2,4,Guard-fixed(1200),work,1200.0,B_max=4200,4737.13783,2339.284457,2429.2844575,1685.756089,0.7206,90.0,678.78083025,588.78083,0,False
3,2,4,Guard-age(1200),work,1200.0,B_max=4200,4737.13783,2339.284457,2429.2844575,2228.28225,0.9525,90.0,138.93311175,48.933112,0,False
3,2,4,Fixed(1200),work,1200.0,B_max=4200,4737.13783,2339.284457,2429.2844575,2234.880265,0.9554,90.0,138.95341575,48.953416,0,False
3,2,4,Skip(1200),skip,1200.0,N=74,4737.13783,2339.284457,2429.2844575,1181.295904,0.505,45.0,1084.36871425,1039.368714,0,False
4,0,7,FCFS,fcfs,0.0,,3548.439482,558.348497,558.3484974285715,491.724592,0.8807,0.0,39.538082571428575,39.538083,0,False
4,0,7,Guard(300),work,300.0,B_max=960,3548.439482,755.491355,858.3484974285715,630.671557,0.8348,102.857143,176.09490085714287,73.237758,0,False
4,0,7,Guard-age(300),work,300.0,B_max=960,3548.439482,755.491355,858.3484974285715,630.671557,0.8348,102.857143,176.09490085714287,73.237758,0,False
4,0,7,Guard-fixed(300),work,300.0,B_max=960,3548.439482,755.491355,858.3484974285715,589.57112,0.7804,102.857143,223.2981612857143,120.441018,0,False
4,0,7,Guard-queue(300),work,300.0,B_max=960,3548.439482,755.491355,858.3484974285715,628.835453,0.8324,102.857143,173.9491687142857,71.092026,0,False
4,0,7,Fixed(300),work,300.0,B_max=960,3548.439482,755.491355,858.3484974285715,630.485939,0.8345,102.857143,176.11107585714288,73.253933,0,False
4,0,7,Skip(300),skip,300.0,N=23,3548.439482,755.491355,858.3484974285715,492.476856,0.6519,51.428571,289.44989728571426,238.021326,0,False
4,0,7,Guard(600),work,600.0,B_max=3060,3548.439482,1055.491355,1158.3484974285714,935.114927,0.886,102.857143,181.214879,78.357736,0,False
4,0,7,Guard-age(600),work,600.0,B_max=3060,3548.439482,1055.491355,1158.3484974285714,935.114927,0.886,102.857143,181.214879,78.357736,0,False
4,0,7,Guard-fixed(600),work,600.0,B_max=3060,3548.439482,1055.491355,1158.3484974285714,742.483399,0.7034,102.857143,368.75048714285714,265.893344,0,False
4,0,7,Guard-queue(600),work,600.0,B_max=3060,3548.439482,1055.491355,1158.3484974285714,931.025844,0.8821,102.857143,174.15571914285712,71.298576,0,False
4,0,7,Fixed(600),work,600.0,B_max=3060,3548.439482,1055.491355,1158.3484974285714,931.576008,0.8826,102.857143,177.19459114285712,74.337448,0,False
4,0,7,Skip(600),skip,600.0,N=58,3548.439482,1055.491355,1158.3484974285714,493.60079,0.4677,51.428571,551.2981742857143,499.869603,0,False
4,0,7,Guard(1200),work,1200.0,B_max=7260,3548.439482,1655.491355,1758.3484974285714,1142.571393,0.6902,102.857143,464.46509028571427,361.607947,0,False
4,0,7,Guard-queue(1200),work,1200.0,B_max=7260,3548.439482,1655.491355,1758.3484974285714,1142.571393,0.6902,102.857143,464.46509028571427,361.607947,0,False
4,0,7,Guard-fixed(1200),work,1200.0,B_max=7260,3548.439482,1655.491355,1758.3484974285714,945.292399,0.571,102.857143,713.0686441428572,610.211501,0,False
4,0,7,Guard-age(1200),work,1200.0,B_max=7260,3548.439482,1655.491355,1758.3484974285714,1234.048096,0.7454,102.857143,224.91878742857142,122.061645,0,False
4,0,7,Fixed(1200),work,1200.0,B_max=7260,3548.439482,1655.491355,1758.3484974285714,1248.138619,0.7539,102.857143,192.25079457142857,89.393652,0,False
4,0,7,Skip(1200),skip,1200.0,N=128,3548.439482,1655.491355,1758.3484974285714,495.636255,0.2994,51.428571,1149.6978731428571,1098.269302,0,False
4,1,5,FCFS,fcfs,0.0,,4159.796596,879.959319,879.9593192000001,830.141863,0.9434,0.0,37.200008,37.200008,0,False
4,1,5,Guard(300),work,300.0,B_max=720,4159.796596,1083.959319,1179.9593192,978.673631,0.9029,96.0,145.7965838,49.796584,0,False
4,1,5,Guard-age(300),work,300.0,B_max=720,4159.796596,1083.959319,1179.9593192,978.673631,0.9029,96.0,145.7965838,49.796584,0,False
4,1,5,Guard-fixed(300),work,300.0,B_max=720,4159.796596,1083.959319,1179.9593192,925.110666,0.8535,96.0,207.65335280000002,111.653353,0,False
4,1,5,Guard-queue(300),work,300.0,B_max=720,4159.796596,1083.959319,1179.9593192,976.939265,0.9013,96.0,145.7966728,49.796673,0,False
4,1,5,Fixed(300),work,300.0,B_max=720,4159.796596,1083.959319,1179.9593192,977.220495,0.9015,96.0,145.7969678,49.796968,0,False
4,1,5,Skip(300),skip,300.0,N=17,4159.796596,1083.959319,1179.9593192,831.192152,0.7668,48.0,289.16765239999995,241.167652,0,False
4,1,5,Guard(600),work,600.0,B_max=2220,4159.796596,1383.959319,1479.9593192,1280.431768,0.9252,96.0,150.5488642,54.548864,0,False
4,1,5,Guard-age(600),work,600.0,B_max=2220,4159.796596,1383.959319,1479.9593192,1280.431768,0.9252,96.0,150.5488642,54.548864,0,False
4,1,5,Guard-fixed(600),work,600.0,B_max=2220,4159.796596,1383.959319,1479.9593192,1075.071586,0.7768,96.0,345.30055880000003,249.300559,0,False
4,1,5,Guard-queue(600),work,600.0,B_max=2220,4159.796596,1383.959319,1479.9593192,1280.431751,0.9252,96.0,150.5485472,54.548547,0,False
4,1,5,Fixed(600),work,600.0,B_max=2220,4159.796596,1383.959319,1479.9593192,1289.047676,0.9314,96.0,150.7050162,54.705016,0,False
4,1,5,Skip(600),skip,600.0,N=42,4159.796596,1383.959319,1479.9593192,832.337084,0.6014,48.0,568.767769,520.767769,0,False
4,1,5,Guard(1200),work,1200.0,B_max=5220,4159.796596,1983.959319,2079.9593192,1864.076295,0.9396,96.0,146.5165352,50.516535,0,False
4,1,5,Guard-queue(1200),work,1200.0,B_max=5220,4159.796596,1983.959319,2079.9593192,1864.076295,0.9396,96.0,146.5165352,50.516535,0,False
4,1,5,Guard-fixed(1200),work,1200.0,B_max=5220,4159.796596,1983.959319,2079.9593192,1353.377386,0.6822,96.0,687.1831786,591.183179,0,False
4,1,5,Guard-age(1200),work,1200.0,B_max=5220,4159.796596,1983.959319,2079.9593192,1833.358437,0.9241,96.0,152.2914824,56.291482,0,False
4,1,5,Fixed(1200),work,1200.0,B_max=5220,4159.796596,1983.959319,2079.9593192,1833.265337,0.924,96.0,146.05026080000002,50.050261,0,False
4,1,5,Skip(1200),skip,1200.0,N=92,4159.796596,1983.959319,2079.9593192,834.303493,0.4205,48.0,1125.5795056,1077.579506,0,False
4,2,4,FCFS,fcfs,0.0,,4669.386906,1212.346726,1212.3467265,1167.225164,0.9628,0.0,32.5445555,32.544556,0,False
4,2,4,Guard(300),work,300.0,B_max=600,4669.386906,1422.346726,1512.3467265,1320.876152,0.9287,90.0,137.48770275,47.487703,0,False
4,2,4,Guard-age(300),work,300.0,B_max=600,4669.386906,1422.346726,1512.3467265,1320.876152,0.9287,90.0,137.48770275,47.487703,0,False
4,2,4,Guard-fixed(300),work,300.0,B_max=600,4669.386906,1422.346726,1512.3467265,1251.849014,0.8801,90.0,201.19874325,111.198743,0,False
4,2,4,Guard-queue(300),work,300.0,B_max=600,4669.386906,1422.346726,1512.3467265,1320.897438,0.9287,90.0,137.48487675,47.484877,0,False
4,2,4,Fixed(300),work,300.0,B_max=600,4669.386906,1422.346726,1512.3467265,1321.748872,0.9293,90.0,137.48438775,47.484388,0,False
4,2,4,Skip(300),skip,300.0,N=14,4669.386906,1422.346726,1512.3467265,1167.974991,0.8212,45.0,273.46359,228.46359,0,False
4,2,4,Guard(600),work,600.0,B_max=1800,4669.386906,1722.346726,1812.3467265,1609.272347,0.9343,90.0,136.64378075,46.643781,0,False
4,2,4,Guard-age(600),work,600.0,B_max=1800,4669.386906,1722.346726,1812.3467265,1609.272347,0.9343,90.0,136.64378075,46.643781,0,False
4,2,4,Guard-fixed(600),work,600.0,B_max=1800,4669.386906,1722.346726,1812.3467265,1420.503011,0.8247,90.0,342.61606,252.61606,0,False
4,2,4,Guard-queue(600),work,600.0,B_max=1800,4669.386906,1722.346726,1812.3467265,1609.213686,0.9343,90.0,136.67418175,46.674182,0,False
4,2,4,Fixed(600),work,600.0,B_max=1800,4669.386906,1722.346726,1812.3467265,1612.103759,0.936,90.0,136.28745475,46.287455,0,False
4,2,4,Skip(600),skip,600.0,N=34,4669.386906,1722.346726,1812.3467265,1169.151339,0.6788,45.0,532.793089,487.793089,0,False
4,2,4,Guard(1200),work,1200.0,B_max=4200,4669.386906,2322.346726,2412.3467265,2221.230397,0.9565,90.0,134.61612275,44.616123,0,False
4,2,4,Guard-queue(1200),work,1200.0,B_max=4200,4669.386906,2322.346726,2412.3467265,2221.230397,0.9565,90.0,134.61612275,44.616123,0,False
4,2,4,Guard-fixed(1200),work,1200.0,B_max=4200,4669.386906,2322.346726,2412.3467265,1666.878856,0.7178,90.0,677.43156025,587.43156,0,False
4,2,4,Guard-age(1200),work,1200.0,B_max=4200,4669.386906,2322.346726,2412.3467265,2209.203107,0.9513,90.0,134.55700475,44.557005,0,False
4,2,4,Fixed(1200),work,1200.0,B_max=4200,4669.386906,2322.346726,2412.3467265,2209.237681,0.9513,90.0,134.73083975,44.73084,0,False
4,2,4,Skip(1200),skip,1200.0,N=74,4669.386906,2322.346726,2412.3467265,1171.237775,0.5043,45.0,1101.9196475,1056.919648,0,False
